order_id,order_date,ship_date,ship_mode,customer_name,segment,country,market,region,product_id,category,sub_category,sales,quantity,discount,profit,shipping_cost,order_priority,year
AG-2011-2040,2011-01-01,2011-01-06,Standard Class,Toby Braunhardt,Consumer,Algeria,Africa,Africa,OFF-TEN-10000025,Office Supplies,Storage,408,2,0,106.14,35.46,Medium,2011
IN-2011-47883,2011-01-01,2011-01-08,Standard Class,Joseph Holt,Consumer,Australia,APAC,Oceania,OFF-SU-10000618,Office Supplies,Supplies,120,3,0.1,36.04,9.72,Medium,2011
HU-2011-1220,2011-01-01,2011-01-05,Second Class,Annie Thurman,Consumer,Hungary,EMEA,EMEA,OFF-TEN-10001585,Office Supplies,Storage,66,4,0,29.64,8.17,High,2011
IT-2011-3647632,2011-01-01,2011-01-05,Second Class,Eugene Moren,Home Office,Sweden,EU,North,OFF-PA-10001492,Office Supplies,Paper,45,3,0.5,-26.06,4.82,High,2011
IN-2011-47883,2011-01-01,2011-01-08,Standard Class,Joseph Holt,Consumer,Australia,APAC,Oceania,FUR-FU-10003447,Furniture,Furnishings,114,5,0.1,37.77,4.7,Medium,2011
IN-2011-47883,2011-01-01,2011-01-08,Standard Class,Joseph Holt,Consumer,Australia,APAC,Oceania,OFF-PA-10001968,Office Supplies,Paper,55,2,0.1,15.34,1.8,Medium,2011
CA-2011-1510,2011-01-02,2011-01-06,Standard Class,Magdelene Morse,Consumer,Canada,Canada,Canada,TEC-OKI-10002750,Technology,Machines,314,1,0,3.12,24.1,Medium,2011
IN-2011-79397,2011-01-03,2011-01-03,Same Day,Kean Nguyen,Corporate,Australia,APAC,Oceania,OFF-AP-10000304,Office Supplies,Appliances,276,1,0.1,110.41,125.32,Critical,2011
ID-2011-80230,2011-01-03,2011-01-09,Standard Class,Ken Lonsdale,Consumer,New Zealand,APAC,Oceania,TEC-CO-10004182,Technology,Copiers,912,4,0.4,-319.46,107.1,Low,2011
IZ-2011-4680,2011-01-03,2011-01-07,Standard Class,Lindsay Williams,Corporate,Iraq,EMEA,EMEA,FUR-NOV-10002791,Furniture,Chairs,667,4,0,253.32,81.26,High,2011
IN-2011-65159,2011-01-03,2011-01-07,Second Class,Larry Blacks,Consumer,Philippines,APAC,Southeast Asia,OFF-ST-10003020,Office Supplies,Storage,338,3,0.45,-122.8,33.75,High,2011
IN-2011-65159,2011-01-03,2011-01-07,Second Class,Larry Blacks,Consumer,Philippines,APAC,Southeast Asia,FUR-TA-10002797,Furniture,Tables,211,1,0.55,-70.4,21.32,High,2011
ES-2011-4869686,2011-01-03,2011-01-07,Standard Class,Dorothy Dickinson,Consumer,United Kingdom,EU,North,FUR-BO-10000728,Furniture,Bookcases,854,7,0,290.43,12.56,Medium,2011
IN-2011-33652,2011-01-03,2011-01-09,Standard Class,Dennis Pardue,Home Office,Malaysia,APAC,Southeast Asia,TEC-CO-10000594,Technology,Copiers,193,1,0,50.13,10.4,Medium,2011
ID-2011-80230,2011-01-03,2011-01-09,Standard Class,Ken Lonsdale,Consumer,New Zealand,APAC,Oceania,FUR-CH-10000214,Furniture,Chairs,159,2,0.4,-95.68,10.07,Low,2011
MX-2011-160234,2011-01-03,2011-01-07,Standard Class,Stewart Visinsky,Consumer,Guatemala,LATAM,Central,TEC-PH-10002647,Technology,Phones,195,4,0,44.88,8.43,Medium,2011
IR-2011-770,2011-01-03,2011-01-07,Standard Class,Jas OCarroll,Consumer,Iran,EMEA,EMEA,OFF-BRE-10003081,Office Supplies,Appliances,123,2,0,42.9,8.41,Medium,2011
ID-2011-80230,2011-01-03,2011-01-09,Standard Class,Ken Lonsdale,Consumer,New Zealand,APAC,Oceania,TEC-AC-10002881,Technology,Accessories,69,2,0.4,3.42,8.34,Low,2011
ID-2011-80230,2011-01-03,2011-01-09,Standard Class,Ken Lonsdale,Consumer,New Zealand,APAC,Oceania,FUR-CH-10000666,Furniture,Chairs,69,2,0.4,-26.41,8.17,Low,2011
ID-2011-12596,2011-01-03,2011-01-08,Standard Class,Chris McAfee,Consumer,Thailand,APAC,Southeast Asia,OFF-ST-10002066,Office Supplies,Storage,135,2,0.47,-45.9,7.74,Medium,2011
IN-2011-79397,2011-01-03,2011-01-03,Same Day,Kean Nguyen,Corporate,Australia,APAC,Oceania,OFF-LA-10003396,Office Supplies,Labels,36,3,0.1,4.74,7.46,Critical,2011
IR-2011-7690,2011-01-03,2011-01-08,Second Class,Nat Gilpin,Corporate,Iran,EMEA,EMEA,OFF-BIC-10000582,Office Supplies,Art,52,1,0,7.77,5.91,High,2011
IR-2011-770,2011-01-03,2011-01-07,Standard Class,Jas OCarroll,Consumer,Iran,EMEA,EMEA,OFF-ROG-10004393,Office Supplies,Storage,62,2,0,8.7,5.16,Medium,2011
TZ-2011-7370,2011-01-03,2011-01-08,Standard Class,Jack Garza,Consumer,Tanzania,Africa,Africa,OFF-STI-10000388,Office Supplies,Supplies,81,4,0,26.76,5.11,Medium,2011
IZ-2011-4680,2011-01-03,2011-01-07,Standard Class,Lindsay Williams,Corporate,Iraq,EMEA,EMEA,OFF-CAM-10004338,Office Supplies,Envelopes,47,1,0,17.07,3.57,High,2011
IN-2011-65159,2011-01-03,2011-01-07,Second Class,Larry Blacks,Consumer,Philippines,APAC,Southeast Asia,OFF-FA-10002569,Office Supplies,Fasteners,6,1,0.45,0.55,0.8,High,2011
IR-2011-770,2011-01-03,2011-01-07,Standard Class,Jas OCarroll,Consumer,Iran,EMEA,EMEA,OFF-ADV-10000213,Office Supplies,Fasteners,17,1,0,4.17,0.54,Medium,2011
MX-2011-111255,2011-01-04,2011-01-09,Second Class,Russell Applegate,Consumer,Brazil,LATAM,South,FUR-BO-10001498,Furniture,Bookcases,1648,6,0,609.84,109.13,Medium,2011
MX-2011-140641,2011-01-04,2011-01-09,Standard Class,Maya Herman,Corporate,Mexico,LATAM,North,TEC-AC-10001082,Technology,Accessories,223,4,0,13.28,42.28,High,2011
MX-2011-158771,2011-01-04,2011-01-11,Standard Class,Beth Thompson,Home Office,Cuba,LATAM,Caribbean,OFF-EN-10000857,Office Supplies,Envelopes,186,6,0,3.6,16.39,Medium,2011
ES-2011-4939443,2011-01-04,2011-01-08,Standard Class,Arthur Prichep,Consumer,France,EU,Central,OFF-AR-10001546,Office Supplies,Art,140,3,0,20.88,10.78,Medium,2011
MX-2011-111255,2011-01-04,2011-01-09,Second Class,Russell Applegate,Consumer,Brazil,LATAM,South,OFF-SU-10003629,Office Supplies,Supplies,149,8,0,28.16,10.38,Medium,2011
MX-2011-140641,2011-01-04,2011-01-09,Standard Class,Maya Herman,Corporate,Mexico,LATAM,North,TEC-CO-10002998,Technology,Copiers,166,2,0,49.43,9.54,High,2011
US-2011-136007,2011-01-04,2011-01-11,Standard Class,Beth Thompson,Home Office,Brazil,LATAM,South,OFF-EN-10004956,Office Supplies,Envelopes,74,6,0.6,-107.86,7.04,Medium,2011
MX-2011-159373,2011-01-04,2011-01-08,Standard Class,Arthur Wiediger,Home Office,Cuba,LATAM,Caribbean,FUR-CH-10004827,Furniture,Chairs,38,1,0,6.88,4.25,Medium,2011
MX-2011-159373,2011-01-04,2011-01-08,Standard Class,Arthur Wiediger,Home Office,Cuba,LATAM,Caribbean,TEC-AC-10003081,Technology,Accessories,38,2,0,2.24,3.94,Medium,2011
MX-2011-159373,2011-01-04,2011-01-08,Standard Class,Arthur Wiediger,Home Office,Cuba,LATAM,Caribbean,OFF-EN-10002816,Office Supplies,Envelopes,39,3,0,7.68,3.51,Medium,2011
IT-2011-2942451,2011-01-04,2011-01-09,Standard Class,Grant Thornton,Corporate,United Kingdom,EU,North,OFF-AR-10002485,Office Supplies,Art,27,2,0.5,-21.9,2.11,Medium,2011
CA-2011-103800,2011-01-04,2011-01-08,Standard Class,Darren Powers,Consumer,United States,US,Central,OFF-PA-10000174,Office Supplies,Paper,16,2,0.2,5.55,1.82,High,2011
IN-2011-33036,2011-01-04,2011-01-08,Standard Class,Bradley Drucker,Consumer,Japan,APAC,North Asia,OFF-LA-10000784,Office Supplies,Labels,27,3,0,13.68,1.54,Medium,2011
IT-2011-2942451,2011-01-04,2011-01-09,Standard Class,Grant Thornton,Corporate,United Kingdom,EU,North,OFF-ST-10001426,Office Supplies,Storage,17,2,0.5,-1.05,0.9,Medium,2011
SU-2011-5190,2011-01-04,2011-01-08,Standard Class,Jasper Cacioppo,Consumer,Sudan,Africa,Africa,OFF-BOS-10004950,Office Supplies,Art,15,1,0,2.61,0.82,Medium,2011
SU-2011-5190,2011-01-04,2011-01-08,Standard Class,Jasper Cacioppo,Consumer,Sudan,Africa,Africa,OFF-AVE-10003279,Office Supplies,Binders,6,1,0,2.1,0.51,Medium,2011
MX-2011-109267,2011-01-05,2011-01-09,Standard Class,Jennifer Halladay,Consumer,Mexico,LATAM,North,OFF-AP-10004245,Office Supplies,Appliances,3029,8,0,999.36,191.2,Medium,2011
ES-2011-3848439,2011-01-05,2011-01-07,First Class,Michael Granlund,Home Office,France,EU,Central,OFF-AR-10001291,Office Supplies,Art,207,4,0,76.56,20.64,Medium,2011
ES-2011-3848439,2011-01-05,2011-01-07,First Class,Michael Granlund,Home Office,France,EU,Central,OFF-AR-10000833,Office Supplies,Art,90,3,0,20.52,15.27,Medium,2011
CA-2011-112326,2011-01-05,2011-01-09,Standard Class,Phillina Ober,Home Office,United States,US,Central,OFF-ST-10002743,Office Supplies,Storage,273,3,0.2,-64.77,13.59,High,2011
IN-2011-27681,2011-01-05,2011-01-11,Standard Class,Shaun Weien,Consumer,Taiwan,APAC,North Asia,FUR-FU-10000394,Furniture,Furnishings,49,1,0,22.92,5.82,Low,2011
CA-2011-112326,2011-01-05,2011-01-09,Standard Class,Phillina Ober,Home Office,United States,US,Central,OFF-LA-10003223,Office Supplies,Labels,12,3,0.2,4.27,0.99,High,2011
CA-2011-112326,2011-01-05,2011-01-09,Standard Class,Phillina Ober,Home Office,United States,US,Central,OFF-BI-10004094,Office Supplies,Binders,4,2,0.8,-5.49,0.55,High,2011
ES-2011-5496179,2011-01-06,2011-01-09,Second Class,Shahid Hopkins,Consumer,France,EU,Central,FUR-FU-10000468,Furniture,Furnishings,324,3,0,35.64,39.98,High,2011
IN-2011-29963,2011-01-06,2011-01-10,Standard Class,Brosina Hoffman,Consumer,Indonesia,APAC,Southeast Asia,OFF-ST-10000344,Office Supplies,Storage,50,3,0.17,6.01,6.2,High,2011
ID-2011-41632,2011-01-06,2011-01-13,Standard Class,Robert Dilbeck,Home Office,Vietnam,APAC,Southeast Asia,OFF-ST-10001631,Office Supplies,Storage,90,2,0.17,29.27,3.62,Medium,2011
IN-2011-29963,2011-01-06,2011-01-10,Standard Class,Brosina Hoffman,Consumer,Indonesia,APAC,Southeast Asia,OFF-FA-10000549,Office Supplies,Fasteners,41,7,0.47,-27.09,2.63,High,2011
ID-2011-41632,2011-01-06,2011-01-13,Standard Class,Robert Dilbeck,Home Office,Vietnam,APAC,Southeast Asia,OFF-PA-10003407,Office Supplies,Paper,39,3,0.17,11.59,2.45,Medium,2011
AO-2011-4910,2011-01-06,2011-01-11,Standard Class,Grace Kelly,Corporate,Angola,Africa,Africa,TEC-LOG-10003079,Technology,Accessories,28,1,0,12.72,2,Medium,2011
IN-2011-76107,2011-01-06,2011-01-10,Standard Class,Khloe Miller,Consumer,China,APAC,North Asia,OFF-EN-10002166,Office Supplies,Envelopes,31,1,0,13.11,1.96,High,2011
CA-2011-141817,2011-01-06,2011-01-13,Standard Class,Mick Brown,Consumer,United States,US,East,OFF-AR-10003478,Office Supplies,Art,20,3,0.2,4.88,1.85,Low,2011
CA-2011-167199,2011-01-07,2011-01-11,Standard Class,Maria Etezadi,Home Office,United States,US,South,FUR-CH-10004063,Furniture,Chairs,2574,9,0,746.41,258.99,High,2011
CA-2011-167199,2011-01-07,2011-01-11,Standard Class,Maria Etezadi,Home Office,United States,US,South,OFF-BI-10004632,Office Supplies,Binders,610,2,0,274.49,88.07,High,2011
CA-2011-167199,2011-01-07,2011-01-11,Standard Class,Maria Etezadi,Home Office,United States,US,South,TEC-PH-10004977,Technology,Phones,392,2,0,113.67,62.37,High,2011
MZ-2011-1260,2011-01-07,2011-01-10,First Class,Stewart Visinsky,Consumer,Mozambique,Africa,Africa,OFF-ELD-10001694,Office Supplies,Storage,256,2,0,46.02,52.46,High,2011
ID-2011-58670,2011-01-07,2011-01-11,Standard Class,Maribeth Schnelling,Consumer,Philippines,APAC,Southeast Asia,TEC-MA-10000868,Technology,Machines,445,7,0.25,-136.71,46.97,High,2011
ID-2011-58670,2011-01-07,2011-01-11,Standard Class,Maribeth Schnelling,Consumer,Philippines,APAC,Southeast Asia,TEC-AC-10003413,Technology,Accessories,274,2,0.45,-44.84,42.19,High,2011
ES-2011-5433855,2011-01-07,2011-01-08,First Class,Dave Poirier,Corporate,France,EU,Central,OFF-ST-10004855,Office Supplies,Storage,716,4,0.1,143.16,32.46,Medium,2011
ID-2011-58670,2011-01-07,2011-01-11,Standard Class,Maribeth Schnelling,Consumer,Philippines,APAC,Southeast Asia,TEC-MA-10004482,Technology,Machines,388,3,0.25,25.81,26.2,High,2011
LE-2011-9590,2011-01-07,2011-01-11,Standard Class,Harry Marie,Corporate,Lebanon,EMEA,EMEA,TEC-HP -10000464,Technology,Copiers,174,1,0,71.46,23.84,High,2011
CA-2011-167199,2011-01-07,2011-01-11,Standard Class,Maria Etezadi,Home Office,United States,US,South,TEC-PH-10004539,Technology,Phones,756,4,0,204.11,13.82,High,2011
MZ-2011-1260,2011-01-07,2011-01-10,First Class,Stewart Visinsky,Consumer,Mozambique,Africa,Africa,OFF-STA-10004885,Office Supplies,Art,45,1,0,8.49,13.7,High,2011
ES-2011-5433855,2011-01-07,2011-01-08,First Class,Dave Poirier,Corporate,France,EU,Central,OFF-FA-10002071,Office Supplies,Fasteners,33,3,0,2.25,9.73,Medium,2011
ES-2011-5433855,2011-01-07,2011-01-08,First Class,Dave Poirier,Corporate,France,EU,Central,FUR-BO-10000265,Furniture,Bookcases,155,1,0.1,36.23,5.72,Medium,2011
CA-2011-130813,2011-01-07,2011-01-09,Second Class,Lycoris Saunders,Consumer,United States,US,West,OFF-PA-10002005,Office Supplies,Paper,19,3,0,9.33,4.37,High,2011
AG-2011-7230,2011-01-07,2011-01-11,Standard Class,Alyssa Crouse,Corporate,Algeria,Africa,Africa,OFF-STA-10000244,Office Supplies,Art,91,2,0,14.58,4.36,Medium,2011
MX-2011-135629,2011-01-07,2011-01-07,Same Day,Dorothy Dickinson,Consumer,Brazil,LATAM,South,OFF-FA-10001871,Office Supplies,Fasteners,43,4,0,6,3.94,High,2011
MX-2011-135629,2011-01-07,2011-01-07,Same Day,Dorothy Dickinson,Consumer,Brazil,LATAM,South,OFF-BI-10000136,Office Supplies,Binders,19,3,0,2.4,3.69,High,2011
CA-2011-106054,2011-01-07,2011-01-08,First Class,Jack OBriant,Corporate,United States,US,South,OFF-AR-10002399,Office Supplies,Art,13,3,0,5.24,3.51,Critical,2011
ID-2011-58670,2011-01-07,2011-01-11,Standard Class,Maribeth Schnelling,Consumer,Philippines,APAC,Southeast Asia,OFF-AR-10003684,Office Supplies,Art,27,1,0.45,-4.49,3.21,High,2011
LE-2011-9590,2011-01-07,2011-01-11,Standard Class,Harry Marie,Corporate,Lebanon,EMEA,EMEA,FUR-ADV-10000847,Furniture,Furnishings,26,1,0,7.38,2.88,High,2011
CA-2011-167199,2011-01-07,2011-01-11,Standard Class,Maria Etezadi,Home Office,United States,US,South,OFF-FA-10001883,Office Supplies,Fasteners,31,4,0,0.31,2.19,High,2011
CA-2011-167199,2011-01-07,2011-01-11,Standard Class,Maria Etezadi,Home Office,United States,US,South,OFF-PA-10000955,Office Supplies,Paper,7,1,0,3.01,1.13,High,2011
ID-2011-28752,2011-01-07,2011-01-12,Standard Class,Adam Bellavance,Home Office,Singapore,APAC,Southeast Asia,OFF-LA-10002875,Office Supplies,Labels,18,2,0,5.46,0.89,Medium,2011
CA-2011-167199,2011-01-07,2011-01-11,Standard Class,Maria Etezadi,Home Office,United States,US,South,OFF-AR-10001662,Office Supplies,Art,5,2,0,1.48,0.52,High,2011
IT-2011-5134922,2011-01-07,2011-01-10,First Class,Joy Smith,Consumer,Netherlands,EU,Central,OFF-AR-10000316,Office Supplies,Art,5,1,0.5,-0.11,0.28,Medium,2011
AO-2011-1670,2011-01-08,2011-01-13,Standard Class,Henia Zydlo,Consumer,Angola,Africa,Africa,FUR-IKE-10001539,Furniture,Bookcases,2479,6,0,49.5,349.87,High,2011
IN-2011-19330,2011-01-08,2011-01-12,Second Class,Nicole Fjeld,Home Office,China,APAC,North Asia,TEC-MA-10002468,Technology,Machines,2174,7,0,260.82,275.52,Medium,2011
IT-2011-4546695,2011-01-08,2011-01-14,Standard Class,Darren Powers,Consumer,France,EU,Central,FUR-BO-10003103,Furniture,Bookcases,987,6,0.6,-1011.64,65.64,Medium,2011
MX-2011-121202,2011-01-08,2011-01-13,Second Class,Christopher Martinez,Consumer,Guatemala,LATAM,Central,OFF-ST-10002471,Office Supplies,Storage,397,3,0,182.52,33.67,Medium,2011
CA-2011-105417,2011-01-08,2011-01-13,Standard Class,Vivek Sundaresam,Consumer,United States,US,Central,FUR-FU-10004864,Furniture,Furnishings,77,3,0.6,-53.71,6.69,Medium,2011
MX-2011-121202,2011-01-08,2011-01-13,Second Class,Christopher Martinez,Consumer,Guatemala,LATAM,Central,OFF-BI-10002937,Office Supplies,Binders,50,7,0,20.3,5.66,Medium,2011
IT-2011-4546695,2011-01-08,2011-01-14,Standard Class,Darren Powers,Consumer,France,EU,Central,OFF-AR-10000110,Office Supplies,Art,116,5,0.5,-55.65,3.91,Medium,2011
NI-2011-4770,2011-01-08,2011-01-11,Second Class,Joe Elijah,Consumer,Nigeria,Africa,Africa,OFF-AVE-10000608,Office Supplies,Binders,5,2,0.7,-4.54,0.82,High,2011
CA-2011-105417,2011-01-08,2011-01-13,Standard Class,Vivek Sundaresam,Consumer,United States,US,Central,OFF-BI-10003708,Office Supplies,Binders,10,7,0.8,-18.25,0.63,Medium,2011
ID-2011-20814,2011-01-09,2011-01-13,Standard Class,Ed Braxton,Corporate,Indonesia,APAC,Southeast Asia,TEC-PH-10001730,Technology,Phones,240,2,0.17,-11.6,34.99,High,2011
IN-2011-69366,2011-01-09,2011-01-14,Standard Class,Alejandro Grove,Consumer,Vietnam,APAC,Southeast Asia,TEC-AC-10000354,Technology,Accessories,177,6,0.47,-156.68,17.09,Medium,2011
ID-2011-46483,2011-01-09,2011-01-13,Standard Class,Sample Company A,Home Office,Philippines,APAC,Southeast Asia,OFF-ST-10001342,Office Supplies,Storage,158,5,0.45,-2.98,10.08,High,2011
IN-2011-69366,2011-01-09,2011-01-14,Standard Class,Alejandro Grove,Consumer,Vietnam,APAC,Southeast Asia,TEC-PH-10003823,Technology,Phones,124,2,0.17,32.79,7.93,Medium,2011
ID-2011-46483,2011-01-09,2011-01-13,Standard Class,Sample Company A,Home Office,Philippines,APAC,Southeast Asia,OFF-FA-10000577,Office Supplies,Fasteners,52,7,0.45,4.59,5.55,High,2011
IN-2011-69366,2011-01-09,2011-01-14,Standard Class,Alejandro Grove,Consumer,Vietnam,APAC,Southeast Asia,OFF-LA-10000668,Office Supplies,Labels,45,5,0.17,17.89,3.31,Medium,2011
ID-2011-46483,2011-01-09,2011-01-13,Standard Class,Sample Company A,Home Office,Philippines,APAC,Southeast Asia,OFF-PA-10003405,Office Supplies,Paper,9,1,0.45,-1.72,0.69,High,2011
IN-2011-69366,2011-01-09,2011-01-14,Standard Class,Alejandro Grove,Consumer,Vietnam,APAC,Southeast Asia,OFF-BI-10003874,Office Supplies,Binders,10,2,0.17,0.07,0.25,Medium,2011
IN-2011-61302,2011-01-10,2011-01-11,First Class,Dan Lawera,Consumer,Australia,APAC,Oceania,TEC-PH-10004664,Technology,Phones,2875,5,0.1,511.1,665.27,Medium,2011
HU-2011-1380,2011-01-10,2011-01-10,Same Day,Elpida Rittenbach,Corporate,Hungary,EMEA,EMEA,FUR-IKE-10002894,Furniture,Bookcases,363,1,0,159.87,134.59,Critical,2011
HU-2011-1380,2011-01-10,2011-01-10,Same Day,Elpida Rittenbach,Corporate,Hungary,EMEA,EMEA,TEC-CAN-10004354,Technology,Copiers,589,4,0,276.6,114.15,Critical,2011
EG-2011-4260,2011-01-10,2011-01-12,Second Class,Sanjit Jacobs,Home Office,Egypt,Africa,Africa,FUR-CHR-10004803,Furniture,Tables,968,2,0,445.26,80.13,High,2011
HU-2011-1380,2011-01-10,2011-01-10,Same Day,Elpida Rittenbach,Corporate,Hungary,EMEA,EMEA,OFF-SAN-10003226,Office Supplies,Paper,142,6,0,63.9,67.79,Critical,2011
HU-2011-1380,2011-01-10,2011-01-10,Same Day,Elpida Rittenbach,Corporate,Hungary,EMEA,EMEA,OFF-SAN-10000874,Office Supplies,Art,155,6,0,54.18,58.32,Critical,2011
HU-2011-1380,2011-01-10,2011-01-10,Same Day,Elpida Rittenbach,Corporate,Hungary,EMEA,EMEA,TEC-EPS-10000774,Technology,Machines,156,2,0,23.4,52.91,Critical,2011
AG-2011-1070,2011-01-10,2011-01-15,Second Class,Tiffany House,Corporate,Algeria,Africa,Africa,OFF-HOO-10001783,Office Supplies,Appliances,309,1,0,61.71,31.41,Medium,2011
US-2011-101091,2011-01-10,2011-01-16,Standard Class,Jocasta Rupert,Consumer,Venezuela,LATAM,South,TEC-CO-10001818,Technology,Copiers,425,3,0.4,-278.79,26.72,Medium,2011
HU-2011-1380,2011-01-10,2011-01-10,Same Day,Elpida Rittenbach,Corporate,Hungary,EMEA,EMEA,OFF-EAT-10002068,Office Supplies,Paper,53,2,0,0,16.06,Critical,2011
IT-2011-3659171,2011-01-10,2011-01-14,Standard Class,Greg Guthrie,Corporate,United Kingdom,EU,North,OFF-ST-10004695,Office Supplies,Storage,206,3,0.5,-41.27,14.65,Medium,2011
HU-2011-1380,2011-01-10,2011-01-10,Same Day,Elpida Rittenbach,Corporate,Hungary,EMEA,EMEA,OFF-CAM-10001249,Office Supplies,Envelopes,42,1,0,1.65,13.08,Critical,2011
MX-2011-140697,2011-01-10,2011-01-15,Standard Class,Paul MacIntyre,Consumer,Mexico,LATAM,North,OFF-ST-10002251,Office Supplies,Storage,114,3,0,56.88,8.93,Medium,2011
IN-2011-13065,2011-01-10,2011-01-11,First Class,Patrick ODonnell,Consumer,China,APAC,North Asia,OFF-SU-10003559,Office Supplies,Supplies,26,2,0,5.4,5.86,High,2011
IN-2011-61302,2011-01-10,2011-01-11,First Class,Dan Lawera,Consumer,Australia,APAC,Oceania,OFF-LA-10000879,Office Supplies,Labels,30,4,0.1,12.1,5.54,Medium,2011
IN-2011-13065,2011-01-10,2011-01-11,First Class,Patrick ODonnell,Consumer,China,APAC,North Asia,OFF-BI-10002853,Office Supplies,Binders,34,3,0,16.11,5.26,High,2011
HU-2011-1380,2011-01-10,2011-01-10,Same Day,Elpida Rittenbach,Corporate,Hungary,EMEA,EMEA,TEC-STA-10000546,Technology,Machines,37,1,0,5.55,4.32,Critical,2011
IN-2011-61302,2011-01-10,2011-01-11,First Class,Dan Lawera,Consumer,Australia,APAC,Oceania,OFF-PA-10003731,Office Supplies,Paper,162,6,0.1,53.69,3.02,Medium,2011
HU-2011-1380,2011-01-10,2011-01-10,Same Day,Elpida Rittenbach,Corporate,Hungary,EMEA,EMEA,OFF-SAN-10001128,Office Supplies,Art,11,1,0,2.61,2.59,Critical,2011
HU-2011-1380,2011-01-10,2011-01-10,Same Day,Elpida Rittenbach,Corporate,Hungary,EMEA,EMEA,OFF-AVE-10000357,Office Supplies,Binders,11,1,0,2.4,2.03,Critical,2011
SF-2011-6400,2011-01-10,2011-01-14,Standard Class,Ricardo Sperren,Corporate,South Africa,Africa,Africa,OFF-ACC-10003422,Office Supplies,Binders,17,1,0,4.65,1.29,Medium,2011
CA-2011-135405,2011-01-10,2011-01-14,Standard Class,Melanie Seite,Consumer,United States,US,Central,TEC-AC-10001266,Technology,Accessories,31,3,0.2,9.75,1.13,Medium,2011
ID-2011-13660,2011-01-10,2011-01-15,Second Class,Brian Dahlen,Consumer,Thailand,APAC,Southeast Asia,OFF-FA-10003615,Office Supplies,Fasteners,12,3,0.47,-5.68,1.04,Medium,2011
MX-2011-140697,2011-01-10,2011-01-15,Standard Class,Paul MacIntyre,Consumer,Mexico,LATAM,North,OFF-SU-10003739,Office Supplies,Supplies,16,1,0,1.76,0.89,Medium,2011
CA-2011-135405,2011-01-10,2011-01-14,Standard Class,Melanie Seite,Consumer,United States,US,Central,OFF-AR-10004078,Office Supplies,Art,9,2,0.2,1.17,0.21,Medium,2011
ES-2011-5158390,2011-01-11,2011-01-11,Same Day,Roy Collins,Consumer,United Kingdom,EU,North,FUR-CH-10004255,Furniture,Chairs,1384,3,0,13.77,178.98,Medium,2011
US-2011-163874,2011-01-11,2011-01-12,First Class,Philip Fox,Consumer,Mexico,LATAM,North,OFF-ST-10003741,Office Supplies,Storage,1323,10,0,238,103.84,Medium,2011
US-2011-163874,2011-01-11,2011-01-12,First Class,Philip Fox,Consumer,Mexico,LATAM,North,FUR-BO-10002214,Furniture,Bookcases,452,5,0.2,-107.3,57.75,Medium,2011
IN-2011-39308,2011-01-11,2011-01-18,Standard Class,David Flashing,Consumer,Indonesia,APAC,Southeast Asia,TEC-PH-10002806,Technology,Phones,554,4,0.17,40.05,42.43,Medium,2011
IN-2011-79761,2011-01-11,2011-01-16,Standard Class,Steve Carroll,Home Office,Philippines,APAC,Southeast Asia,TEC-CO-10001895,Technology,Copiers,697,3,0.35,-343.1,40.16,Medium,2011
US-2011-163874,2011-01-11,2011-01-12,First Class,Philip Fox,Consumer,Mexico,LATAM,North,TEC-PH-10002755,Technology,Phones,245,5,0,88,39.11,Medium,2011
IN-2011-39308,2011-01-11,2011-01-18,Standard Class,David Flashing,Consumer,Indonesia,APAC,Southeast Asia,OFF-AR-10003613,Office Supplies,Art,334,9,0.27,13.47,23.56,Medium,2011
ES-2011-4359424,2011-01-11,2011-01-15,Standard Class,Dorothy Dickinson,Consumer,Spain,EU,South,FUR-TA-10001693,Furniture,Tables,268,2,0.6,-341.74,21.49,High,2011
ES-2011-5158390,2011-01-11,2011-01-11,Same Day,Roy Collins,Consumer,United Kingdom,EU,North,OFF-AR-10001599,Office Supplies,Art,103,2,0,19.5,20.54,Medium,2011
IN-2011-39308,2011-01-11,2011-01-18,Standard Class,David Flashing,Consumer,Indonesia,APAC,Southeast Asia,FUR-FU-10001096,Furniture,Furnishings,188,5,0.27,2.47,15.77,Medium,2011
IN-2011-29872,2011-01-11,2011-01-15,Standard Class,Dianna Vittorini,Consumer,India,APAC,Central Asia,FUR-FU-10001471,Furniture,Furnishings,142,3,0,52.38,15.62,High,2011
TU-2011-800,2011-01-11,2011-01-15,Standard Class,Chuck Sachs,Consumer,Turkey,EMEA,EMEA,FUR-SAF-10003540,Furniture,Bookcases,157,2,0.6,-117.72,12.45,High,2011
ID-2011-82589,2011-01-11,2011-01-15,Standard Class,Tanja Norvell,Home Office,New Zealand,APAC,Oceania,OFF-EN-10000128,Office Supplies,Envelopes,115,4,0.4,-47.83,10.52,Medium,2011
ES-2011-1466305,2011-01-11,2011-01-15,Standard Class,Mick Brown,Consumer,Austria,EU,Central,OFF-ST-10003446,Office Supplies,Storage,97,2,0,31.02,7.99,High,2011
IN-2011-79761,2011-01-11,2011-01-16,Standard Class,Steve Carroll,Home Office,Philippines,APAC,Southeast Asia,FUR-FU-10000256,Furniture,Furnishings,78,2,0.25,23.78,7.09,Medium,2011
US-2011-163874,2011-01-11,2011-01-12,First Class,Philip Fox,Consumer,Mexico,LATAM,North,OFF-AP-10000569,Office Supplies,Appliances,140,3,0,32.1,6.47,Medium,2011
ES-2011-1466305,2011-01-11,2011-01-15,Standard Class,Mick Brown,Consumer,Austria,EU,Central,OFF-AR-10004519,Office Supplies,Art,55,1,0,9.87,5.83,High,2011
CA-2011-149020,2011-01-11,2011-01-16,Standard Class,Anthony Jacobs,Corporate,United States,US,South,FUR-FU-10000965,Furniture,Furnishings,52,1,0,21.3,3.52,Medium,2011
ES-2011-4359424,2011-01-11,2011-01-15,Standard Class,Dorothy Dickinson,Consumer,Spain,EU,South,OFF-LA-10002733,Office Supplies,Labels,40,5,0,5.55,2.57,High,2011
ES-2011-1138719,2011-01-11,2011-01-16,Standard Class,Eric Murdock,Consumer,Italy,EU,South,OFF-BI-10001833,Office Supplies,Binders,22,3,0,6.75,1.09,Medium,2011
IN-2011-39308,2011-01-11,2011-01-18,Standard Class,David Flashing,Consumer,Indonesia,APAC,Southeast Asia,OFF-BI-10004334,Office Supplies,Binders,5,1,0.17,-0.01,0.3,Medium,2011
CA-2011-149020,2011-01-11,2011-01-16,Standard Class,Anthony Jacobs,Corporate,United States,US,South,OFF-LA-10004272,Office Supplies,Labels,3,1,0,1.36,0.22,Medium,2011
MX-2011-141530,2011-01-12,2011-01-17,Standard Class,Thomas Seio,Corporate,Mexico,LATAM,North,TEC-AC-10004743,Technology,Accessories,495,3,0,178.2,54.55,Medium,2011
MX-2011-141530,2011-01-12,2011-01-17,Standard Class,Thomas Seio,Corporate,Mexico,LATAM,North,TEC-CO-10003142,Technology,Copiers,385,3,0,68.65,38.19,Medium,2011
ES-2011-1460199,2011-01-12,2011-01-19,Standard Class,Roy Phan,Corporate,Germany,EU,Central,FUR-BO-10004080,Furniture,Bookcases,552,5,0.1,165.36,35.98,Medium,2011
ES-2011-1460199,2011-01-12,2011-01-19,Standard Class,Roy Phan,Corporate,Germany,EU,Central,TEC-MA-10003078,Technology,Machines,522,2,0,20.88,28.92,Medium,2011
ES-2011-4976144,2011-01-12,2011-01-17,Standard Class,Anthony Garverick,Home Office,United Kingdom,EU,North,FUR-CH-10000745,Furniture,Chairs,290,5,0,69.6,18.63,Medium,2011
ES-2011-5040255,2011-01-12,2011-01-15,First Class,Peter Bühler,Consumer,United Kingdom,EU,North,OFF-PA-10000450,Office Supplies,Paper,34,2,0.5,-6.15,7.31,Medium,2011
ES-2011-1460199,2011-01-12,2011-01-19,Standard Class,Roy Phan,Corporate,Germany,EU,Central,OFF-AR-10001599,Office Supplies,Art,257,5,0,48.75,7.28,Medium,2011
CA-2011-130092,2011-01-12,2011-01-15,First Class,Seth Vernon,Consumer,United States,US,East,FUR-FU-10000010,Furniture,Furnishings,10,2,0,3.08,2.69,Critical,2011
ES-2011-1460199,2011-01-12,2011-01-19,Standard Class,Roy Phan,Corporate,Germany,EU,Central,OFF-BI-10000081,Office Supplies,Binders,17,2,0,6.18,2.08,Medium,2011
NI-2011-1670,2011-01-12,2011-01-16,Standard Class,Shaun Chance,Corporate,Nigeria,Africa,Africa,OFF-FEL-10001792,Office Supplies,Storage,15,2,0.7,-22.46,1.27,Medium,2011
NI-2011-1670,2011-01-12,2011-01-16,Standard Class,Shaun Chance,Corporate,Nigeria,Africa,Africa,OFF-BIC-10000582,Office Supplies,Art,16,1,0.7,-28.52,1.27,Medium,2011
NI-2011-1670,2011-01-12,2011-01-16,Standard Class,Shaun Chance,Corporate,Nigeria,Africa,Africa,OFF-AVE-10000065,Office Supplies,Labels,13,4,0.7,-21.65,0.62,Medium,2011
NI-2011-1670,2011-01-12,2011-01-16,Standard Class,Shaun Chance,Corporate,Nigeria,Africa,Africa,OFF-KLE-10001317,Office Supplies,Supplies,5,1,0.7,-10.33,0.43,Medium,2011
NI-2011-1670,2011-01-12,2011-01-16,Standard Class,Shaun Chance,Corporate,Nigeria,Africa,Africa,OFF-ADV-10003030,Office Supplies,Fasteners,3,1,0.7,-6.48,0.25,Medium,2011
NI-2011-1670,2011-01-12,2011-01-16,Standard Class,Shaun Chance,Corporate,Nigeria,Africa,Africa,OFF-FEL-10003848,Office Supplies,Storage,17,1,0.7,-26.65,0.24,Medium,2011
EG-2011-4270,2011-01-13,2011-01-18,Standard Class,Roger Demir,Consumer,Egypt,Africa,Africa,OFF-SME-10004553,Office Supplies,Storage,794,4,0,134.88,76.6,Medium,2011
EG-2011-4270,2011-01-13,2011-01-18,Standard Class,Roger Demir,Consumer,Egypt,Africa,Africa,TEC-HP -10001574,Technology,Copiers,1200,4,0,479.88,55.62,Medium,2011
MX-2011-150567,2011-01-13,2011-01-17,Standard Class,Ben Wallace,Consumer,Mexico,LATAM,North,TEC-MA-10000560,Technology,Machines,201,1,0,100.62,31.78,High,2011
IT-2011-5340302,2011-01-13,2011-01-19,Standard Class,Greg Matthias,Consumer,Netherlands,EU,Central,OFF-ST-10002506,Office Supplies,Storage,198,2,0.5,-130.98,14.53,Medium,2011
EG-2011-4270,2011-01-13,2011-01-18,Standard Class,Roger Demir,Consumer,Egypt,Africa,Africa,OFF-FEL-10001343,Office Supplies,Storage,38,2,0,17.22,2.66,Medium,2011
US-2011-105760,2011-01-13,2011-01-17,Standard Class,James Lanier,Home Office,Venezuela,LATAM,South,OFF-SU-10001794,Office Supplies,Supplies,26,5,0.4,-8,2.2,High,2011
IT-2011-5951216,2011-01-13,2011-01-20,Standard Class,Stuart Calhoun,Consumer,Sweden,EU,North,OFF-AR-10004884,Office Supplies,Art,31,5,0.5,-13.65,2.16,Medium,2011
IT-2011-5340302,2011-01-13,2011-01-19,Standard Class,Greg Matthias,Consumer,Netherlands,EU,Central,OFF-PA-10002040,Office Supplies,Paper,50,2,0.5,-37.86,1.51,Medium,2011
IT-2011-5340302,2011-01-13,2011-01-19,Standard Class,Greg Matthias,Consumer,Netherlands,EU,Central,OFF-LA-10002353,Office Supplies,Labels,22,4,0.5,-12.3,1.29,Medium,2011
IN-2011-38349,2011-01-13,2011-01-17,Standard Class,Cari Sayre,Corporate,Australia,APAC,Oceania,OFF-LA-10002765,Office Supplies,Labels,16,2,0.1,0.33,0.72,Medium,2011
IT-2011-5340302,2011-01-13,2011-01-19,Standard Class,Greg Matthias,Consumer,Netherlands,EU,Central,OFF-BI-10001055,Office Supplies,Binders,9,3,0.5,-3.47,0.43,Medium,2011
CA-2011-157147,2011-01-14,2011-01-19,Standard Class,Brian Dahlen,Consumer,United States,US,West,OFF-ST-10000078,Office Supplies,Storage,1326,5,0,238.65,187.65,High,2011
CA-2011-162775,2011-01-14,2011-01-16,Second Class,Chris Selesnick,Corporate,United States,US,South,OFF-ST-10000025,Office Supplies,Storage,573,6,0,34.35,146.29,Critical,2011
CA-2011-162775,2011-01-14,2011-01-16,Second Class,Chris Selesnick,Corporate,United States,US,South,TEC-AC-10003174,Technology,Accessories,647,6,0,258.7,141.35,Critical,2011
ES-2011-1043483,2011-01-14,2011-01-19,Standard Class,Sharelle Roach,Home Office,Austria,EU,Central,TEC-MA-10002918,Technology,Machines,486,3,0,77.67,53.02,High,2011
CA-2011-109232,2011-01-14,2011-01-17,Second Class,Natalie DeCherney,Consumer,United States,US,South,FUR-CH-10000422,Furniture,Chairs,546,6,0,87.35,52.32,Medium,2011
ES-2011-1043483,2011-01-14,2011-01-19,Standard Class,Sharelle Roach,Home Office,Austria,EU,Central,TEC-PH-10003847,Technology,Phones,440,6,0,65.88,49.92,High,2011
CA-2011-157147,2011-01-14,2011-01-19,Standard Class,Brian Dahlen,Consumer,United States,US,West,FUR-BO-10003034,Furniture,Bookcases,334,3,0.15,3.93,40.44,High,2011
ES-2011-1043483,2011-01-14,2011-01-19,Standard Class,Sharelle Roach,Home Office,Austria,EU,Central,OFF-PA-10001650,Office Supplies,Paper,224,11,0,102.96,30.34,High,2011
MX-2011-135979,2011-01-14,2011-01-20,Standard Class,Bart Pistole,Corporate,Nicaragua,LATAM,Central,FUR-BO-10001295,Furniture,Bookcases,393,3,0,180.96,27.67,Medium,2011
MX-2011-168599,2011-01-14,2011-01-15,First Class,Ted Butterfield,Consumer,Mexico,LATAM,North,OFF-EN-10004870,Office Supplies,Envelopes,106,4,0,18.96,26.23,High,2011
SF-2011-7680,2011-01-14,2011-01-21,Standard Class,Steve Nguyen,Home Office,South Africa,Africa,Africa,OFF-SAN-10001128,Office Supplies,Art,136,12,0,31.32,23.89,Low,2011
CA-2011-162775,2011-01-14,2011-01-16,Second Class,Chris Selesnick,Corporate,United States,US,South,OFF-EN-10001532,Office Supplies,Envelopes,51,3,0,25.47,12.66,Critical,2011
MX-2011-135979,2011-01-14,2011-01-20,Standard Class,Bart Pistole,Corporate,Nicaragua,LATAM,Central,OFF-PA-10004155,Office Supplies,Paper,246,12,0,7.2,11.88,Medium,2011
TU-2011-4040,2011-01-14,2011-01-18,Standard Class,Bruce Degenhardt,Consumer,Turkey,EMEA,EMEA,OFF-FEL-10001261,Office Supplies,Storage,110,2,0.6,-54.97,11.53,Medium,2011
ID-2011-16453,2011-01-14,2011-01-21,Standard Class,Muhammed Yedwab,Corporate,Philippines,APAC,Southeast Asia,FUR-FU-10000944,Furniture,Furnishings,99,3,0.25,-23.74,9.71,Low,2011
ID-2011-16453,2011-01-14,2011-01-21,Standard Class,Muhammed Yedwab,Corporate,Philippines,APAC,Southeast Asia,OFF-ST-10004015,Office Supplies,Storage,80,3,0.45,5.74,9.43,Low,2011
MX-2011-135979,2011-01-14,2011-01-20,Standard Class,Bart Pistole,Corporate,Nicaragua,LATAM,Central,OFF-ST-10001326,Office Supplies,Storage,109,3,0,28.38,6.11,Medium,2011
TU-2011-4040,2011-01-14,2011-01-18,Standard Class,Bruce Degenhardt,Consumer,Turkey,EMEA,EMEA,OFF-SME-10004553,Office Supplies,Storage,79,1,0.6,-85.33,5.84,Medium,2011
TU-2011-4040,2011-01-14,2011-01-18,Standard Class,Bruce Degenhardt,Consumer,Turkey,EMEA,EMEA,OFF-ACM-10003278,Office Supplies,Supplies,74,4,0.6,-70.32,4.48,Medium,2011
MX-2011-135979,2011-01-14,2011-01-20,Standard Class,Bart Pistole,Corporate,Nicaragua,LATAM,Central,OFF-BI-10000185,Office Supplies,Binders,66,8,0,9.12,3.61,Medium,2011
CA-2011-157147,2011-01-14,2011-01-19,Standard Class,Brian Dahlen,Consumer,United States,US,West,OFF-AR-10003514,Office Supplies,Art,20,5,0,6.57,3.03,High,2011
CA-2011-162775,2011-01-14,2011-01-16,Second Class,Chris Selesnick,Corporate,United States,US,South,OFF-EN-10001990,Office Supplies,Envelopes,11,2,0,5.34,2.88,Critical,2011
CA-2011-118192,2011-01-14,2011-01-19,Standard Class,Michael Moore,Consumer,United States,US,East,OFF-PA-10002947,Office Supplies,Paper,37,7,0.2,13.09,1.46,Medium,2011
CA-2011-162775,2011-01-14,2011-01-16,Second Class,Chris Selesnick,Corporate,United States,US,South,OFF-BI-10004187,Office Supplies,Binders,6,3,0,2.71,0.85,Critical,2011
TU-2011-4040,2011-01-14,2011-01-18,Standard Class,Bruce Degenhardt,Consumer,Turkey,EMEA,EMEA,OFF-STA-10000298,Office Supplies,Art,79,4,0.6,-87.17,0.43,Medium,2011
CA-2011-118192,2011-01-14,2011-01-19,Standard Class,Michael Moore,Consumer,United States,US,East,OFF-BI-10003476,Office Supplies,Binders,3,2,0.7,-2.52,0.27,Medium,2011
ES-2011-3661686,2011-01-15,2011-01-20,Second Class,Don Jones,Corporate,Germany,EU,Central,TEC-CO-10003228,Technology,Copiers,527,2,0,10.5,92.1,Medium,2011
ES-2011-1374122,2011-01-15,2011-01-18,First Class,Craig Leslie,Home Office,France,EU,Central,FUR-BO-10003126,Furniture,Bookcases,652,2,0.1,7.2,88.52,Medium,2011
MX-2011-129420,2011-01-15,2011-01-17,First Class,Ross Baird,Home Office,Dominican Republic,LATAM,Caribbean,FUR-CH-10003485,Furniture,Chairs,265,3,0.2,23.22,43.56,Medium,2011
ID-2011-38832,2011-01-15,2011-01-15,Same Day,Mick Crebagga,Consumer,Indonesia,APAC,Southeast Asia,OFF-AR-10000989,Office Supplies,Art,150,4,0.27,-49.35,21.15,Critical,2011
ID-2011-38832,2011-01-15,2011-01-15,Same Day,Mick Crebagga,Consumer,Indonesia,APAC,Southeast Asia,OFF-AR-10000251,Office Supplies,Art,51,3,0.27,-0.01,21.13,Critical,2011
ES-2011-3661686,2011-01-15,2011-01-20,Second Class,Don Jones,Corporate,Germany,EU,Central,OFF-AP-10001169,Office Supplies,Appliances,249,1,0.1,2.76,15.08,Medium,2011
CA-2011-149524,2011-01-15,2011-01-16,First Class,Brendan Sweed,Corporate,United States,US,East,FUR-BO-10003433,Furniture,Bookcases,62,4,0.5,-53.29,10.96,High,2011
ES-2011-3661686,2011-01-15,2011-01-20,Second Class,Don Jones,Corporate,Germany,EU,Central,OFF-PA-10001869,Office Supplies,Paper,170,5,0,25.35,8.42,Medium,2011
ES-2011-3661686,2011-01-15,2011-01-20,Second Class,Don Jones,Corporate,Germany,EU,Central,OFF-SU-10004244,Office Supplies,Supplies,55,2,0,2.16,4.12,Medium,2011
NI-2011-2280,2011-01-15,2011-01-21,Standard Class,Mick Brown,Consumer,Nigeria,Africa,Africa,FUR-HAR-10000441,Furniture,Chairs,45,1,0.7,-56.86,3.43,Medium,2011
NI-2011-2280,2011-01-15,2011-01-21,Standard Class,Mick Brown,Consumer,Nigeria,Africa,Africa,OFF-ADV-10003030,Office Supplies,Fasteners,19,6,0.7,-38.9,1.46,Medium,2011
NI-2011-2280,2011-01-15,2011-01-21,Standard Class,Mick Brown,Consumer,Nigeria,Africa,Africa,OFF-SAN-10004232,Office Supplies,Art,15,2,0.7,-14.75,1.02,Medium,2011
ES-2011-3661686,2011-01-15,2011-01-20,Second Class,Don Jones,Corporate,Germany,EU,Central,OFF-LA-10000134,Office Supplies,Labels,21,2,0,7.44,0.76,Medium,2011
CA-2011-103366,2011-01-16,2011-01-18,First Class,Erica Hackney,Consumer,United States,US,South,TEC-AC-10003628,Technology,Accessories,150,5,0,65.98,45.24,Critical,2011
MX-2011-145765,2011-01-17,2011-01-22,Standard Class,Alan Haines,Corporate,El Salvador,LATAM,Central,TEC-CO-10003142,Technology,Copiers,1412,11,0,251.71,159.52,High,2011
ES-2011-3305419,2011-01-17,2011-01-19,Second Class,Edward Hooks,Corporate,France,EU,Central,OFF-AR-10001230,Office Supplies,Art,300,11,0,50.82,38.7,High,2011
CA-2011-115791,2011-01-17,2011-01-19,Second Class,Delfina Latchford,Consumer,United States,US,East,FUR-FU-10001095,Furniture,Furnishings,127,6,0.2,28.6,36.4,Critical,2011
CA-2011-115791,2011-01-17,2011-01-19,Second Class,Delfina Latchford,Consumer,United States,US,East,TEC-PH-10004614,Technology,Phones,124,3,0.4,-31.05,26.12,Critical,2011
CA-2011-115791,2011-01-17,2011-01-19,Second Class,Delfina Latchford,Consumer,United States,US,East,OFF-LA-10001074,Office Supplies,Labels,30,3,0.2,10.15,10.17,Critical,2011
ES-2011-3305419,2011-01-17,2011-01-19,Second Class,Edward Hooks,Corporate,France,EU,Central,OFF-ST-10001646,Office Supplies,Storage,84,5,0.1,33.68,7.33,High,2011
ES-2011-3305419,2011-01-17,2011-01-19,Second Class,Edward Hooks,Corporate,France,EU,Central,OFF-ST-10000988,Office Supplies,Storage,95,4,0.1,42.24,6.56,High,2011
ES-2011-3305419,2011-01-17,2011-01-19,Second Class,Edward Hooks,Corporate,France,EU,Central,OFF-ST-10003764,Office Supplies,Storage,46,3,0.1,18.85,6.46,High,2011
ID-2011-80538,2011-01-17,2011-01-18,First Class,Vivian Mathis,Consumer,Australia,APAC,Oceania,OFF-BI-10001397,Office Supplies,Binders,37,4,0.4,-9.29,5.48,High,2011
CA-2011-115791,2011-01-17,2011-01-19,Second Class,Delfina Latchford,Consumer,United States,US,East,OFF-BI-10001575,Office Supplies,Binders,19,2,0.7,-13.63,5.26,Critical,2011
IN-2011-78501,2011-01-17,2011-01-21,Standard Class,Tamara Willingham,Home Office,Australia,APAC,Oceania,OFF-AR-10004138,Office Supplies,Art,19,2,0.1,5.14,3.96,High,2011
IT-2011-1373680,2011-01-17,2011-01-23,Standard Class,Shirley Daniels,Home Office,Denmark,EU,North,OFF-LA-10001413,Office Supplies,Labels,17,3,0.5,-7.52,0.4,Low,2011
TZ-2011-5130,2011-01-18,2011-01-21,First Class,Charles Sheldon,Corporate,Tanzania,Africa,Africa,OFF-FEL-10004665,Office Supplies,Storage,746,4,0.1,132.59,132.29,Medium,2011
ES-2011-4174897,2011-01-18,2011-01-21,First Class,Michael Dominguez,Corporate,Spain,EU,South,OFF-FA-10000856,Office Supplies,Fasteners,108,8,0,33.36,18.36,Critical,2011
MX-2011-115644,2011-01-18,2011-01-23,Standard Class,Vivek Gonzalez,Consumer,Brazil,LATAM,South,OFF-FA-10002268,Office Supplies,Fasteners,38,3,0,6.12,4.7,Medium,2011
ES-2011-4825230,2011-01-18,2011-01-23,Second Class,Richard Bierner,Consumer,Denmark,EU,North,OFF-BI-10004446,Office Supplies,Binders,26,1,0.5,-10.76,2.53,High,2011
SA-2011-7780,2011-01-18,2011-01-21,First Class,Beth Paige,Consumer,Saudi Arabia,EMEA,EMEA,OFF-CAR-10003259,Office Supplies,Binders,14,1,0,2.97,2.48,High,2011
ZA-2011-9910,2011-01-19,2011-01-21,First Class,Patrick Gardner,Consumer,Zambia,Africa,Africa,OFF-BIN-10000772,Office Supplies,Art,418,14,0,95.76,143.67,Critical,2011
ES-2011-3666932,2011-01-19,2011-01-20,First Class,Matt Abelman,Home Office,Italy,EU,South,OFF-BI-10004195,Office Supplies,Binders,145,3,0,43.56,58.25,Critical,2011
MX-2011-139199,2011-01-19,2011-01-24,Standard Class,Aleksandra Gannaway,Corporate,Nicaragua,LATAM,Central,TEC-MA-10001859,Technology,Machines,716,4,0,221.92,36.29,Medium,2011
MX-2011-139199,2011-01-19,2011-01-24,Standard Class,Aleksandra Gannaway,Corporate,Nicaragua,LATAM,Central,FUR-BO-10004407,Furniture,Bookcases,226,2,0,33.96,25.81,Medium,2011
IN-2011-45020,2011-01-19,2011-01-23,Standard Class,Pauline Webber,Corporate,Myanmar (Burma),APAC,Southeast Asia,TEC-CO-10004267,Technology,Copiers,278,3,0.37,-106.08,21.22,Medium,2011
ES-2011-3666932,2011-01-19,2011-01-20,First Class,Matt Abelman,Home Office,Italy,EU,South,OFF-ST-10000988,Office Supplies,Storage,48,3,0.4,7.92,15.23,Critical,2011
ZA-2011-9910,2011-01-19,2011-01-21,First Class,Patrick Gardner,Consumer,Zambia,Africa,Africa,TEC-BEL-10000681,Technology,Accessories,41,1,0,6.12,12.68,Critical,2011
CA-2011-123477,2011-01-19,2011-01-22,Second Class,David Wiener,Corporate,United States,US,West,OFF-AP-10000692,Office Supplies,Appliances,65,4,0.2,6.49,5.04,High,2011
MX-2011-139199,2011-01-19,2011-01-24,Standard Class,Aleksandra Gannaway,Corporate,Nicaragua,LATAM,Central,TEC-AC-10002370,Technology,Accessories,53,2,0,16.32,4.1,Medium,2011
ES-2011-1690587,2011-01-19,2011-01-21,First Class,Ann Blume,Corporate,Italy,EU,South,OFF-EN-10004150,Office Supplies,Envelopes,48,3,0,21.24,3.54,High,2011
CA-2011-8390,2011-01-19,2011-01-22,Second Class,Michael Kennedy,Corporate,Canada,Canada,Canada,OFF-STO-10000347,Office Supplies,Fasteners,16,1,0,5.7,1.4,Medium,2011
AO-2011-8430,2011-01-20,2011-01-20,Same Day,Michelle Arnett,Home Office,Angola,Africa,Africa,FUR-BUS-10002989,Furniture,Bookcases,825,2,0,338.34,88.97,High,2011
MX-2011-131618,2011-01-20,2011-01-20,Same Day,Suzanne McNair,Corporate,Mexico,LATAM,North,OFF-AP-10002433,Office Supplies,Appliances,372,2,0,81.88,82.67,Critical,2011
CA-2011-146591,2011-01-20,2011-01-21,First Class,Toby Swindell,Consumer,United States,US,West,FUR-BO-10001972,Furniture,Bookcases,181,5,0.7,-320.6,29.68,Medium,2011
IR-2011-9150,2011-01-20,2011-01-22,First Class,Irene Maddox,Consumer,Iran,EMEA,EMEA,FUR-OFF-10002395,Furniture,Chairs,141,1,0,57.75,20.93,Medium,2011
US-2011-153591,2011-01-20,2011-01-25,Standard Class,Alejandro Ballentine,Home Office,Mexico,LATAM,North,FUR-BO-10004980,Furniture,Bookcases,196,1,0.2,-34.25,17.08,Medium,2011
CA-2011-146591,2011-01-20,2011-01-21,First Class,Toby Swindell,Consumer,United States,US,West,OFF-PA-10000659,Office Supplies,Paper,56,4,0.2,19.62,14.49,Medium,2011
AO-2011-8430,2011-01-20,2011-01-20,Same Day,Michelle Arnett,Home Office,Angola,Africa,Africa,OFF-SME-10002417,Office Supplies,Storage,49,1,0,15.51,11.64,High,2011
CA-2011-146591,2011-01-20,2011-01-21,First Class,Toby Swindell,Consumer,United States,US,West,OFF-EN-10002504,Office Supplies,Envelopes,109,5,0.2,36.69,10.39,Medium,2011
ES-2011-1122594,2011-01-20,2011-01-25,Standard Class,Darren Koutras,Consumer,France,EU,Central,OFF-AR-10002094,Office Supplies,Art,58,2,0,7.56,8.77,High,2011
AO-2011-8430,2011-01-20,2011-01-20,Same Day,Michelle Arnett,Home Office,Angola,Africa,Africa,OFF-ELD-10000124,Office Supplies,Storage,48,1,0,15.84,7.92,High,2011
NI-2011-8880,2011-01-20,2011-01-24,Standard Class,Randy Bradley,Consumer,Nigeria,Africa,Africa,OFF-GRE-10000216,Office Supplies,Paper,37,4,0.7,-73.68,6.08,High,2011
CA-2011-146591,2011-01-20,2011-01-21,First Class,Toby Swindell,Consumer,United States,US,West,OFF-BI-10003676,Office Supplies,Binders,32,10,0.7,-23.72,6.03,Medium,2011
NI-2011-8880,2011-01-20,2011-01-24,Standard Class,Randy Bradley,Consumer,Nigeria,Africa,Africa,OFF-FEL-10002399,Office Supplies,Storage,24,4,0.7,-42.62,3.74,High,2011
RS-2011-7010,2011-01-20,2011-01-22,Second Class,Ruben Dartt,Consumer,Russia,EMEA,EMEA,OFF-NOV-10000512,Office Supplies,Labels,10,1,0,4.83,2.05,High,2011
RS-2011-7010,2011-01-20,2011-01-22,Second Class,Ruben Dartt,Consumer,Russia,EMEA,EMEA,OFF-NOV-10001568,Office Supplies,Labels,11,1,0,4.08,1.48,High,2011
IN-2011-43585,2011-01-20,2011-01-24,Second Class,Toby Ritter,Consumer,Australia,APAC,Oceania,FUR-FU-10001096,Furniture,Furnishings,139,3,0.1,27.69,1.23,Medium,2011
MX-2011-146584,2011-01-21,2011-01-27,Standard Class,Hunter Lopez,Consumer,Nicaragua,LATAM,Central,FUR-TA-10001285,Furniture,Tables,2797,6,0.2,-0.07,320.38,Low,2011
MG-2011-9660,2011-01-21,2011-01-27,Standard Class,Sally Hughsby,Corporate,Mongolia,EMEA,EMEA,OFF-FEL-10002867,Office Supplies,Storage,1244,6,0,211.5,88.66,Medium,2011
US-2011-147627,2011-01-21,2011-01-27,Standard Class,Hunter Lopez,Consumer,United States,US,South,FUR-CH-10002331,Furniture,Chairs,1068,3,0,224.27,85.72,Medium,2011
US-2011-147627,2011-01-21,2011-01-27,Standard Class,Hunter Lopez,Consumer,United States,US,South,TEC-PH-10001061,Technology,Phones,700,7,0,181.98,31.52,Medium,2011
MX-2011-146584,2011-01-21,2011-01-27,Standard Class,Hunter Lopez,Consumer,Nicaragua,LATAM,Central,TEC-PH-10000990,Technology,Phones,405,4,0,121.44,26.73,Low,2011
MG-2011-9660,2011-01-21,2011-01-27,Standard Class,Sally Hughsby,Corporate,Mongolia,EMEA,EMEA,FUR-OFF-10003688,Furniture,Chairs,277,2,0,55.38,24.75,Medium,2011
CA-2011-167927,2011-01-21,2011-01-27,Standard Class,Xylona Preis,Consumer,United States,US,Central,FUR-FU-10002918,Furniture,Furnishings,273,3,0,30.02,20.68,Medium,2011
MX-2011-146584,2011-01-21,2011-01-27,Standard Class,Hunter Lopez,Consumer,Nicaragua,LATAM,Central,TEC-PH-10003980,Technology,Phones,182,2,0,16.4,19.1,Low,2011
ES-2011-3229667,2011-01-21,2011-01-26,Standard Class,Ryan Crowe,Consumer,Germany,EU,Central,TEC-AC-10004070,Technology,Accessories,495,2,0,232.8,18.43,Medium,2011
CA-2011-167927,2011-01-21,2011-01-27,Standard Class,Xylona Preis,Consumer,United States,US,Central,OFF-AP-10002311,Office Supplies,Appliances,248,4,0.1,93.58,14.53,Medium,2011
MX-2011-146584,2011-01-21,2011-01-27,Standard Class,Hunter Lopez,Consumer,Nicaragua,LATAM,Central,OFF-SU-10004480,Office Supplies,Supplies,107,5,0,46.1,8.92,Low,2011
CA-2011-167927,2011-01-21,2011-01-27,Standard Class,Xylona Preis,Consumer,United States,US,Central,OFF-ST-10003123,Office Supplies,Storage,67,2,0,15.98,8.4,Medium,2011
MG-2011-9660,2011-01-21,2011-01-27,Standard Class,Sally Hughsby,Corporate,Mongolia,EMEA,EMEA,OFF-FIS-10001591,Office Supplies,Supplies,85,2,0,12.66,6.06,Medium,2011
MX-2011-146584,2011-01-21,2011-01-27,Standard Class,Hunter Lopez,Consumer,Nicaragua,LATAM,Central,OFF-BI-10001002,Office Supplies,Binders,61,8,0,28.64,5.22,Low,2011
CA-2011-167927,2011-01-21,2011-01-27,Standard Class,Xylona Preis,Consumer,United States,US,Central,OFF-AR-10004456,Office Supplies,Art,44,3,0,12.74,4.88,Medium,2011
IR-2011-3900,2011-01-21,2011-01-26,Standard Class,Darrin Van Huff,Corporate,Iran,EMEA,EMEA,OFF-ROG-10001101,Office Supplies,Storage,61,1,0,18.96,4.61,Medium,2011
US-2011-147774,2011-01-21,2011-01-27,Standard Class,Muhammed MacIntyre,Corporate,United States,US,South,OFF-BI-10003091,Office Supplies,Binders,67,1,0.7,-51.52,3,Medium,2011
US-2011-147627,2011-01-21,2011-01-27,Standard Class,Hunter Lopez,Consumer,United States,US,South,OFF-EN-10001539,Office Supplies,Envelopes,23,3,0,10.97,2.6,Medium,2011
US-2011-147627,2011-01-21,2011-01-27,Standard Class,Hunter Lopez,Consumer,United States,US,South,FUR-FU-10003194,Furniture,Furnishings,39,4,0,11.58,2.57,Medium,2011
ID-2011-63017,2011-01-21,2011-01-25,Standard Class,Pauline Webber,Corporate,Thailand,APAC,Southeast Asia,OFF-AR-10003110,Office Supplies,Art,52,2,0.47,-24.38,2.02,Medium,2011
CA-2011-167927,2011-01-21,2011-01-27,Standard Class,Xylona Preis,Consumer,United States,US,Central,OFF-BI-10004364,Office Supplies,Binders,30,5,0,13.37,1.98,Medium,2011
MG-2011-9660,2011-01-21,2011-01-27,Standard Class,Sally Hughsby,Corporate,Mongolia,EMEA,EMEA,OFF-CAM-10000497,Office Supplies,Envelopes,27,1,0,2.43,1.58,Medium,2011
MX-2011-146584,2011-01-21,2011-01-27,Standard Class,Hunter Lopez,Consumer,Nicaragua,LATAM,Central,OFF-BI-10002296,Office Supplies,Binders,18,2,0,1.56,1.29,Low,2011
US-2011-147627,2011-01-21,2011-01-27,Standard Class,Hunter Lopez,Consumer,United States,US,South,OFF-AR-10002375,Office Supplies,Art,23,7,0,6.66,1.22,Medium,2011
CA-2011-167927,2011-01-21,2011-01-27,Standard Class,Xylona Preis,Consumer,United States,US,Central,OFF-BI-10000605,Office Supplies,Binders,19,5,0,8.95,1.21,Medium,2011
CA-2011-167927,2011-01-21,2011-01-27,Standard Class,Xylona Preis,Consumer,United States,US,Central,OFF-ST-10000760,Office Supplies,Storage,14,1,0,4.05,1.14,Medium,2011
CA-2011-148614,2011-01-21,2011-01-26,Standard Class,Mark Van Huff,Consumer,United States,US,West,OFF-PA-10002893,Office Supplies,Paper,19,2,0,9.29,0.94,Medium,2011
CA-2011-167927,2011-01-21,2011-01-27,Standard Class,Xylona Preis,Consumer,United States,US,Central,FUR-FU-10002268,Furniture,Furnishings,15,3,0,4.86,0.71,Medium,2011
CA-2011-148614,2011-01-21,2011-01-26,Standard Class,Mark Van Huff,Consumer,United States,US,West,FUR-FU-10003194,Furniture,Furnishings,19,2,0,5.79,0.64,Medium,2011
US-2011-147627,2011-01-21,2011-01-27,Standard Class,Hunter Lopez,Consumer,United States,US,South,OFF-AR-10003811,Office Supplies,Art,7,3,0,1.79,0.47,Medium,2011
ES-2011-5497239,2011-01-22,2011-01-26,Standard Class,Paul Stevenson,Home Office,Italy,EU,South,OFF-ST-10003102,Office Supplies,Storage,889,7,0.4,59.22,96.45,High,2011
ES-2011-5497239,2011-01-22,2011-01-26,Standard Class,Paul Stevenson,Home Office,Italy,EU,South,FUR-BO-10003991,Furniture,Bookcases,825,2,0,338.34,77.08,High,2011
ES-2011-3906248,2011-01-22,2011-01-26,Standard Class,Marc Harrigan,Home Office,Belgium,EU,Central,OFF-ST-10000430,Office Supplies,Storage,666,5,0,119.85,73.27,Medium,2011
ID-2011-86950,2011-01-22,2011-01-23,First Class,Sung Shariari,Consumer,Australia,APAC,Oceania,OFF-AR-10000751,Office Supplies,Art,60,6,0.4,-33.88,27.43,Critical,2011
KE-2011-7940,2011-01-22,2011-01-24,First Class,Jason Klamczynski,Corporate,Kenya,Africa,Africa,OFF-SME-10001652,Office Supplies,Storage,95,2,0,12.36,21.6,High,2011
ES-2011-1550182,2011-01-22,2011-01-26,Standard Class,Claudia Bergmann,Corporate,France,EU,Central,OFF-BI-10000538,Office Supplies,Binders,202,4,0,22.2,18.96,Medium,2011
MX-2011-143238,2011-01-22,2011-01-27,Standard Class,Carl Ludwig,Consumer,El Salvador,LATAM,Central,FUR-BO-10003112,Furniture,Bookcases,259,2,0,101.16,11.91,Medium,2011
MX-2011-165526,2011-01-22,2011-01-26,Standard Class,Michael Paige,Corporate,Colombia,LATAM,South,FUR-CH-10003392,Furniture,Chairs,219,4,0,0,10.23,Medium,2011
MX-2011-165526,2011-01-22,2011-01-26,Standard Class,Michael Paige,Corporate,Colombia,LATAM,South,TEC-AC-10003047,Technology,Accessories,109,2,0,27.2,9,Medium,2011
ES-2011-5497239,2011-01-22,2011-01-26,Standard Class,Paul Stevenson,Home Office,Italy,EU,South,OFF-AR-10001190,Office Supplies,Art,54,1,0,12.39,5.13,High,2011
ES-2011-1550182,2011-01-22,2011-01-26,Standard Class,Claudia Bergmann,Corporate,France,EU,Central,TEC-PH-10004827,Technology,Phones,65,1,0.15,24.32,4.38,Medium,2011
CA-2011-110422,2011-01-22,2011-01-24,Second Class,Tom Boeckenhauer,Consumer,United States,US,South,FUR-FU-10001889,Furniture,Furnishings,25,3,0.2,4.1,3.64,Critical,2011
TU-2011-9560,2011-01-22,2011-01-27,Standard Class,Brendan Murry,Corporate,Turkey,EMEA,EMEA,FUR-ADV-10002889,Furniture,Furnishings,77,4,0.6,-104.69,2.36,Medium,2011
ID-2011-86950,2011-01-22,2011-01-23,First Class,Sung Shariari,Consumer,Australia,APAC,Oceania,OFF-FA-10003816,Office Supplies,Fasteners,6,1,0.4,-3.91,1.77,Critical,2011
ES-2011-3906248,2011-01-22,2011-01-26,Standard Class,Marc Harrigan,Home Office,Belgium,EU,Central,OFF-BI-10004722,Office Supplies,Binders,12,2,0,3.12,0.27,Medium,2011
MX-2011-116393,2011-01-23,2011-01-23,Same Day,Larry Tron,Consumer,Nicaragua,LATAM,Central,FUR-BO-10001739,Furniture,Bookcases,1102,4,0,198.32,146.12,Medium,2011
MX-2011-116393,2011-01-23,2011-01-23,Same Day,Larry Tron,Consumer,Nicaragua,LATAM,Central,FUR-CH-10001490,Furniture,Chairs,920,3,0,395.76,45.77,Medium,2011
MX-2011-116393,2011-01-23,2011-01-23,Same Day,Larry Tron,Consumer,Nicaragua,LATAM,Central,OFF-SU-10002670,Office Supplies,Supplies,48,2,0,15.8,5.55,Medium,2011
MX-2011-116393,2011-01-23,2011-01-23,Same Day,Larry Tron,Consumer,Nicaragua,LATAM,Central,OFF-LA-10001634,Office Supplies,Labels,26,3,0,9.78,3.61,Medium,2011
MX-2011-116393,2011-01-23,2011-01-23,Same Day,Larry Tron,Consumer,Nicaragua,LATAM,Central,OFF-PA-10001456,Office Supplies,Paper,24,2,0,1.64,3.27,Medium,2011
SA-2011-7370,2011-01-23,2011-01-27,Standard Class,Corey Roper,Home Office,Saudi Arabia,EMEA,EMEA,OFF-OIC-10001921,Office Supplies,Fasteners,34,2,0,12.36,1.91,Medium,2011
SA-2011-7370,2011-01-23,2011-01-27,Standard Class,Corey Roper,Home Office,Saudi Arabia,EMEA,EMEA,OFF-IBI-10002486,Office Supplies,Binders,9,1,0,1.59,0.58,Medium,2011
EN-2011-70,2011-01-24,2011-01-24,Same Day,Ann Blume,Corporate,Estonia,EMEA,EMEA,TEC-CIS-10002344,Technology,Phones,1303,2,0,286.56,234.73,Medium,2011
EN-2011-70,2011-01-24,2011-01-24,Same Day,Ann Blume,Corporate,Estonia,EMEA,EMEA,OFF-BRE-10004436,Office Supplies,Appliances,561,1,0,61.68,133.57,Medium,2011
ES-2011-3060159,2011-01-24,2011-01-29,Standard Class,Christine Phan,Corporate,Germany,EU,Central,TEC-CO-10004078,Technology,Copiers,591,2,0,53.16,66.1,Medium,2011
IT-2011-2413417,2011-01-24,2011-01-26,First Class,Shirley Jackson,Consumer,Italy,EU,South,FUR-CH-10004685,Furniture,Chairs,73,1,0.6,-56.56,29.86,Critical,2011
IN-2011-85459,2011-01-24,2011-01-30,Standard Class,Jill Matthias,Consumer,New Zealand,APAC,Oceania,OFF-EN-10003770,Office Supplies,Envelopes,420,14,0,147,20.03,Medium,2011
IN-2011-85459,2011-01-24,2011-01-30,Standard Class,Jill Matthias,Consumer,New Zealand,APAC,Oceania,FUR-FU-10000702,Furniture,Furnishings,220,2,0,8.76,16.92,Medium,2011
EN-2011-70,2011-01-24,2011-01-24,Same Day,Ann Blume,Corporate,Estonia,EMEA,EMEA,FUR-HON-10000722,Furniture,Chairs,133,1,0,63.87,15.16,Medium,2011
IT-2011-2413417,2011-01-24,2011-01-26,First Class,Shirley Jackson,Consumer,Italy,EU,South,FUR-CH-10003540,Furniture,Chairs,69,3,0.6,-95.2,12.7,Critical,2011
IN-2011-85459,2011-01-24,2011-01-30,Standard Class,Jill Matthias,Consumer,New Zealand,APAC,Oceania,OFF-AR-10000340,Office Supplies,Art,139,8,0,65.28,11.94,Medium,2011
IT-2011-2413417,2011-01-24,2011-01-26,First Class,Shirley Jackson,Consumer,Italy,EU,South,OFF-PA-10003899,Office Supplies,Paper,55,3,0,2.7,11.16,Critical,2011
IN-2011-20737,2011-01-24,2011-01-29,Standard Class,Lena Creighton,Consumer,Australia,APAC,Oceania,TEC-AC-10001438,Technology,Accessories,111,3,0.1,8.57,9.92,Medium,2011
IT-2011-2413417,2011-01-24,2011-01-26,First Class,Shirley Jackson,Consumer,Italy,EU,South,OFF-FA-10004310,Office Supplies,Fasteners,41,4,0,2.88,5.24,Critical,2011
IT-2011-2413417,2011-01-24,2011-01-26,First Class,Shirley Jackson,Consumer,Italy,EU,South,OFF-LA-10004007,Office Supplies,Labels,54,5,0,7.5,4.72,Critical,2011
CA-2011-102645,2011-01-24,2011-01-29,Standard Class,Ionia McGrath,Consumer,United States,US,West,OFF-PA-10001804,Office Supplies,Paper,40,6,0,19.24,4.31,Medium,2011
IN-2011-10552,2011-01-24,2011-01-30,Standard Class,Chuck Clark,Home Office,India,APAC,Central Asia,OFF-LA-10004430,Office Supplies,Labels,59,5,0,27.75,4.27,Medium,2011
MA-2011-3960,2011-01-24,2011-01-30,Standard Class,Greg Hansen,Consumer,Madagascar,Africa,Africa,OFF-AVE-10003558,Office Supplies,Labels,42,6,0,9.18,3.57,Medium,2011
ES-2011-5158376,2011-01-24,2011-01-26,Second Class,Joni Sundaresam,Home Office,Italy,EU,South,OFF-AR-10003005,Office Supplies,Art,28,1,0,4.14,3.33,High,2011
IN-2011-64557,2011-01-24,2011-01-29,Standard Class,Mitch Webber,Consumer,Indonesia,APAC,Southeast Asia,OFF-BI-10002885,Office Supplies,Binders,12,3,0.17,4.23,1.2,Medium,2011
CA-2011-146997,2011-01-24,2011-01-28,Standard Class,Speros Goranitis,Consumer,United States,US,Central,OFF-FA-10003467,Office Supplies,Fasteners,6,3,0,0,0.95,High,2011
TU-2011-8930,2011-01-24,2011-01-28,Standard Class,Janet Martin,Consumer,Turkey,EMEA,EMEA,OFF-OIC-10001056,Office Supplies,Fasteners,15,2,0.6,-3.84,0.94,Medium,2011
ES-2011-3060159,2011-01-24,2011-01-29,Standard Class,Christine Phan,Corporate,Germany,EU,Central,OFF-BI-10002986,Office Supplies,Binders,11,1,0,4.11,0.62,Medium,2011
ES-2011-3104322,2011-01-25,2011-01-29,Standard Class,Frank Olsen,Consumer,France,EU,Central,OFF-AR-10001720,Office Supplies,Art,445,9,0,71.01,33.54,Medium,2011
NI-2011-7750,2011-01-25,2011-01-28,Second Class,Gary Hwang,Consumer,Nigeria,Africa,Africa,TEC-PAN-10002454,Technology,Machines,148,6,0.7,-182.18,18.61,Medium,2011
ES-2011-4880899,2011-01-25,2011-01-30,Standard Class,Aimee Bixby,Consumer,France,EU,Central,OFF-AR-10001228,Office Supplies,Art,178,7,0,58.59,16.94,Medium,2011
ES-2011-3746760,2011-01-25,2011-02-01,Standard Class,Filia McAdams,Corporate,Germany,EU,Central,OFF-BI-10001192,Office Supplies,Binders,133,10,0,3.9,8.94,Medium,2011
ES-2011-3104322,2011-01-25,2011-01-29,Standard Class,Frank Olsen,Consumer,France,EU,Central,OFF-AR-10002640,Office Supplies,Art,71,5,0,1.35,6.64,Medium,2011
SF-2011-2290,2011-01-25,2011-01-26,First Class,Brad Thomas,Home Office,South Africa,Africa,Africa,OFF-SAN-10001128,Office Supplies,Art,45,4,0,10.44,6.53,High,2011
MX-2011-161508,2011-01-25,2011-01-29,Standard Class,Bart Pistole,Corporate,Mexico,LATAM,North,OFF-EN-10004525,Office Supplies,Envelopes,32,2,0,10.12,4.45,High,2011
IN-2011-53658,2011-01-25,2011-01-27,First Class,Luke Weiss,Consumer,China,APAC,North Asia,OFF-PA-10000453,Office Supplies,Paper,98,2,0,34.32,3.17,High,2011
MX-2011-162936,2011-01-25,2011-01-29,Second Class,Sue Ann Reed,Consumer,Cuba,LATAM,Caribbean,OFF-PA-10001091,Office Supplies,Paper,18,1,0,5.98,1.76,Medium,2011
ES-2011-3746760,2011-01-25,2011-02-01,Standard Class,Filia McAdams,Corporate,Germany,EU,Central,FUR-FU-10004689,Furniture,Furnishings,20,1,0,4.02,1.15,Medium,2011
NI-2011-7750,2011-01-25,2011-01-28,Second Class,Gary Hwang,Consumer,Nigeria,Africa,Africa,OFF-BIN-10001385,Office Supplies,Art,4,1,0.7,-9,0.28,Medium,2011
ID-2011-36011,2011-01-26,2011-01-27,First Class,Heather Kirkland,Corporate,Indonesia,APAC,Southeast Asia,FUR-CH-10003950,Furniture,Chairs,334,1,0.27,-109.94,92.67,High,2011
TU-2011-5460,2011-01-26,2011-01-31,Standard Class,Jay Fein,Consumer,Turkey,EMEA,EMEA,FUR-SAF-10004252,Furniture,Chairs,1113,6,0.6,-1475.35,47.35,Medium,2011
IT-2011-4233239,2011-01-26,2011-01-30,Standard Class,Allen Rosenblatt,Corporate,Portugal,EU,South,TEC-CO-10001926,Technology,Copiers,570,3,0.5,-216.77,33.99,Medium,2011
MO-2011-3300,2011-01-26,2011-01-31,Standard Class,Nat Carroll,Consumer,Morocco,Africa,Africa,TEC-KON-10003211,Technology,Machines,311,1,0,118.02,27.7,High,2011
SL-2011-6640,2011-01-26,2011-01-30,Standard Class,Sally Hughsby,Corporate,Sierra Leone,Africa,Africa,OFF-KIT-10002678,Office Supplies,Appliances,285,4,0,59.76,25.63,Medium,2011
ES-2011-4436456,2011-01-26,2011-01-26,Same Day,Hunter Glantz,Consumer,France,EU,Central,FUR-BO-10004620,Furniture,Bookcases,119,2,0.6,-143.08,24.75,Medium,2011
TU-2011-5460,2011-01-26,2011-01-31,Standard Class,Jay Fein,Consumer,Turkey,EMEA,EMEA,OFF-SME-10000746,Office Supplies,Storage,318,4,0.6,-254.64,19.93,Medium,2011
IR-2011-3890,2011-01-26,2011-01-28,First Class,Bradley Talbott,Home Office,Iran,EMEA,EMEA,TEC-ENE-10004627,Technology,Accessories,256,1,0,102.45,19.7,High,2011
MO-2011-3300,2011-01-26,2011-01-31,Standard Class,Nat Carroll,Consumer,Morocco,Africa,Africa,TEC-HP -10001905,Technology,Copiers,124,1,0,42.24,17.14,High,2011
IN-2011-31496,2011-01-26,2011-01-28,Second Class,Nathan Mautz,Home Office,India,APAC,Central Asia,OFF-PA-10000070,Office Supplies,Paper,79,3,0,25.38,13.82,High,2011
IN-2011-76198,2011-01-26,2011-02-01,Standard Class,Anna Andreadi,Consumer,India,APAC,Central Asia,OFF-AR-10002256,Office Supplies,Art,343,7,0,54.6,13.22,Low,2011
IT-2011-2536577,2011-01-26,2011-01-29,Second Class,Alan Shonely,Consumer,France,EU,Central,OFF-SU-10003072,Office Supplies,Supplies,345,9,0,162.27,12.46,Medium,2011
IN-2011-15270,2011-01-26,2011-01-31,Standard Class,Christina Anderson,Consumer,Indonesia,APAC,Southeast Asia,OFF-ST-10004365,Office Supplies,Storage,142,3,0.17,51.17,12.24,Medium,2011
TU-2011-5460,2011-01-26,2011-01-31,Standard Class,Jay Fein,Consumer,Turkey,EMEA,EMEA,OFF-HAM-10003872,Office Supplies,Appliances,115,4,0.6,-68.98,11.17,Medium,2011
IT-2011-2536577,2011-01-26,2011-01-29,Second Class,Alan Shonely,Consumer,France,EU,Central,OFF-ST-10002905,Office Supplies,Storage,108,5,0.1,2.4,11.06,Medium,2011
IT-2011-2536577,2011-01-26,2011-01-29,Second Class,Alan Shonely,Consumer,France,EU,Central,OFF-BI-10003277,Office Supplies,Binders,136,9,0,16.2,9.44,Medium,2011
IT-2011-2536577,2011-01-26,2011-01-29,Second Class,Alan Shonely,Consumer,France,EU,Central,OFF-AR-10000091,Office Supplies,Art,88,4,0,15.84,7.14,Medium,2011
ES-2011-3940520,2011-01-26,2011-01-30,Standard Class,Michael Moore,Consumer,Norway,EU,North,TEC-AC-10004520,Technology,Accessories,88,3,0,18.45,5.54,Medium,2011
ES-2011-3940520,2011-01-26,2011-01-30,Standard Class,Michael Moore,Consumer,Norway,EU,North,OFF-BI-10003708,Office Supplies,Binders,52,4,0,20.04,4.88,Medium,2011
ES-2011-3429709,2011-01-26,2011-01-30,Standard Class,Patrick OBrill,Consumer,Spain,EU,South,OFF-LA-10001375,Office Supplies,Labels,32,3,0,10.08,4.82,High,2011
ES-2011-4436456,2011-01-26,2011-01-26,Same Day,Hunter Glantz,Consumer,France,EU,Central,OFF-BI-10001384,Office Supplies,Binders,41,6,0.5,-10.89,3.98,Medium,2011
TU-2011-5460,2011-01-26,2011-01-31,Standard Class,Jay Fein,Consumer,Turkey,EMEA,EMEA,FUR-NOV-10000222,Furniture,Chairs,34,1,0.6,-38.98,3.08,Medium,2011
IT-2011-2536577,2011-01-26,2011-01-29,Second Class,Alan Shonely,Consumer,France,EU,Central,OFF-ST-10003931,Office Supplies,Storage,86,2,0.1,2.85,2.65,Medium,2011
ES-2011-4436456,2011-01-26,2011-01-26,Same Day,Hunter Glantz,Consumer,France,EU,Central,OFF-EN-10000476,Office Supplies,Envelopes,12,3,0.5,-8.01,1.75,Medium,2011
IT-2011-2536577,2011-01-26,2011-01-29,Second Class,Alan Shonely,Consumer,France,EU,Central,OFF-PA-10001662,Office Supplies,Paper,60,2,0,21.42,1.74,Medium,2011
MO-2011-3300,2011-01-26,2011-01-31,Standard Class,Nat Carroll,Consumer,Morocco,Africa,Africa,OFF-CAR-10003030,Office Supplies,Binders,9,1,0,4.02,1.43,High,2011
TU-2011-5460,2011-01-26,2011-01-31,Standard Class,Jay Fein,Consumer,Turkey,EMEA,EMEA,OFF-XER-10001746,Office Supplies,Paper,16,2,0.6,-5.72,1.28,Medium,2011
ES-2011-3940520,2011-01-26,2011-01-30,Standard Class,Michael Moore,Consumer,Norway,EU,North,OFF-BI-10002570,Office Supplies,Binders,13,1,0,5.49,1.2,Medium,2011
MO-2011-3300,2011-01-26,2011-01-31,Standard Class,Nat Carroll,Consumer,Morocco,Africa,Africa,OFF-NOV-10004680,Office Supplies,Labels,11,1,0,4.83,0.88,High,2011
IT-2011-2536577,2011-01-26,2011-01-29,Second Class,Alan Shonely,Consumer,France,EU,Central,FUR-FU-10002557,Furniture,Furnishings,177,8,0,0,0.61,Medium,2011
TU-2011-5460,2011-01-26,2011-01-31,Standard Class,Jay Fein,Consumer,Turkey,EMEA,EMEA,OFF-HON-10001204,Office Supplies,Labels,5,1,0.6,-7.34,0.34,Medium,2011
CA-2011-167997,2011-01-27,2011-01-30,First Class,Carol Adams,Corporate,United States,US,Central,FUR-BO-10004409,Furniture,Bookcases,142,2,0,39.75,24.59,High,2011
MX-2011-160150,2011-01-27,2011-01-29,Second Class,Neola Schneider,Consumer,Mexico,LATAM,North,OFF-BI-10002296,Office Supplies,Binders,115,13,0,10.14,24.52,Critical,2011
US-2011-155502,2011-01-27,2011-02-01,Standard Class,Shirley Daniels,Home Office,United States,US,South,OFF-ST-10004337,Office Supplies,Storage,490,8,0,0,21.48,Medium,2011
US-2011-155502,2011-01-27,2011-02-01,Standard Class,Shirley Daniels,Home Office,United States,US,South,TEC-PH-10002103,Technology,Phones,188,2,0,52.63,17.66,Medium,2011
IN-2011-33890,2011-01-27,2011-02-01,Standard Class,Kean Nguyen,Corporate,China,APAC,North Asia,TEC-MA-10002931,Technology,Machines,367,7,0,106.26,17.61,Medium,2011
CT-2011-6350,2011-01-27,2011-01-29,Second Class,Todd Sumrall,Corporate,Central African Republic,Africa,Africa,OFF-KLE-10004112,Office Supplies,Supplies,76,2,0,20.58,16.59,Critical,2011
US-2011-155502,2011-01-27,2011-02-01,Standard Class,Shirley Daniels,Home Office,United States,US,South,TEC-PH-10004833,Technology,Phones,155,13,0,0,11.95,Medium,2011
EZ-2011-4800,2011-01-27,2011-02-01,Standard Class,Ryan Akin,Consumer,Czech Republic,EMEA,EMEA,OFF-FEL-10004117,Office Supplies,Storage,230,4,0,15.96,10.73,Medium,2011
MX-2011-160150,2011-01-27,2011-01-29,Second Class,Neola Schneider,Consumer,Mexico,LATAM,North,OFF-SU-10003719,Office Supplies,Supplies,31,2,0,13.8,6.7,Critical,2011
US-2011-155502,2011-01-27,2011-02-01,Standard Class,Shirley Daniels,Home Office,United States,US,South,FUR-FU-10004587,Furniture,Furnishings,63,3,0,30.78,6.15,Medium,2011
ID-2011-78102,2011-01-27,2011-02-02,Standard Class,Dennis Bolton,Home Office,Indonesia,APAC,Southeast Asia,OFF-EN-10004144,Office Supplies,Envelopes,82,13,0.47,-17.39,5.67,Medium,2011
MO-2011-1670,2011-01-27,2011-01-29,First Class,Liz Pelletier,Consumer,Morocco,Africa,Africa,FUR-DEF-10000810,Furniture,Furnishings,51,2,0,22.8,4.24,High,2011
MO-2011-1670,2011-01-27,2011-01-29,First Class,Liz Pelletier,Consumer,Morocco,Africa,Africa,OFF-BOS-10002705,Office Supplies,Art,20,1,0,5.22,3.73,High,2011
MO-2011-1670,2011-01-27,2011-01-29,First Class,Liz Pelletier,Consumer,Morocco,Africa,Africa,OFF-BIN-10004569,Office Supplies,Art,17,1,0,2.46,3.44,High,2011
IN-2011-50704,2011-01-27,2011-02-01,Standard Class,Patrick ODonnell,Consumer,China,APAC,North Asia,OFF-EN-10000328,Office Supplies,Envelopes,40,2,0,15.18,2.6,Medium,2011
MX-2011-124555,2011-01-27,2011-01-31,Standard Class,Barry Weirich,Consumer,Dominican Republic,LATAM,Caribbean,OFF-FA-10000455,Office Supplies,Fasteners,35,5,0.2,7.26,1.98,Medium,2011
CA-2011-167997,2011-01-27,2011-01-30,First Class,Carol Adams,Corporate,United States,US,Central,OFF-BI-10001758,Office Supplies,Binders,11,2,0,5.02,1.39,High,2011
US-2011-155502,2011-01-27,2011-02-01,Standard Class,Shirley Daniels,Home Office,United States,US,South,OFF-PA-10000380,Office Supplies,Paper,17,2,0,8.34,1.13,Medium,2011
MO-2011-1670,2011-01-27,2011-01-29,First Class,Liz Pelletier,Consumer,Morocco,Africa,Africa,OFF-CAR-10002054,Office Supplies,Binders,5,1,0,2.16,0.54,High,2011
US-2011-155502,2011-01-27,2011-02-01,Standard Class,Shirley Daniels,Home Office,United States,US,South,FUR-FU-10001847,Furniture,Furnishings,12,3,0,4.47,0.43,Medium,2011
IN-2011-63990,2011-01-28,2011-02-02,Second Class,Jocasta Rupert,Consumer,Australia,APAC,Oceania,TEC-CO-10002119,Technology,Copiers,532,2,0.1,47.2,51.51,Medium,2011
US-2011-117163,2011-01-28,2011-02-03,Standard Class,Ed Jacobs,Consumer,United States,US,West,FUR-TA-10003469,Furniture,Tables,333,3,0.2,-16.65,23.43,Medium,2011
ID-2011-42164,2011-01-28,2011-01-31,First Class,Michael Paige,Corporate,Indonesia,APAC,Southeast Asia,OFF-EN-10002472,Office Supplies,Envelopes,132,5,0.47,-5.05,9.82,Medium,2011
ID-2011-42164,2011-01-28,2011-01-31,First Class,Michael Paige,Corporate,Indonesia,APAC,Southeast Asia,OFF-SU-10000375,Office Supplies,Supplies,90,5,0.47,-51.22,4.86,Medium,2011
US-2011-117163,2011-01-28,2011-02-03,Standard Class,Ed Jacobs,Consumer,United States,US,West,OFF-ST-10003692,Office Supplies,Storage,57,1,0,14.31,4,Medium,2011
US-2011-117163,2011-01-28,2011-02-03,Standard Class,Ed Jacobs,Consumer,United States,US,West,OFF-AR-10003179,Office Supplies,Art,36,4,0,12.03,3.25,Medium,2011
IT-2011-4728742,2011-01-28,2011-02-03,Standard Class,Herbert Flentye,Consumer,France,EU,Central,OFF-ST-10003835,Office Supplies,Storage,28,1,0.1,-0.64,1.15,Medium,2011
US-2011-119053,2011-01-29,2011-02-03,Standard Class,Resi Pölking,Consumer,Brazil,LATAM,South,FUR-TA-10003887,Furniture,Tables,493,2,0.6,-468.02,31.54,Medium,2011
US-2011-156664,2011-01-29,2011-02-03,Standard Class,Resi Pölking,Consumer,Venezuela,LATAM,South,FUR-TA-10004840,Furniture,Tables,369,2,0.7,-591.17,18.73,Medium,2011
BN-2011-1530,2011-01-29,2011-02-04,Standard Class,Nona Balk,Corporate,Benin,Africa,Africa,OFF-FIS-10004915,Office Supplies,Supplies,44,1,0,16.23,3.35,Medium,2011
CA-2011-100328,2011-01-29,2011-02-04,Standard Class,Jasper Cacioppo,Consumer,United States,US,East,OFF-BI-10000343,Office Supplies,Binders,4,1,0.2,1.33,0.36,Medium,2011
ID-2011-80545,2011-01-30,2011-01-30,Same Day,Harold Engle,Corporate,New Zealand,APAC,Oceania,FUR-CH-10003618,Furniture,Chairs,162,2,0.4,-29.69,63.14,High,2011
NI-2011-2370,2011-01-30,2011-02-04,Second Class,David Philippe,Consumer,Nigeria,Africa,Africa,TEC-CAN-10000030,Technology,Copiers,191,2,0.7,-382.09,19.19,Medium,2011
NI-2011-2370,2011-01-30,2011-02-04,Second Class,David Philippe,Consumer,Nigeria,Africa,Africa,OFF-EAT-10002674,Office Supplies,Paper,18,4,0.7,-32.22,2.36,Medium,2011
NI-2011-2370,2011-01-30,2011-02-04,Second Class,David Philippe,Consumer,Nigeria,Africa,Africa,TEC-APP-10004469,Technology,Phones,42,1,0.7,-62.79,2.27,Medium,2011
NI-2011-9200,2011-01-30,2011-01-31,First Class,Arthur Gainer,Consumer,Nigeria,Africa,Africa,OFF-IBI-10001772,Office Supplies,Binders,5,2,0.7,-5.54,1.01,Critical,2011
NI-2011-9200,2011-01-30,2011-01-31,First Class,Arthur Gainer,Consumer,Nigeria,Africa,Africa,OFF-HON-10001204,Office Supplies,Labels,4,1,0.7,-8.6,0.6,Critical,2011
NI-2011-2370,2011-01-30,2011-02-04,Second Class,David Philippe,Consumer,Nigeria,Africa,Africa,OFF-WIL-10000986,Office Supplies,Binders,20,6,0.7,-29.72,0.39,Medium,2011
NI-2011-2370,2011-01-30,2011-02-04,Second Class,David Philippe,Consumer,Nigeria,Africa,Africa,OFF-AME-10000851,Office Supplies,Envelopes,12,1,0.7,-8.28,0.32,Medium,2011
NI-2011-2370,2011-01-30,2011-02-04,Second Class,David Philippe,Consumer,Nigeria,Africa,Africa,OFF-AVE-10000543,Office Supplies,Binders,1,1,0.7,-2.35,0.12,Medium,2011
IN-2011-81833,2011-01-31,2011-02-06,Standard Class,Troy Staebel,Consumer,New Zealand,APAC,Oceania,TEC-PH-10004575,Technology,Phones,2571,4,0,102.84,129,Medium,2011
IN-2011-81833,2011-01-31,2011-02-06,Standard Class,Troy Staebel,Consumer,New Zealand,APAC,Oceania,FUR-TA-10002341,Furniture,Tables,1917,4,0,517.56,104.29,Medium,2011
IN-2011-32196,2011-01-31,2011-02-05,Standard Class,Luke Schmidt,Corporate,Australia,APAC,Oceania,TEC-MA-10002680,Technology,Machines,839,3,0.1,121.11,54.17,High,2011
CA-2011-134103,2011-01-31,2011-02-05,Standard Class,Mike Vittorini,Consumer,United States,US,Central,OFF-ST-10000991,Office Supplies,Storage,230,2,0,6.9,22.58,High,2011
MO-2011-4320,2011-01-31,2011-02-04,Standard Class,Bryan Davis,Consumer,Morocco,Africa,Africa,FUR-SAU-10004653,Furniture,Bookcases,436,1,0,178.74,22.32,Medium,2011
MO-2011-4320,2011-01-31,2011-02-04,Standard Class,Bryan Davis,Consumer,Morocco,Africa,Africa,FUR-NOV-10002655,Furniture,Chairs,334,2,0,26.7,19.34,Medium,2011
IN-2011-32196,2011-01-31,2011-02-05,Standard Class,Luke Schmidt,Corporate,Australia,APAC,Oceania,FUR-CH-10004065,Furniture,Chairs,374,8,0.1,24.7,15.85,High,2011
MX-2011-100762,2011-01-31,2011-02-03,First Class,Charles McCrossin,Consumer,Nicaragua,LATAM,Central,OFF-PA-10001004,Office Supplies,Paper,35,3,0,12.66,12.7,Critical,2011
IN-2011-72334,2011-01-31,2011-02-06,Standard Class,Sarah Foster,Consumer,China,APAC,North Asia,OFF-BI-10004181,Office Supplies,Binders,164,6,0,18,10.65,Medium,2011
US-2011-120957,2011-01-31,2011-02-06,Standard Class,Damala Kotsonis,Corporate,Dominican Republic,LATAM,Caribbean,OFF-BI-10003372,Office Supplies,Binders,85,3,0.2,-20.15,8.52,Medium,2011
MO-2011-4320,2011-01-31,2011-02-04,Standard Class,Bryan Davis,Consumer,Morocco,Africa,Africa,OFF-KLE-10000296,Office Supplies,Supplies,95,4,0,23.76,6.18,Medium,2011
IN-2011-81833,2011-01-31,2011-02-06,Standard Class,Troy Staebel,Consumer,New Zealand,APAC,Oceania,OFF-PA-10002976,Office Supplies,Paper,122,4,0,32.88,5.85,Medium,2011
IN-2011-81833,2011-01-31,2011-02-06,Standard Class,Troy Staebel,Consumer,New Zealand,APAC,Oceania,OFF-LA-10000757,Office Supplies,Labels,62,6,0,18.54,5.18,Medium,2011
IN-2011-81833,2011-01-31,2011-02-06,Standard Class,Troy Staebel,Consumer,New Zealand,APAC,Oceania,OFF-PA-10003232,Office Supplies,Paper,106,6,0,48.6,5.01,Medium,2011
IN-2011-18070,2011-01-31,2011-02-05,Standard Class,Brendan Dodson,Home Office,Singapore,APAC,Southeast Asia,OFF-BI-10000089,Office Supplies,Binders,113,4,0,55.56,4.51,Medium,2011
MO-2011-4320,2011-01-31,2011-02-04,Standard Class,Bryan Davis,Consumer,Morocco,Africa,Africa,OFF-ELI-10000044,Office Supplies,Supplies,63,6,0,11.34,3.6,Medium,2011
MO-2011-4320,2011-01-31,2011-02-04,Standard Class,Bryan Davis,Consumer,Morocco,Africa,Africa,OFF-GLO-10003463,Office Supplies,Envelopes,24,1,0,2.85,2.12,Medium,2011
US-2011-120957,2011-01-31,2011-02-06,Standard Class,Damala Kotsonis,Corporate,Dominican Republic,LATAM,Caribbean,OFF-AR-10000468,Office Supplies,Art,30,4,0.2,-7.3,1.99,Medium,2011
IN-2011-81833,2011-01-31,2011-02-06,Standard Class,Troy Staebel,Consumer,New Zealand,APAC,Oceania,OFF-ST-10001057,Office Supplies,Storage,32,2,0,9.3,1.9,Medium,2011
CA-2011-134103,2011-01-31,2011-02-05,Standard Class,Mike Vittorini,Consumer,United States,US,Central,OFF-PA-10001204,Office Supplies,Paper,11,2,0,4.75,1.2,High,2011
IN-2011-30733,2011-02-01,2011-02-03,Second Class,Patrick ODonnell,Consumer,Bangladesh,APAC,Central Asia,TEC-CO-10002316,Technology,Copiers,286,2,0,71.4,57.3,Critical,2011
CA-2011-115161,2011-02-01,2011-02-03,First Class,Liz Carlisle,Consumer,United States,US,West,FUR-BO-10003966,Furniture,Bookcases,291,2,0.15,3.42,54.64,High,2011
AO-2011-1390,2011-02-01,2011-02-04,Second Class,David Kendrick,Corporate,Angola,Africa,Africa,OFF-FEL-10001541,Office Supplies,Storage,206,1,0,92.88,53.08,Critical,2011
ID-2011-56493,2011-02-01,2011-02-03,Second Class,Stephanie Phelps,Corporate,China,APAC,North Asia,OFF-ST-10002161,Office Supplies,Storage,163,3,0,68.31,44.36,Critical,2011
IN-2011-36074,2011-02-01,2011-02-05,Second Class,David Kendrick,Corporate,China,APAC,North Asia,OFF-AP-10001254,Office Supplies,Appliances,352,5,0,137.4,33.15,Medium,2011
US-2011-118892,2011-02-01,2011-02-06,Standard Class,Dave Hallsten,Corporate,Panama,LATAM,Central,OFF-AP-10002317,Office Supplies,Appliances,401,2,0.4,20.02,21.38,Medium,2011
IR-2011-6550,2011-02-01,2011-02-06,Standard Class,Patrick OBrill,Consumer,Iran,EMEA,EMEA,FUR-ADV-10002601,Furniture,Furnishings,310,6,0,148.5,19.65,High,2011
ES-2011-5268439,2011-02-01,2011-02-03,Second Class,Gene Hale,Corporate,France,EU,Central,OFF-AR-10001529,Office Supplies,Art,140,5,0,15.3,19.23,High,2011
IN-2011-30733,2011-02-01,2011-02-03,Second Class,Patrick ODonnell,Consumer,Bangladesh,APAC,Central Asia,OFF-SU-10000484,Office Supplies,Supplies,41,3,0,11.79,11.13,Critical,2011
US-2011-118892,2011-02-01,2011-02-06,Standard Class,Dave Hallsten,Corporate,Panama,LATAM,Central,TEC-AC-10001221,Technology,Accessories,82,2,0.4,-19.14,6.21,Medium,2011
ES-2011-5460465,2011-02-01,2011-02-05,Standard Class,Ralph Ritter,Consumer,Italy,EU,South,OFF-AR-10000980,Office Supplies,Art,78,3,0,20.34,6.03,Medium,2011
IN-2011-30733,2011-02-01,2011-02-03,Second Class,Patrick ODonnell,Consumer,Bangladesh,APAC,Central Asia,OFF-BI-10003012,Office Supplies,Binders,23,5,0,9.6,5.29,Critical,2011
IN-2011-30733,2011-02-01,2011-02-03,Second Class,Patrick ODonnell,Consumer,Bangladesh,APAC,Central Asia,OFF-LA-10001292,Office Supplies,Labels,20,3,0,9.9,3.78,Critical,2011
ES-2011-5268439,2011-02-01,2011-02-03,Second Class,Gene Hale,Corporate,France,EU,Central,OFF-EN-10004597,Office Supplies,Envelopes,21,1,0,0,3.34,High,2011
ES-2011-2205486,2011-02-01,2011-02-07,Standard Class,Ionia McGrath,Consumer,Germany,EU,Central,OFF-BI-10001249,Office Supplies,Binders,21,3,0,10.53,1.86,Medium,2011
ES-2011-2205486,2011-02-01,2011-02-07,Standard Class,Ionia McGrath,Consumer,Germany,EU,Central,OFF-BI-10001717,Office Supplies,Binders,12,2,0,4.2,0.93,Medium,2011
US-2011-118892,2011-02-01,2011-02-06,Standard Class,Dave Hallsten,Corporate,Panama,LATAM,Central,OFF-BI-10000719,Office Supplies,Binders,10,6,0.4,-0.98,0.81,Medium,2011
IN-2011-56990,2011-02-02,2011-02-05,First Class,Erin Smith,Corporate,China,APAC,North Asia,FUR-BO-10003913,Furniture,Bookcases,1052,7,0,105.21,154.4,Medium,2011
ES-2011-1640672,2011-02-02,2011-02-05,First Class,Ken Heidel,Corporate,Germany,EU,Central,TEC-PH-10001432,Technology,Phones,584,8,0.5,-58.56,109.14,High,2011
IT-2011-1877466,2011-02-02,2011-02-06,Standard Class,Evan Henry,Consumer,France,EU,Central,TEC-CO-10000660,Technology,Copiers,550,6,0.65,-235.77,96.84,High,2011
IN-2011-56990,2011-02-02,2011-02-05,First Class,Erin Smith,Corporate,China,APAC,North Asia,OFF-ST-10000362,Office Supplies,Storage,381,3,0,102.78,88.42,Medium,2011
ES-2011-2511634,2011-02-02,2011-02-06,Second Class,Ed Braxton,Corporate,Spain,EU,South,TEC-PH-10000800,Technology,Phones,587,1,0.1,104.41,78,High,2011
IT-2011-4488946,2011-02-02,2011-02-02,Same Day,Ellis Ballard,Corporate,Germany,EU,Central,TEC-CO-10004042,Technology,Copiers,379,1,0,140.13,71.57,High,2011
IN-2011-56990,2011-02-02,2011-02-05,First Class,Erin Smith,Corporate,China,APAC,North Asia,FUR-TA-10000665,Furniture,Tables,692,2,0.3,-207.73,70.94,Medium,2011
CA-2011-140795,2011-02-02,2011-02-04,First Class,Bradley Drucker,Consumer,United States,US,Central,TEC-AC-10001432,Technology,Accessories,469,6,0,206.32,66.88,High,2011
ES-2011-3188488,2011-02-02,2011-02-07,Second Class,Ken Lonsdale,Consumer,Spain,EU,South,FUR-BO-10000967,Furniture,Bookcases,729,2,0,240.72,56.01,Medium,2011
ES-2011-3642330,2011-02-02,2011-02-04,First Class,Jill Matthias,Consumer,United Kingdom,EU,North,TEC-PH-10004614,Technology,Phones,162,2,0.1,43.01,49.6,High,2011
ID-2011-60882,2011-02-02,2011-02-04,Second Class,Giulietta Dortch,Corporate,Thailand,APAC,Southeast Asia,FUR-CH-10003950,Furniture,Chairs,334,1,0.27,-109.94,46.3,Medium,2011
IT-2011-4488946,2011-02-02,2011-02-02,Same Day,Ellis Ballard,Corporate,Germany,EU,Central,OFF-ST-10000095,Office Supplies,Storage,248,2,0.1,8.26,35.68,High,2011
IN-2011-56990,2011-02-02,2011-02-05,First Class,Erin Smith,Corporate,China,APAC,North Asia,TEC-MA-10002874,Technology,Machines,468,4,0,112.32,26.59,Medium,2011
ES-2011-3188488,2011-02-02,2011-02-07,Second Class,Ken Lonsdale,Consumer,Spain,EU,South,FUR-CH-10000488,Furniture,Chairs,266,4,0.2,23.26,23.69,Medium,2011
ES-2011-1640672,2011-02-02,2011-02-05,First Class,Ken Heidel,Corporate,Germany,EU,Central,TEC-CO-10003534,Technology,Copiers,86,1,0.5,-0.02,16.56,High,2011
ID-2011-60882,2011-02-02,2011-02-04,Second Class,Giulietta Dortch,Corporate,Thailand,APAC,Southeast Asia,OFF-AR-10003554,Office Supplies,Art,105,4,0.47,-47.52,13.49,Medium,2011
IT-2011-1877466,2011-02-02,2011-02-06,Standard Class,Evan Henry,Consumer,France,EU,Central,TEC-MA-10003198,Technology,Machines,89,3,0.65,-76.14,12.91,High,2011
IT-2011-1877466,2011-02-02,2011-02-06,Standard Class,Evan Henry,Consumer,France,EU,Central,OFF-PA-10003899,Office Supplies,Paper,46,5,0.5,-41.48,6.72,High,2011
IT-2011-1877466,2011-02-02,2011-02-06,Standard Class,Evan Henry,Consumer,France,EU,Central,TEC-AC-10001564,Technology,Accessories,44,2,0.5,-7.95,6.24,High,2011
ES-2011-2734651,2011-02-02,2011-02-04,First Class,Lori Olson,Corporate,Spain,EU,South,OFF-AR-10003247,Office Supplies,Art,44,2,0,7.92,6.18,High,2011
ES-2011-3188488,2011-02-02,2011-02-07,Second Class,Ken Lonsdale,Consumer,Spain,EU,South,OFF-AR-10001461,Office Supplies,Art,57,1,0,0.54,5.96,Medium,2011
ES-2011-3188488,2011-02-02,2011-02-07,Second Class,Ken Lonsdale,Consumer,Spain,EU,South,OFF-AR-10000584,Office Supplies,Art,116,4,0,12.72,4.7,Medium,2011
ES-2011-2511634,2011-02-02,2011-02-06,Second Class,Ed Braxton,Corporate,Spain,EU,South,OFF-SU-10001657,Office Supplies,Supplies,38,1,0,18.12,4.16,High,2011
IN-2011-56990,2011-02-02,2011-02-05,First Class,Erin Smith,Corporate,China,APAC,North Asia,OFF-AR-10000387,Office Supplies,Art,95,5,0,42.45,4.14,Medium,2011
ES-2011-1640672,2011-02-02,2011-02-05,First Class,Ken Heidel,Corporate,Germany,EU,Central,OFF-PA-10000908,Office Supplies,Paper,13,1,0.5,-7.94,1.83,High,2011
ID-2011-60882,2011-02-02,2011-02-04,Second Class,Giulietta Dortch,Corporate,Thailand,APAC,Southeast Asia,OFF-LA-10000950,Office Supplies,Labels,44,6,0.47,-26.34,1.78,Medium,2011
IN-2011-35857,2011-02-02,2011-02-07,Standard Class,Duane Noonan,Consumer,Australia,APAC,Oceania,FUR-FU-10001507,Furniture,Furnishings,34,2,0.1,7.92,1.77,Medium,2011
IT-2011-5645183,2011-02-03,2011-02-05,Second Class,Max Ludwig,Home Office,Sweden,EU,North,OFF-AR-10003377,Office Supplies,Art,91,6,0.5,-61.65,6.64,Medium,2011
CA-2011-123400,2011-02-03,2011-02-10,Standard Class,Eric Barreto,Consumer,United States,US,South,TEC-PH-10002890,Technology,Phones,181,5,0.2,13.57,4.99,Medium,2011
NI-2011-7970,2011-02-03,2011-02-07,Standard Class,Dean Braden,Consumer,Nigeria,Africa,Africa,TEC-ENE-10002254,Technology,Accessories,25,1,0.7,-22.96,3.34,High,2011
IN-2011-35654,2011-02-03,2011-02-08,Standard Class,Theresa Swint,Corporate,China,APAC,North Asia,OFF-FA-10002011,Office Supplies,Fasteners,30,2,0,5.64,3.13,Medium,2011
CA-2011-123400,2011-02-03,2011-02-10,Standard Class,Eric Barreto,Consumer,United States,US,South,OFF-BI-10000666,Office Supplies,Binders,18,2,0.7,-12.22,1.66,Medium,2011
AO-2011-1710,2011-02-03,2011-02-10,Standard Class,Shaun Weien,Consumer,Angola,Africa,Africa,OFF-WIL-10001889,Office Supplies,Binders,9,2,0,4.5,0.8,Low,2011
CA-2011-139857,2011-02-03,2011-02-07,Standard Class,Cynthia Delaney,Home Office,United States,US,West,OFF-FA-10001843,Office Supplies,Fasteners,12,5,0,5.8,0.29,Medium,2011
IN-2011-80167,2011-02-04,2011-02-07,First Class,Christopher Conant,Consumer,New Zealand,APAC,Oceania,TEC-AC-10000212,Technology,Accessories,441,4,0,39.6,66.08,Medium,2011
IN-2011-80167,2011-02-04,2011-02-07,First Class,Christopher Conant,Consumer,New Zealand,APAC,Oceania,OFF-AP-10003524,Office Supplies,Appliances,884,10,0,70.5,42,Medium,2011
SF-2011-2090,2011-02-04,2011-02-09,Second Class,Tom Stivers,Corporate,South Africa,Africa,Africa,TEC-EPS-10002212,Technology,Machines,115,1,0,49.62,20.22,Medium,2011
ES-2011-3354251,2011-02-04,2011-02-08,Standard Class,Dorothy Dickinson,Consumer,France,EU,Central,OFF-ST-10003414,Office Supplies,Storage,149,3,0.1,14.87,14.97,Medium,2011
CA-2011-111059,2011-02-04,2011-02-07,Second Class,Tom Boeckenhauer,Consumer,United States,US,West,OFF-BI-10004593,Office Supplies,Binders,84,2,0.2,27.25,8.82,High,2011
SF-2011-2090,2011-02-04,2011-02-09,Second Class,Tom Stivers,Corporate,South Africa,Africa,Africa,OFF-WIL-10002772,Office Supplies,Binders,59,2,0,12.36,6.06,Medium,2011
ES-2011-1374122,2011-02-04,2011-02-08,Standard Class,Brad Thomas,Home Office,France,EU,Central,OFF-AR-10000491,Office Supplies,Art,30,2,0,10.86,3.76,High,2011
ES-2011-1374122,2011-02-04,2011-02-08,Standard Class,Brad Thomas,Home Office,France,EU,Central,OFF-LA-10003390,Office Supplies,Labels,27,3,0,5.94,3.33,High,2011
CA-2011-111059,2011-02-04,2011-02-07,Second Class,Tom Boeckenhauer,Consumer,United States,US,West,OFF-BI-10002827,Office Supplies,Binders,13,3,0.2,4.31,2.26,High,2011
SF-2011-2090,2011-02-04,2011-02-09,Second Class,Tom Stivers,Corporate,South Africa,Africa,Africa,FUR-ADV-10000847,Furniture,Furnishings,53,2,0,14.76,1.77,Medium,2011
NI-2011-8350,2011-02-04,2011-02-09,Second Class,Ann Steele,Home Office,Nigeria,Africa,Africa,OFF-SAN-10001128,Office Supplies,Art,7,2,0.7,-10.7,0.35,Medium,2011
SF-2011-2090,2011-02-04,2011-02-09,Second Class,Tom Stivers,Corporate,South Africa,Africa,Africa,OFF-AVE-10004512,Office Supplies,Binders,4,1,0,0,0.19,Medium,2011
TU-2011-7850,2011-02-05,2011-02-12,Standard Class,Anthony Witt,Consumer,Turkey,EMEA,EMEA,FUR-HAR-10002223,Furniture,Chairs,59,2,0.6,-69.84,4.77,Low,2011
CA-2011-104808,2011-02-05,2011-02-09,Second Class,Mark Haberlin,Corporate,United States,US,West,OFF-BI-10003676,Office Supplies,Binders,17,2,0.2,6.04,3.37,High,2011
CA-2011-107181,2011-02-05,2011-02-09,Standard Class,Deborah Brumfield,Home Office,United States,US,West,OFF-PA-10000350,Office Supplies,Paper,34,4,0,16.09,3.16,High,2011
CA-2011-107181,2011-02-05,2011-02-09,Standard Class,Deborah Brumfield,Home Office,United States,US,West,OFF-BI-10004230,Office Supplies,Binders,83,3,0.2,29.01,2.55,High,2011
TU-2011-7850,2011-02-05,2011-02-12,Standard Class,Anthony Witt,Consumer,Turkey,EMEA,EMEA,OFF-SME-10004247,Office Supplies,Storage,20,1,0.6,-7.36,2.22,Low,2011
TU-2011-7850,2011-02-05,2011-02-12,Standard Class,Anthony Witt,Consumer,Turkey,EMEA,EMEA,FUR-ADV-10003326,Furniture,Furnishings,8,1,0.6,-2.62,0.55,Low,2011
TU-2011-6800,2011-02-06,2011-02-10,Second Class,Justin MacKendrick,Consumer,Turkey,EMEA,EMEA,OFF-SME-10002467,Office Supplies,Labels,3,1,0.6,-2.35,0.23,Medium,2011
CA-2011-131905,2011-02-07,2011-02-10,First Class,Neil Ducich,Corporate,United States,US,South,TEC-PH-10001615,Technology,Phones,145,5,0,42.04,33.51,Medium,2011
IN-2011-67021,2011-02-07,2011-02-12,Second Class,Natalie Webber,Consumer,Malaysia,APAC,Southeast Asia,OFF-ST-10004871,Office Supplies,Storage,185,3,0,48.06,25.86,Medium,2011
CA-2011-131905,2011-02-07,2011-02-10,First Class,Neil Ducich,Corporate,United States,US,South,TEC-PH-10003645,Technology,Phones,162,1,0,42.02,25.28,Medium,2011
IN-2011-33351,2011-02-07,2011-02-13,Standard Class,Duane Benoit,Consumer,China,APAC,North Asia,OFF-AP-10003491,Office Supplies,Appliances,278,4,0,133.44,20.16,Medium,2011
IN-2011-40512,2011-02-07,2011-02-14,Standard Class,Liz Thompson,Consumer,Indonesia,APAC,Southeast Asia,TEC-PH-10002443,Technology,Phones,252,2,0.17,6.04,11.19,Medium,2011
ES-2011-2367994,2011-02-07,2011-02-11,Standard Class,Susan MacKendrick,Consumer,France,EU,Central,TEC-MA-10003986,Technology,Machines,208,2,0.15,12.23,10.45,High,2011
ES-2011-2367994,2011-02-07,2011-02-11,Standard Class,Susan MacKendrick,Consumer,France,EU,Central,OFF-AR-10001607,Office Supplies,Art,112,4,0,4.44,9.87,High,2011
ES-2011-2367994,2011-02-07,2011-02-11,Standard Class,Susan MacKendrick,Consumer,France,EU,Central,OFF-BI-10000368,Office Supplies,Binders,50,4,0,6.48,6.93,High,2011
IN-2011-33351,2011-02-07,2011-02-13,Standard Class,Duane Benoit,Consumer,China,APAC,North Asia,OFF-LA-10001672,Office Supplies,Labels,67,6,0,7.92,5.99,Medium,2011
ID-2011-85396,2011-02-07,2011-02-12,Standard Class,Scott Williamson,Consumer,New Zealand,APAC,Oceania,TEC-CO-10003561,Technology,Copiers,285,2,0.4,-104.58,4.54,Medium,2011
ES-2011-2857462,2011-02-07,2011-02-12,Standard Class,George Bell,Corporate,France,EU,Central,OFF-LA-10003969,Office Supplies,Labels,31,3,0,10.62,3.58,High,2011
CA-2011-131905,2011-02-07,2011-02-10,First Class,Neil Ducich,Corporate,United States,US,South,OFF-LA-10002787,Office Supplies,Labels,15,4,0,7.2,2.27,Medium,2011
CA-2011-108182,2011-02-07,2011-02-11,Second Class,Delfina Latchford,Consumer,United States,US,Central,OFF-BI-10001196,Office Supplies,Binders,9,2,0.8,-14.77,0.51,Medium,2011
US-2011-169390,2011-02-08,2011-02-11,Second Class,Chris Selesnick,Corporate,United States,US,East,OFF-ST-10001558,Office Supplies,Storage,65,4,0,9.74,19.07,Critical,2011
ES-2011-5045844,2011-02-08,2011-02-12,Standard Class,Edward Becker,Corporate,France,EU,Central,OFF-BI-10000815,Office Supplies,Binders,160,5,0,59.1,14.79,Medium,2011
CA-2011-107755,2011-02-08,2011-02-13,Standard Class,Cyma Kinney,Corporate,United States,US,East,TEC-AC-10000710,Technology,Accessories,115,7,0,49.6,12.6,Medium,2011
ES-2011-2608306,2011-02-08,2011-02-13,Standard Class,Shaun Weien,Consumer,Italy,EU,South,OFF-FA-10000659,Office Supplies,Fasteners,110,6,0,21.78,5.55,Medium,2011
EG-2011-3900,2011-02-08,2011-02-13,Standard Class,Kelly Williams,Consumer,Egypt,Africa,Africa,OFF-BIN-10004729,Office Supplies,Art,50,1,0,16.32,4.32,Medium,2011
MX-2011-119977,2011-02-08,2011-02-14,Standard Class,Kelly Williams,Consumer,Chile,LATAM,South,OFF-ST-10002466,Office Supplies,Storage,50,7,0,20.02,2.6,Medium,2011
IN-2011-36494,2011-02-08,2011-02-13,Standard Class,Bart Pistole,Corporate,China,APAC,North Asia,FUR-FU-10000482,Furniture,Furnishings,58,1,0,15.69,1.52,Medium,2011
IZ-2011-9890,2011-02-08,2011-02-14,Standard Class,Julia Barnett,Home Office,Iraq,EMEA,EMEA,OFF-ACC-10000233,Office Supplies,Binders,30,2,0,4.2,1.37,Medium,2011
IN-2011-36494,2011-02-08,2011-02-13,Standard Class,Bart Pistole,Corporate,China,APAC,North Asia,OFF-SU-10003559,Office Supplies,Supplies,39,3,0,8.1,1.27,Medium,2011
EG-2011-3900,2011-02-08,2011-02-13,Standard Class,Kelly Williams,Consumer,Egypt,Africa,Africa,FUR-SAF-10002314,Furniture,Chairs,331,2,0,119.16,0.16,Medium,2011
MX-2011-137064,2011-02-09,2011-02-11,Second Class,Tom Prescott,Consumer,Cuba,LATAM,Caribbean,FUR-CH-10004095,Furniture,Chairs,619,2,0,235.04,107.68,High,2011
MX-2011-116218,2011-02-09,2011-02-13,Standard Class,Liz Thompson,Consumer,Mexico,LATAM,North,TEC-CO-10003142,Technology,Copiers,513,4,0,91.53,55.89,High,2011
MX-2011-117709,2011-02-09,2011-02-09,Same Day,Shui Tom,Consumer,Cuba,LATAM,Caribbean,TEC-PH-10001264,Technology,Phones,405,4,0,52.64,53.53,Medium,2011
ES-2011-4342226,2011-02-09,2011-02-09,Same Day,Clay Ludtke,Consumer,Germany,EU,Central,OFF-AR-10001898,Office Supplies,Art,133,5,0,5.25,51.62,Critical,2011
MX-2011-116218,2011-02-09,2011-02-13,Standard Class,Liz Thompson,Consumer,Mexico,LATAM,North,FUR-TA-10002982,Furniture,Tables,407,3,0.2,106.7,44.67,High,2011
MX-2011-137064,2011-02-09,2011-02-11,Second Class,Tom Prescott,Consumer,Cuba,LATAM,Caribbean,OFF-AP-10001682,Office Supplies,Appliances,423,9,0,88.74,35.9,High,2011
IT-2011-3659171,2011-02-09,2011-02-13,Standard Class,Yoseph Carroll,Corporate,United Kingdom,EU,North,FUR-CH-10004355,Furniture,Chairs,269,2,0.1,23.89,35.76,High,2011
ES-2011-5389664,2011-02-09,2011-02-13,Standard Class,Nat Gilpin,Corporate,Netherlands,EU,Central,FUR-FU-10004527,Furniture,Furnishings,267,3,0.2,89.98,35.11,High,2011
ES-2011-4342226,2011-02-09,2011-02-09,Same Day,Clay Ludtke,Consumer,Germany,EU,Central,OFF-BI-10002799,Office Supplies,Binders,80,7,0,20.79,23,Critical,2011
ES-2011-2722980,2011-02-09,2011-02-14,Standard Class,Hallie Redmond,Home Office,Spain,EU,South,FUR-BO-10001537,Furniture,Bookcases,368,3,0,14.67,17.87,Medium,2011
ES-2011-5389664,2011-02-09,2011-02-13,Standard Class,Nat Gilpin,Corporate,Netherlands,EU,Central,OFF-ST-10002263,Office Supplies,Storage,91,3,0.5,-1.85,14.63,High,2011
ID-2011-61876,2011-02-09,2011-02-15,Standard Class,Daniel Raglin,Home Office,South Korea,APAC,North Asia,OFF-ST-10003306,Office Supplies,Storage,257,4,0.5,-205.5,13.62,Medium,2011
ID-2011-61876,2011-02-09,2011-02-15,Standard Class,Daniel Raglin,Home Office,South Korea,APAC,North Asia,FUR-TA-10004050,Furniture,Tables,203,4,0.8,-304.22,11.94,Medium,2011
ID-2011-55975,2011-02-09,2011-02-13,Standard Class,Erica Hernandez,Home Office,Australia,APAC,Oceania,FUR-FU-10002223,Furniture,Furnishings,137,6,0.1,22.63,9.45,Medium,2011
ES-2011-5389664,2011-02-09,2011-02-13,Standard Class,Nat Gilpin,Corporate,Netherlands,EU,Central,OFF-EN-10001993,Office Supplies,Envelopes,55,4,0.5,-18.66,5.71,High,2011
ES-2011-2722980,2011-02-09,2011-02-14,Standard Class,Hallie Redmond,Home Office,Spain,EU,South,OFF-AR-10000110,Office Supplies,Art,93,2,0,24.06,5.54,Medium,2011
ES-2011-2722980,2011-02-09,2011-02-14,Standard Class,Hallie Redmond,Home Office,Spain,EU,South,OFF-BI-10002570,Office Supplies,Binders,85,3,0,17.73,5.17,Medium,2011
ES-2011-2722980,2011-02-09,2011-02-14,Standard Class,Hallie Redmond,Home Office,Spain,EU,South,OFF-ST-10001142,Office Supplies,Storage,60,4,0.1,-2.66,2.85,Medium,2011
ES-2011-2722980,2011-02-09,2011-02-14,Standard Class,Hallie Redmond,Home Office,Spain,EU,South,OFF-FA-10003836,Office Supplies,Fasteners,48,3,0,4.77,2.34,Medium,2011
CA-2011-125759,2011-02-09,2011-02-10,First Class,Nathan Mautz,Home Office,United States,US,West,FUR-FU-10002111,Furniture,Furnishings,15,2,0,5.53,1.57,Medium,2011
ID-2011-61876,2011-02-09,2011-02-15,Standard Class,Daniel Raglin,Home Office,South Korea,APAC,North Asia,TEC-MA-10000684,Technology,Machines,25,1,0.5,-20.79,1.49,Medium,2011
ID-2011-61876,2011-02-09,2011-02-15,Standard Class,Daniel Raglin,Home Office,South Korea,APAC,North Asia,OFF-BI-10002632,Office Supplies,Binders,26,1,0.5,-11.84,1.27,Medium,2011
ID-2011-64599,2011-02-10,2011-02-15,Standard Class,Carol Adams,Corporate,Japan,APAC,North Asia,TEC-PH-10000303,Technology,Phones,6999,11,0,2939.31,413.8,Medium,2011
SF-2011-8180,2011-02-10,2011-02-15,Second Class,John Huston,Consumer,South Africa,Africa,Africa,TEC-CIS-10002544,Technology,Phones,718,8,0,243.84,143.07,Medium,2011
ES-2011-4632225,2011-02-10,2011-02-15,Standard Class,Michelle Ellison,Corporate,Spain,EU,South,FUR-BO-10001039,Furniture,Bookcases,822,2,0,353.22,67.95,High,2011
IT-2011-1181278,2011-02-10,2011-02-10,Same Day,Paul Lucas,Home Office,Germany,EU,Central,OFF-ST-10001554,Office Supplies,Storage,215,4,0.6,-220.03,60.85,High,2011
IN-2011-61050,2011-02-10,2011-02-13,First Class,Frank Olsen,Consumer,Malaysia,APAC,Southeast Asia,FUR-CH-10003354,Furniture,Chairs,305,7,0,2.94,59.42,Critical,2011
ES-2011-3818297,2011-02-10,2011-02-14,Standard Class,Jennifer Patt,Corporate,Switzerland,EU,Central,FUR-BO-10003968,Furniture,Bookcases,780,2,0,117,50.42,Medium,2011
ES-2011-4744800,2011-02-10,2011-02-14,Standard Class,Chad McGuire,Consumer,France,EU,Central,TEC-MA-10003101,Technology,Machines,206,2,0.15,26.55,24,High,2011
MX-2011-135552,2011-02-10,2011-02-14,Standard Class,Quincy Jones,Corporate,Mexico,LATAM,North,OFF-AP-10001941,Office Supplies,Appliances,133,2,0,9.28,22.02,High,2011
ID-2011-64599,2011-02-10,2011-02-15,Standard Class,Carol Adams,Corporate,Japan,APAC,North Asia,OFF-SU-10001407,Office Supplies,Supplies,307,7,0,70.56,21.57,Medium,2011
SF-2011-8180,2011-02-10,2011-02-15,Second Class,John Huston,Consumer,South Africa,Africa,Africa,OFF-CAR-10004408,Office Supplies,Binders,115,4,0,51.84,13.47,Medium,2011
ES-2011-3609014,2011-02-10,2011-02-16,Standard Class,Meg OConnel,Home Office,Germany,EU,Central,OFF-AR-10000079,Office Supplies,Art,124,5,0,39.6,12.38,Medium,2011
ID-2011-64599,2011-02-10,2011-02-15,Standard Class,Carol Adams,Corporate,Japan,APAC,North Asia,FUR-FU-10003198,Furniture,Furnishings,201,4,0,24.12,12.3,Medium,2011
MD-2011-8270,2011-02-10,2011-02-14,Standard Class,Philisse Overcash,Home Office,Moldova,EMEA,EMEA,OFF-SME-10003530,Office Supplies,Storage,197,1,0,17.76,11.44,Medium,2011
MX-2011-135552,2011-02-10,2011-02-14,Standard Class,Quincy Jones,Corporate,Mexico,LATAM,North,OFF-EN-10003898,Office Supplies,Envelopes,87,7,0,0.84,11.22,High,2011
IT-2011-1181278,2011-02-10,2011-02-10,Same Day,Paul Lucas,Home Office,Germany,EU,Central,OFF-BI-10000894,Office Supplies,Binders,26,5,0.5,-14.33,8.95,High,2011
ES-2011-4744800,2011-02-10,2011-02-14,Standard Class,Chad McGuire,Consumer,France,EU,Central,OFF-EN-10001202,Office Supplies,Envelopes,50,4,0,24,8.63,High,2011
MX-2011-135552,2011-02-10,2011-02-14,Standard Class,Quincy Jones,Corporate,Mexico,LATAM,North,OFF-SU-10004771,Office Supplies,Supplies,41,4,0,16.4,6.63,High,2011
MD-2011-8270,2011-02-10,2011-02-14,Standard Class,Philisse Overcash,Home Office,Moldova,EMEA,EMEA,OFF-BIN-10003089,Office Supplies,Art,67,4,0,24.24,6.28,Medium,2011
MX-2011-135552,2011-02-10,2011-02-14,Standard Class,Quincy Jones,Corporate,Mexico,LATAM,North,OFF-EN-10000258,Office Supplies,Envelopes,66,4,0,12.56,5.64,High,2011
MD-2011-8270,2011-02-10,2011-02-14,Standard Class,Philisse Overcash,Home Office,Moldova,EMEA,EMEA,FUR-RUB-10001310,Furniture,Furnishings,52,1,0,1.02,3.9,Medium,2011
MD-2011-8270,2011-02-10,2011-02-14,Standard Class,Philisse Overcash,Home Office,Moldova,EMEA,EMEA,TEC-SAM-10001013,Technology,Phones,170,1,0,30.54,3.44,Medium,2011
SF-2011-8180,2011-02-10,2011-02-15,Second Class,John Huston,Consumer,South Africa,Africa,Africa,OFF-ADV-10000177,Office Supplies,Fasteners,44,4,0,18,3.1,Medium,2011
MD-2011-8270,2011-02-10,2011-02-14,Standard Class,Philisse Overcash,Home Office,Moldova,EMEA,EMEA,OFF-ELI-10003277,Office Supplies,Supplies,53,2,0,22.38,2.85,Medium,2011
ES-2011-4632225,2011-02-10,2011-02-15,Standard Class,Michelle Ellison,Corporate,Spain,EU,South,OFF-AR-10002113,Office Supplies,Art,19,1,0,4.2,2.24,High,2011
ES-2011-3818297,2011-02-10,2011-02-14,Standard Class,Jennifer Patt,Corporate,Switzerland,EU,Central,OFF-AR-10000444,Office Supplies,Art,19,1,0,7.56,1.44,Medium,2011
MD-2011-8270,2011-02-10,2011-02-14,Standard Class,Philisse Overcash,Home Office,Moldova,EMEA,EMEA,OFF-SAN-10002015,Office Supplies,Art,14,1,0,6.54,1.32,Medium,2011
ID-2011-28661,2011-02-10,2011-02-13,Second Class,Michelle Ellison,Corporate,China,APAC,North Asia,OFF-SU-10000178,Office Supplies,Supplies,9,1,0.5,-7.73,0.98,High,2011
SF-2011-8180,2011-02-10,2011-02-15,Second Class,John Huston,Consumer,South Africa,Africa,Africa,OFF-IBI-10001772,Office Supplies,Binders,8,1,0,3.09,0.84,Medium,2011
MD-2011-8270,2011-02-10,2011-02-14,Standard Class,Philisse Overcash,Home Office,Moldova,EMEA,EMEA,OFF-ACC-10002834,Office Supplies,Fasteners,13,1,0,4.44,0.83,Medium,2011
UG-2011-9740,2011-02-10,2011-02-13,First Class,Mary ORourke,Consumer,Uganda,Africa,Africa,OFF-CAR-10001911,Office Supplies,Binders,3,1,0.7,-5.05,0.39,High,2011
ZI-2011-9280,2011-02-11,2011-02-15,Standard Class,Anna Häberlin,Corporate,Zimbabwe,Africa,Africa,TEC-HEW-10000930,Technology,Copiers,445,10,0.7,-371.04,16.58,High,2011
IR-2011-6140,2011-02-11,2011-02-13,Second Class,Lisa DeCherney,Consumer,Iran,EMEA,EMEA,TEC-SAM-10000765,Technology,Phones,138,1,0,66.18,15.49,Critical,2011
MX-2011-130981,2011-02-11,2011-02-15,Standard Class,Steve Nguyen,Home Office,Brazil,LATAM,South,TEC-CO-10001040,Technology,Copiers,190,2,0,81.42,11.76,High,2011
IR-2011-6140,2011-02-11,2011-02-13,Second Class,Lisa DeCherney,Consumer,Iran,EMEA,EMEA,OFF-SME-10004247,Office Supplies,Storage,49,1,0,22.02,6.81,Critical,2011
ZI-2011-9280,2011-02-11,2011-02-15,Standard Class,Anna Häberlin,Corporate,Zimbabwe,Africa,Africa,OFF-FIS-10000063,Office Supplies,Supplies,67,6,0.7,-55.73,5.99,High,2011
ZI-2011-9280,2011-02-11,2011-02-15,Standard Class,Anna Häberlin,Corporate,Zimbabwe,Africa,Africa,OFF-ROG-10003993,Office Supplies,Storage,85,2,0.7,-124.66,5.61,High,2011
IN-2011-60917,2011-02-11,2011-02-15,Standard Class,Sung Pak,Corporate,India,APAC,Central Asia,OFF-BI-10001659,Office Supplies,Binders,22,3,0,3.87,2.92,High,2011
ZI-2011-9280,2011-02-11,2011-02-15,Standard Class,Anna Häberlin,Corporate,Zimbabwe,Africa,Africa,FUR-ADV-10004718,Furniture,Furnishings,12,2,0.7,-20.14,1.39,High,2011
CA-2011-127614,2011-02-12,2011-02-16,Standard Class,Natalie Fritzler,Consumer,United States,US,South,FUR-TA-10003715,Furniture,Tables,1256,6,0,75.37,212.94,High,2011
MO-2011-7930,2011-02-12,2011-02-14,First Class,Eric Murdock,Consumer,Morocco,Africa,Africa,FUR-SAF-10001136,Furniture,Chairs,682,4,0,327.12,201.54,Critical,2011
CA-2011-127614,2011-02-12,2011-02-16,Standard Class,Natalie Fritzler,Consumer,United States,US,South,TEC-AC-10001432,Technology,Accessories,234,3,0,103.16,38.36,High,2011
CA-2011-168368,2011-02-12,2011-02-16,Second Class,Guy Armstrong,Consumer,United States,US,Central,FUR-FU-10002298,Furniture,Furnishings,333,3,0,53.27,18.55,Medium,2011
MO-2011-7930,2011-02-12,2011-02-14,First Class,Eric Murdock,Consumer,Morocco,Africa,Africa,OFF-SME-10000520,Office Supplies,Storage,48,1,0,22.08,12.48,Critical,2011
CA-2011-168368,2011-02-12,2011-02-16,Second Class,Guy Armstrong,Consumer,United States,US,Central,FUR-CH-10001146,Furniture,Chairs,61,1,0,15.22,10.07,Medium,2011
MO-2011-7930,2011-02-12,2011-02-14,First Class,Eric Murdock,Consumer,Morocco,Africa,Africa,OFF-EAT-10002789,Office Supplies,Paper,26,1,0,11.37,8.97,Critical,2011
MO-2011-7930,2011-02-12,2011-02-14,First Class,Eric Murdock,Consumer,Morocco,Africa,Africa,OFF-FEL-10004117,Office Supplies,Storage,57,1,0,3.99,8.97,Critical,2011
CA-2011-168368,2011-02-12,2011-02-16,Second Class,Guy Armstrong,Consumer,United States,US,Central,OFF-ST-10002583,Office Supplies,Storage,65,2,0,2.6,6.78,Medium,2011
CA-2011-168368,2011-02-12,2011-02-16,Second Class,Guy Armstrong,Consumer,United States,US,Central,OFF-BI-10004654,Office Supplies,Binders,52,3,0,24.39,3.52,Medium,2011
CA-2011-127614,2011-02-12,2011-02-16,Standard Class,Natalie Fritzler,Consumer,United States,US,South,OFF-BI-10003291,Office Supplies,Binders,17,2,0,8.21,1.47,High,2011
CA-2011-168368,2011-02-12,2011-02-16,Second Class,Guy Armstrong,Consumer,United States,US,Central,OFF-LA-10004853,Office Supplies,Labels,15,3,0,6.87,1.12,Medium,2011
IN-2011-73734,2011-02-12,2011-02-19,Standard Class,Michael Granlund,Home Office,India,APAC,Central Asia,OFF-BI-10004440,Office Supplies,Binders,14,1,0,3.3,0.97,Medium,2011
CA-2011-168368,2011-02-12,2011-02-16,Second Class,Guy Armstrong,Consumer,United States,US,Central,OFF-BI-10004728,Office Supplies,Binders,10,2,0,4.43,0.33,Medium,2011
US-2011-110674,2011-02-13,2011-02-19,Standard Class,Sanjit Chand,Consumer,United States,US,West,FUR-CH-10000225,Furniture,Chairs,130,2,0.2,-24.29,3.26,Medium,2011
RS-2011-3350,2011-02-14,2011-02-16,Second Class,Muhammed MacIntyre,Corporate,Russia,EMEA,EMEA,TEC-CAN-10000932,Technology,Copiers,1279,4,0,319.8,286.19,Critical,2011
RS-2011-3350,2011-02-14,2011-02-16,Second Class,Muhammed MacIntyre,Corporate,Russia,EMEA,EMEA,FUR-ELD-10004384,Furniture,Furnishings,465,4,0,130.2,121.21,Critical,2011
RS-2011-3350,2011-02-14,2011-02-16,Second Class,Muhammed MacIntyre,Corporate,Russia,EMEA,EMEA,TEC-BRO-10002103,Technology,Copiers,297,2,0,145.74,82.46,Critical,2011
IN-2011-85284,2011-02-14,2011-02-18,Standard Class,Katrina Bavinger,Home Office,Australia,APAC,Oceania,TEC-PH-10001187,Technology,Phones,607,4,0,115.32,31.65,Medium,2011
IN-2011-85284,2011-02-14,2011-02-18,Standard Class,Katrina Bavinger,Home Office,Australia,APAC,Oceania,OFF-ST-10000210,Office Supplies,Storage,406,2,0,178.8,30.38,Medium,2011
NG-2011-830,2011-02-14,2011-02-18,Standard Class,Jasper Cacioppo,Consumer,Niger,Africa,Africa,OFF-SAN-10001546,Office Supplies,Paper,238,8,0,106.8,28.45,High,2011
MX-2011-106803,2011-02-14,2011-02-19,Standard Class,Laurel Beltran,Home Office,Cuba,LATAM,Caribbean,TEC-PH-10001298,Technology,Phones,192,4,0,13.36,20.14,High,2011
IN-2011-11350,2011-02-14,2011-02-18,Standard Class,Toby Gnade,Consumer,China,APAC,North Asia,OFF-AR-10003613,Office Supplies,Art,254,5,0,76.05,16.29,Medium,2011
SG-2011-4160,2011-02-14,2011-02-18,Second Class,Toby Carlisle,Consumer,Senegal,Africa,Africa,OFF-GLO-10002982,Office Supplies,Envelopes,77,2,0,0.72,15.23,High,2011
MX-2011-106803,2011-02-14,2011-02-19,Standard Class,Laurel Beltran,Home Office,Cuba,LATAM,Caribbean,OFF-SU-10004662,Office Supplies,Supplies,77,6,0,24.6,13.32,High,2011
IN-2011-11350,2011-02-14,2011-02-18,Standard Class,Toby Gnade,Consumer,China,APAC,North Asia,FUR-FU-10002598,Furniture,Furnishings,147,3,0,61.56,11.53,Medium,2011
MX-2011-106803,2011-02-14,2011-02-19,Standard Class,Laurel Beltran,Home Office,Cuba,LATAM,Caribbean,OFF-ST-10001954,Office Supplies,Storage,82,2,0,22.84,9.61,High,2011
MX-2011-106803,2011-02-14,2011-02-19,Standard Class,Laurel Beltran,Home Office,Cuba,LATAM,Caribbean,TEC-AC-10003927,Technology,Accessories,77,2,0,33.2,8.38,High,2011
IN-2011-85284,2011-02-14,2011-02-18,Standard Class,Katrina Bavinger,Home Office,Australia,APAC,Oceania,OFF-SU-10000079,Office Supplies,Supplies,156,4,0,26.52,6.91,Medium,2011
IN-2011-22662,2011-02-14,2011-02-16,Second Class,Deborah Brumfield,Home Office,Hong Kong,APAC,North Asia,OFF-FA-10003318,Office Supplies,Fasteners,58,3,0,5.13,6.7,Medium,2011
IN-2011-22662,2011-02-14,2011-02-16,Second Class,Deborah Brumfield,Home Office,Hong Kong,APAC,North Asia,TEC-PH-10001640,Technology,Phones,73,1,0,29.94,6.34,Medium,2011
ES-2011-2543443,2011-02-14,2011-02-19,Second Class,Helen Andreada,Consumer,Spain,EU,South,OFF-AR-10003450,Office Supplies,Art,26,1,0,0.51,2.68,Medium,2011
IN-2011-85284,2011-02-14,2011-02-18,Standard Class,Katrina Bavinger,Home Office,Australia,APAC,Oceania,OFF-BI-10004121,Office Supplies,Binders,27,4,0,5.04,2.11,Medium,2011
SG-2011-4160,2011-02-14,2011-02-18,Second Class,Toby Carlisle,Consumer,Senegal,Africa,Africa,OFF-AVE-10000608,Office Supplies,Binders,16,2,0,6.42,2.03,High,2011
RS-2011-4710,2011-02-14,2011-02-20,Standard Class,Toby Braunhardt,Consumer,Russia,EMEA,EMEA,OFF-SAN-10004881,Office Supplies,Art,27,1,0,13.53,2.03,Low,2011
MX-2011-106803,2011-02-14,2011-02-19,Standard Class,Laurel Beltran,Home Office,Cuba,LATAM,Caribbean,OFF-AR-10004173,Office Supplies,Art,14,2,0,6.16,1.78,High,2011
ES-2011-2543443,2011-02-14,2011-02-19,Second Class,Helen Andreada,Consumer,Spain,EU,South,OFF-ST-10002151,Office Supplies,Storage,9,1,0.1,1.61,0.79,Medium,2011
SF-2011-6380,2011-02-15,2011-02-16,First Class,Pete Armstrong,Home Office,South Africa,Africa,Africa,OFF-SME-10000746,Office Supplies,Storage,2785,14,0,779.52,422.25,Critical,2011
IN-2011-75890,2011-02-15,2011-02-19,Standard Class,Jeremy Ellison,Consumer,Japan,APAC,North Asia,FUR-BO-10004852,Furniture,Bookcases,1744,4,0,645.24,181.61,Medium,2011
ID-2011-47575,2011-02-15,2011-02-21,Standard Class,Christopher Martinez,Consumer,Philippines,APAC,Southeast Asia,TEC-PH-10001921,Technology,Phones,921,9,0.25,-172.13,128.01,Low,2011
ID-2011-47575,2011-02-15,2011-02-21,Standard Class,Christopher Martinez,Consumer,Philippines,APAC,Southeast Asia,TEC-CO-10000865,Technology,Copiers,1235,6,0.35,-456.17,118.63,Low,2011
IT-2011-1044550,2011-02-15,2011-02-20,Standard Class,Gary Zandusky,Consumer,Netherlands,EU,Central,FUR-BO-10004129,Furniture,Bookcases,875,4,0.5,-577.32,78.18,Medium,2011
IT-2011-3264984,2011-02-15,2011-02-21,Standard Class,Tracy Poddar,Corporate,Spain,EU,South,FUR-CH-10002891,Furniture,Chairs,728,2,0.2,-81.86,60.76,Medium,2011
IT-2011-1044550,2011-02-15,2011-02-20,Standard Class,Gary Zandusky,Consumer,Netherlands,EU,Central,FUR-TA-10000115,Furniture,Tables,273,3,0.7,-499.98,21.13,Medium,2011
CA-2011-121762,2011-02-15,2011-02-19,Standard Class,Marina Lichtenstein,Corporate,United States,US,West,OFF-SU-10000157,Office Supplies,Supplies,239,2,0,4.77,20.08,Medium,2011
ID-2011-47575,2011-02-15,2011-02-21,Standard Class,Christopher Martinez,Consumer,Philippines,APAC,Southeast Asia,TEC-PH-10003772,Technology,Phones,137,2,0.25,-1.85,16.42,Low,2011
CG-2011-6250,2011-02-15,2011-02-20,Standard Class,Trudy Brown,Consumer,Democratic Republic of the Congo,Africa,Africa,TEC-OKI-10003655,Technology,Machines,209,4,0,4.08,15.22,Medium,2011
CA-2011-121762,2011-02-15,2011-02-19,Standard Class,Marina Lichtenstein,Corporate,United States,US,West,TEC-AC-10000736,Technology,Accessories,240,3,0,86.39,13.45,Medium,2011
CG-2011-6250,2011-02-15,2011-02-20,Standard Class,Trudy Brown,Consumer,Democratic Republic of the Congo,Africa,Africa,OFF-TEN-10004194,Office Supplies,Storage,135,1,0,63.24,13.08,Medium,2011
CG-2011-6250,2011-02-15,2011-02-20,Standard Class,Trudy Brown,Consumer,Democratic Republic of the Congo,Africa,Africa,OFF-BOS-10002340,Office Supplies,Art,158,6,0,64.8,10.16,Medium,2011
CG-2011-6250,2011-02-15,2011-02-20,Standard Class,Trudy Brown,Consumer,Democratic Republic of the Congo,Africa,Africa,OFF-CUI-10004536,Office Supplies,Appliances,133,2,0,1.32,9.99,Medium,2011
CG-2011-6250,2011-02-15,2011-02-20,Standard Class,Trudy Brown,Consumer,Democratic Republic of the Congo,Africa,Africa,OFF-STA-10004108,Office Supplies,Art,99,2,0,23.82,9.19,Medium,2011
IT-2011-3264984,2011-02-15,2011-02-21,Standard Class,Tracy Poddar,Corporate,Spain,EU,South,FUR-FU-10000388,Furniture,Furnishings,127,3,0,19.08,8.53,Medium,2011
CG-2011-6250,2011-02-15,2011-02-20,Standard Class,Trudy Brown,Consumer,Democratic Republic of the Congo,Africa,Africa,OFF-GRE-10002561,Office Supplies,Paper,95,4,0,9.48,6.19,Medium,2011
CG-2011-6250,2011-02-15,2011-02-20,Standard Class,Trudy Brown,Consumer,Democratic Republic of the Congo,Africa,Africa,FUR-ELD-10003179,Furniture,Furnishings,55,1,0,18.72,5.69,Medium,2011
CA-2011-121762,2011-02-15,2011-02-19,Standard Class,Marina Lichtenstein,Corporate,United States,US,West,OFF-AP-10001293,Office Supplies,Appliances,82,2,0,22.95,4.71,Medium,2011
CG-2011-6250,2011-02-15,2011-02-20,Standard Class,Trudy Brown,Consumer,Democratic Republic of the Congo,Africa,Africa,OFF-GRE-10000216,Office Supplies,Paper,31,1,0,3.42,1.95,Medium,2011
CA-2011-107706,2011-02-15,2011-02-20,Second Class,Shui Tom,Consumer,United States,US,Central,OFF-PA-10000466,Office Supplies,Paper,16,3,0.2,6.07,1.27,High,2011
CG-2011-6250,2011-02-15,2011-02-20,Standard Class,Trudy Brown,Consumer,Democratic Republic of the Congo,Africa,Africa,OFF-OIC-10004999,Office Supplies,Fasteners,30,2,0,12,0.95,Medium,2011
IT-2011-1978668,2011-02-16,2011-02-19,Second Class,Odella Nelson,Corporate,France,EU,Central,FUR-CH-10002203,Furniture,Chairs,4544,11,0.1,1868.13,506.27,Medium,2011
IN-2011-78263,2011-02-16,2011-02-21,Standard Class,Benjamin Farhat,Home Office,India,APAC,Central Asia,TEC-MA-10002941,Technology,Machines,1211,7,0,423.78,113.03,Medium,2011
MX-2011-133816,2011-02-16,2011-02-20,Standard Class,Matt Hagelstein,Corporate,Cuba,LATAM,Caribbean,TEC-AC-10001990,Technology,Accessories,517,3,0,180.96,48.23,Medium,2011
IT-2011-1978668,2011-02-16,2011-02-19,Second Class,Odella Nelson,Corporate,France,EU,Central,OFF-AP-10000717,Office Supplies,Appliances,277,1,0.1,-0.03,27.94,Medium,2011
IN-2011-65033,2011-02-16,2011-02-21,Standard Class,Bart Watters,Corporate,Australia,APAC,Oceania,TEC-MA-10002464,Technology,Machines,480,2,0.1,58.64,26.73,Medium,2011
IN-2011-65033,2011-02-16,2011-02-21,Standard Class,Bart Watters,Corporate,Australia,APAC,Oceania,FUR-CH-10001913,Furniture,Chairs,476,3,0.1,15.83,25.88,Medium,2011
IT-2011-1978668,2011-02-16,2011-02-19,Second Class,Odella Nelson,Corporate,France,EU,Central,TEC-PH-10003995,Technology,Phones,284,2,0.15,43.37,23.67,Medium,2011
IN-2011-65033,2011-02-16,2011-02-21,Standard Class,Bart Watters,Corporate,Australia,APAC,Oceania,FUR-CH-10001664,Furniture,Chairs,292,2,0.1,38.87,12.64,Medium,2011
MX-2011-133816,2011-02-16,2011-02-20,Standard Class,Matt Hagelstein,Corporate,Cuba,LATAM,Caribbean,OFF-AP-10002165,Office Supplies,Appliances,239,5,0,31.1,12.28,Medium,2011
IN-2011-78263,2011-02-16,2011-02-21,Standard Class,Benjamin Farhat,Home Office,India,APAC,Central Asia,FUR-FU-10001619,Furniture,Furnishings,150,3,0,58.5,8.48,Medium,2011
MX-2011-133816,2011-02-16,2011-02-20,Standard Class,Matt Hagelstein,Corporate,Cuba,LATAM,Caribbean,TEC-CO-10000262,Technology,Copiers,294,3,0,49.45,7.47,Medium,2011
IT-2011-1978668,2011-02-16,2011-02-19,Second Class,Odella Nelson,Corporate,France,EU,Central,OFF-AR-10003521,Office Supplies,Art,90,6,0,32.22,6.89,Medium,2011
ES-2011-4436456,2011-02-16,2011-02-20,Standard Class,Rob Williams,Corporate,France,EU,Central,TEC-PH-10001557,Technology,Phones,105,1,0.15,30.84,5.83,Medium,2011
MX-2011-143812,2011-02-16,2011-02-20,Second Class,Tracy Zic,Consumer,Nicaragua,LATAM,Central,FUR-FU-10004013,Furniture,Furnishings,80,5,0,1.5,4.39,Medium,2011
ES-2011-4436456,2011-02-16,2011-02-20,Standard Class,Rob Williams,Corporate,France,EU,Central,OFF-PA-10000301,Office Supplies,Paper,62,4,0,0,3.13,Medium,2011
CA-2011-165568,2011-02-16,2011-02-20,Standard Class,Barry Französisch,Corporate,United States,US,West,OFF-BI-10001031,Office Supplies,Binders,21,5,0.2,7.21,2.41,Medium,2011
IN-2011-78263,2011-02-16,2011-02-21,Standard Class,Benjamin Farhat,Home Office,India,APAC,Central Asia,OFF-LA-10003396,Office Supplies,Labels,40,3,0,8.73,2.35,Medium,2011
IN-2011-78263,2011-02-16,2011-02-21,Standard Class,Benjamin Farhat,Home Office,India,APAC,Central Asia,FUR-BO-10004230,Furniture,Bookcases,123,1,0,50.61,1.34,Medium,2011
ES-2011-4436456,2011-02-16,2011-02-20,Standard Class,Rob Williams,Corporate,France,EU,Central,OFF-AR-10002113,Office Supplies,Art,38,2,0,8.4,1.32,Medium,2011
MX-2011-133816,2011-02-16,2011-02-20,Standard Class,Matt Hagelstein,Corporate,Cuba,LATAM,Caribbean,OFF-BI-10004142,Office Supplies,Binders,11,2,0,4.48,0.7,Medium,2011
MX-2011-163636,2011-02-17,2011-02-22,Standard Class,Emily Ducich,Home Office,Guatemala,LATAM,Central,TEC-PH-10004880,Technology,Phones,309,3,0,102.06,26.54,High,2011
MX-2011-163636,2011-02-17,2011-02-22,Standard Class,Emily Ducich,Home Office,Guatemala,LATAM,Central,FUR-FU-10000060,Furniture,Furnishings,67,5,0,2.6,11.37,High,2011
IN-2011-40498,2011-02-17,2011-02-19,First Class,Laura Armstrong,Corporate,China,APAC,North Asia,OFF-FA-10003626,Office Supplies,Fasteners,70,5,0,29.4,10.97,Critical,2011
ID-2011-66048,2011-02-17,2011-02-22,Standard Class,Laurel Beltran,Home Office,Thailand,APAC,Southeast Asia,OFF-BI-10000389,Office Supplies,Binders,127,3,0.17,-25.95,7.69,Medium,2011
MX-2011-163636,2011-02-17,2011-02-22,Standard Class,Emily Ducich,Home Office,Guatemala,LATAM,Central,OFF-EN-10004012,Office Supplies,Envelopes,29,2,0,13.96,2.53,High,2011
ZI-2011-3890,2011-02-17,2011-02-19,First Class,Katrina Willman,Consumer,Zimbabwe,Africa,Africa,OFF-BIN-10000327,Office Supplies,Art,8,1,0.7,-14.47,2.38,Medium,2011
CA-2011-122567,2011-02-17,2011-02-22,Standard Class,Michael Nguyen,Consumer,United States,US,Central,OFF-AP-10001303,Office Supplies,Appliances,8,2,0.8,-13.93,0.92,High,2011
NI-2011-3080,2011-02-17,2011-02-22,Standard Class,Roger Demir,Consumer,Nigeria,Africa,Africa,OFF-HAR-10004099,Office Supplies,Labels,6,2,0.7,-7.05,0.56,Medium,2011
ZI-2011-3890,2011-02-17,2011-02-19,First Class,Katrina Willman,Consumer,Zimbabwe,Africa,Africa,OFF-SAN-10004339,Office Supplies,Art,6,1,0.7,-6.44,0.4,Medium,2011
CA-2011-122567,2011-02-17,2011-02-22,Standard Class,Michael Nguyen,Consumer,United States,US,Central,OFF-BI-10002012,Office Supplies,Binders,1,3,0.8,-1.73,0.11,High,2011
IN-2011-17111,2011-02-18,2011-02-21,Second Class,Michelle Lonsdale,Corporate,Australia,APAC,Oceania,TEC-PH-10002042,Technology,Phones,825,5,0.1,54.87,161.63,High,2011
CA-2011-4710,2011-02-18,2011-02-20,First Class,Skye Norling,Home Office,Canada,Canada,Canada,OFF-CUI-10001965,Office Supplies,Appliances,277,1,0,30.42,46.69,High,2011
ID-2011-72173,2011-02-18,2011-02-20,First Class,Charles McCrossin,Consumer,South Korea,APAC,North Asia,TEC-AC-10003753,Technology,Accessories,258,2,0.5,-165.03,29.12,Medium,2011
ES-2011-5118812,2011-02-18,2011-02-23,Standard Class,Alan Barnes,Consumer,France,EU,Central,TEC-MA-10003558,Technology,Machines,129,3,0.15,-1.53,13.21,Medium,2011
IN-2011-31895,2011-02-18,2011-02-23,Standard Class,Ruben Dartt,Consumer,India,APAC,Central Asia,FUR-CH-10001871,Furniture,Chairs,300,3,0,18,12.23,Medium,2011
IN-2011-51530,2011-02-18,2011-02-24,Standard Class,Jim Radford,Consumer,Australia,APAC,Oceania,OFF-PA-10000127,Office Supplies,Paper,82,5,0.1,24.39,7.44,Medium,2011
CA-2011-4710,2011-02-18,2011-02-20,First Class,Skye Norling,Home Office,Canada,Canada,Canada,OFF-ACM-10002713,Office Supplies,Supplies,37,1,0,13.02,7.41,High,2011
ES-2011-5987802,2011-02-18,2011-02-22,Second Class,Daniel Lacy,Consumer,Germany,EU,Central,OFF-FA-10002350,Office Supplies,Fasteners,62,7,0,23.31,7.12,Medium,2011
CA-2011-4710,2011-02-18,2011-02-20,First Class,Skye Norling,Home Office,Canada,Canada,Canada,OFF-KIT-10001245,Office Supplies,Appliances,97,1,0,36.84,6.88,High,2011
IN-2011-17111,2011-02-18,2011-02-21,Second Class,Michelle Lonsdale,Corporate,Australia,APAC,Oceania,OFF-SU-10001731,Office Supplies,Supplies,24,1,0.1,10.41,5.13,High,2011
CA-2011-154165,2011-02-18,2011-02-25,Standard Class,Delfina Latchford,Consumer,United States,US,Central,OFF-AR-10003631,Office Supplies,Art,54,14,0.2,8.81,4.11,Low,2011
CA-2011-4710,2011-02-18,2011-02-20,First Class,Skye Norling,Home Office,Canada,Canada,Canada,OFF-SAN-10001326,Office Supplies,Paper,30,1,0,7.71,3.92,High,2011
ES-2011-1720401,2011-02-18,2011-02-24,Standard Class,Ken Heidel,Corporate,France,EU,Central,OFF-FA-10003463,Office Supplies,Fasteners,35,3,0,13.77,3.5,Medium,2011
ES-2011-5118812,2011-02-18,2011-02-23,Standard Class,Alan Barnes,Consumer,France,EU,Central,OFF-BI-10001717,Office Supplies,Binders,24,4,0,8.4,2.77,Medium,2011
IN-2011-17111,2011-02-18,2011-02-21,Second Class,Michelle Lonsdale,Corporate,Australia,APAC,Oceania,OFF-LA-10003644,Office Supplies,Labels,14,2,0.1,1.69,1.37,High,2011
ES-2011-5987802,2011-02-18,2011-02-22,Second Class,Daniel Lacy,Consumer,Germany,EU,Central,OFF-FA-10004344,Office Supplies,Fasteners,55,5,0,8.25,1.27,Medium,2011
IN-2011-46504,2011-02-19,2011-02-21,Second Class,Larry Tron,Consumer,India,APAC,Central Asia,OFF-SU-10002742,Office Supplies,Supplies,118,3,0,36.63,9.87,High,2011
US-2011-165589,2011-02-19,2011-02-19,Same Day,Troy Blackwell,Consumer,United States,US,Central,FUR-FU-10002396,Furniture,Furnishings,25,5,0.6,-11.32,1.39,High,2011
CA-2011-152905,2011-02-19,2011-02-25,Standard Class,Aaron Bergman,Consumer,United States,US,Central,OFF-ST-10000321,Office Supplies,Storage,13,2,0.2,-2.52,0.97,Low,2011
IN-2011-64627,2011-02-21,2011-02-25,Standard Class,Sam Craven,Consumer,Japan,APAC,North Asia,TEC-MA-10003801,Technology,Machines,803,5,0,224.85,78.45,Medium,2011
ES-2011-4052630,2011-02-21,2011-02-26,Standard Class,Zuschuss Donatelli,Consumer,Italy,EU,South,FUR-TA-10003899,Furniture,Tables,1003,4,0.5,-942.9,72.92,Medium,2011
IN-2011-78781,2011-02-21,2011-02-25,Standard Class,John Lucas,Consumer,Australia,APAC,Oceania,OFF-ST-10000107,Office Supplies,Storage,806,7,0.1,-62.85,54.17,Medium,2011
IN-2011-26456,2011-02-21,2011-02-28,Standard Class,Erin Ashbrook,Corporate,China,APAC,North Asia,TEC-CO-10004689,Technology,Copiers,297,2,0,56.46,51.95,Low,2011
ID-2011-24454,2011-02-21,2011-02-21,Same Day,Liz MacKendrick,Consumer,Philippines,APAC,Southeast Asia,OFF-PA-10002047,Office Supplies,Paper,173,6,0.45,-104.03,37.06,High,2011
IN-2011-58341,2011-02-21,2011-02-25,Second Class,Andrew Roberts,Consumer,Hong Kong,APAC,North Asia,FUR-BO-10004773,Furniture,Bookcases,346,2,0,114.06,27.59,Medium,2011
IN-2011-26456,2011-02-21,2011-02-28,Standard Class,Erin Ashbrook,Corporate,China,APAC,North Asia,OFF-EN-10003508,Office Supplies,Envelopes,150,6,0,70.2,19.92,Low,2011
IN-2011-78781,2011-02-21,2011-02-25,Standard Class,John Lucas,Consumer,Australia,APAC,Oceania,TEC-PH-10004300,Technology,Phones,184,3,0.1,75.59,18.66,Medium,2011
IN-2011-59993,2011-02-21,2011-02-23,Second Class,Arthur Gainer,Consumer,Singapore,APAC,Southeast Asia,FUR-CH-10000825,Furniture,Chairs,179,3,0,69.93,17.13,Medium,2011
ES-2011-4052630,2011-02-21,2011-02-26,Standard Class,Zuschuss Donatelli,Consumer,Italy,EU,South,OFF-AR-10002454,Office Supplies,Art,164,3,0,78.48,16.05,Medium,2011
ID-2011-24454,2011-02-21,2011-02-21,Same Day,Liz MacKendrick,Consumer,Philippines,APAC,Southeast Asia,TEC-PH-10001805,Technology,Phones,93,1,0.25,-7.47,8.84,High,2011
CA-2011-109491,2011-02-21,2011-02-27,Standard Class,Linda Cazamias,Corporate,United States,US,Central,TEC-AC-10001284,Technology,Accessories,62,3,0,22.43,3.97,Medium,2011
IN-2011-58341,2011-02-21,2011-02-25,Second Class,Andrew Roberts,Consumer,Hong Kong,APAC,North Asia,OFF-FA-10001309,Office Supplies,Fasteners,25,2,0,4.74,2.96,Medium,2011
IN-2011-78781,2011-02-21,2011-02-25,Standard Class,John Lucas,Consumer,Australia,APAC,Oceania,OFF-LA-10000732,Office Supplies,Labels,36,6,0.1,8.24,2.54,Medium,2011
ES-2011-4052630,2011-02-21,2011-02-26,Standard Class,Zuschuss Donatelli,Consumer,Italy,EU,South,TEC-MA-10003856,Technology,Machines,30,1,0.4,-5.47,2.41,Medium,2011
ES-2011-4052630,2011-02-21,2011-02-26,Standard Class,Zuschuss Donatelli,Consumer,Italy,EU,South,OFF-ST-10001818,Office Supplies,Storage,29,1,0.4,-13.09,2.34,Medium,2011
IT-2011-3284965,2011-02-21,2011-02-25,Standard Class,Sarah Jordon,Consumer,Switzerland,EU,Central,OFF-FA-10003462,Office Supplies,Fasteners,21,2,0,5.88,1.8,Medium,2011
IT-2011-3284965,2011-02-21,2011-02-25,Standard Class,Sarah Jordon,Consumer,Switzerland,EU,Central,OFF-ST-10000154,Office Supplies,Storage,32,3,0,8.37,1.77,Medium,2011
ES-2011-4228024,2011-02-21,2011-02-28,Standard Class,Alice McCarthy,Corporate,Italy,EU,South,OFF-LA-10004332,Office Supplies,Labels,18,3,0,3.69,1.54,Low,2011
CA-2011-164903,2011-02-21,2011-02-25,Standard Class,Steven Roelle,Home Office,United States,US,West,OFF-PA-10003363,Office Supplies,Paper,13,2,0,6.22,1.14,High,2011
CA-2011-109491,2011-02-21,2011-02-27,Standard Class,Linda Cazamias,Corporate,United States,US,Central,FUR-FU-10000221,Furniture,Furnishings,20,4,0,6.91,0.83,Medium,2011
ES-2011-3353574,2011-02-22,2011-02-26,Standard Class,Paul Gonzalez,Consumer,Italy,EU,South,TEC-MA-10002118,Technology,Machines,477,3,0.4,39.67,85.57,High,2011
PL-2011-9340,2011-02-22,2011-02-27,Second Class,Rick Wilson,Corporate,Poland,EMEA,EMEA,OFF-AVE-10002079,Office Supplies,Binders,403,8,0,24,30.21,Medium,2011
ES-2011-3353574,2011-02-22,2011-02-26,Standard Class,Paul Gonzalez,Consumer,Italy,EU,South,FUR-FU-10000620,Furniture,Furnishings,103,2,0,29.76,20.15,High,2011
IR-2011-360,2011-02-22,2011-02-27,Standard Class,Sam Zeldin,Home Office,Iran,EMEA,EMEA,FUR-HON-10003080,Furniture,Tables,490,1,0,63.66,17.73,Medium,2011
PL-2011-9340,2011-02-22,2011-02-27,Second Class,Rick Wilson,Corporate,Poland,EMEA,EMEA,TEC-PAN-10004651,Technology,Machines,333,4,0,29.88,15.62,Medium,2011
ES-2011-3353574,2011-02-22,2011-02-26,Standard Class,Paul Gonzalez,Consumer,Italy,EU,South,OFF-BI-10000368,Office Supplies,Binders,63,5,0,8.1,9.61,High,2011
IT-2011-4664416,2011-02-22,2011-02-27,Standard Class,Christopher Martinez,Consumer,Ireland,EU,North,TEC-PH-10003960,Technology,Phones,185,3,0.5,-92.52,9.15,Medium,2011
IR-2011-360,2011-02-22,2011-02-27,Standard Class,Sam Zeldin,Home Office,Iran,EMEA,EMEA,OFF-STO-10001791,Office Supplies,Fasteners,115,6,0,25.38,6.92,Medium,2011
IN-2011-16362,2011-02-22,2011-02-26,Standard Class,Rick Huthwaite,Home Office,India,APAC,Central Asia,TEC-AC-10000051,Technology,Accessories,207,2,0,43.5,5.99,Medium,2011
IR-2011-360,2011-02-22,2011-02-27,Standard Class,Sam Zeldin,Home Office,Iran,EMEA,EMEA,OFF-FEL-10002897,Office Supplies,Storage,58,1,0,15.03,5.34,Medium,2011
TU-2011-5500,2011-02-22,2011-02-24,Second Class,Andrew Gjertsen,Corporate,Turkey,EMEA,EMEA,OFF-ROG-10001372,Office Supplies,Storage,25,1,0.6,-18.53,3.84,High,2011
ES-2011-3353574,2011-02-22,2011-02-26,Standard Class,Paul Gonzalez,Consumer,Italy,EU,South,OFF-BI-10001253,Office Supplies,Binders,41,3,0,12.24,3.66,High,2011
ES-2011-3353574,2011-02-22,2011-02-26,Standard Class,Paul Gonzalez,Consumer,Italy,EU,South,OFF-BI-10002986,Office Supplies,Binders,23,2,0,8.22,3.23,High,2011
CG-2011-1930,2011-02-22,2011-02-26,Standard Class,Patricia Hirasaki,Home Office,Democratic Republic of the Congo,Africa,Africa,OFF-BIC-10003680,Office Supplies,Art,38,2,0,15.12,3.15,Medium,2011
PL-2011-9340,2011-02-22,2011-02-27,Second Class,Rick Wilson,Corporate,Poland,EMEA,EMEA,OFF-JIF-10000981,Office Supplies,Envelopes,47,2,0,8.94,1.95,Medium,2011
ES-2011-4187064,2011-02-22,2011-02-24,Second Class,Julia Dunbar,Consumer,France,EU,Central,OFF-BI-10002193,Office Supplies,Binders,10,2,0,2.34,1.09,High,2011
CA-2011-165540,2011-02-22,2011-02-26,Standard Class,Tamara Manning,Consumer,United States,US,Central,OFF-BI-10004094,Office Supplies,Binders,9,5,0.8,-13.72,0.7,Medium,2011
TU-2011-5500,2011-02-22,2011-02-24,Second Class,Andrew Gjertsen,Corporate,Turkey,EMEA,EMEA,OFF-EAT-10003405,Office Supplies,Paper,6,1,0.6,-5.66,0.54,High,2011
IR-2011-360,2011-02-22,2011-02-27,Standard Class,Sam Zeldin,Home Office,Iran,EMEA,EMEA,OFF-HAR-10003659,Office Supplies,Labels,11,1,0,1.5,0.34,Medium,2011
TU-2011-5990,2011-02-22,2011-02-26,Standard Class,Michelle Lonsdale,Corporate,Turkey,EMEA,EMEA,OFF-HON-10004014,Office Supplies,Labels,4,1,0.6,-2.32,0.34,High,2011
IN-2011-44901,2011-02-23,2011-02-26,First Class,Mitch Gastineau,Corporate,India,APAC,Central Asia,TEC-CO-10004997,Technology,Copiers,1527,4,0,732.72,319.53,High,2011
IN-2011-44901,2011-02-23,2011-02-26,First Class,Mitch Gastineau,Corporate,India,APAC,Central Asia,FUR-BO-10002462,Furniture,Bookcases,2066,5,0,41.25,248.81,High,2011
US-2011-145674,2011-02-23,2011-02-26,First Class,Mary ORourke,Consumer,Mexico,LATAM,North,FUR-CH-10001914,Furniture,Chairs,158,5,0.2,-0.06,59.64,Critical,2011
ID-2011-55667,2011-02-23,2011-02-26,Second Class,Roland Fjeld,Consumer,Pakistan,APAC,Central Asia,FUR-CH-10001871,Furniture,Chairs,160,2,0.2,-28.06,25.95,High,2011
ID-2011-55667,2011-02-23,2011-02-26,Second Class,Roland Fjeld,Consumer,Pakistan,APAC,Central Asia,TEC-PH-10003752,Technology,Phones,98,3,0.5,-29.43,13.05,High,2011
AJ-2011-4460,2011-02-23,2011-02-23,Same Day,Carlos Meador,Consumer,Azerbaijan,EMEA,EMEA,OFF-WIL-10003299,Office Supplies,Binders,49,1,0,5.4,9.76,Medium,2011
IN-2011-44901,2011-02-23,2011-02-26,First Class,Mitch Gastineau,Corporate,India,APAC,Central Asia,OFF-SU-10002566,Office Supplies,Supplies,169,4,0,70.8,8.4,High,2011
CA-2011-133354,2011-02-23,2011-02-25,First Class,Sue Ann Reed,Consumer,United States,US,West,OFF-PA-10001800,Office Supplies,Paper,19,3,0,9.33,5.01,High,2011
IN-2011-44901,2011-02-23,2011-02-26,First Class,Mitch Gastineau,Corporate,India,APAC,Central Asia,OFF-EN-10000224,Office Supplies,Envelopes,17,2,0,3.3,3.97,High,2011
ID-2011-55667,2011-02-23,2011-02-26,Second Class,Roland Fjeld,Consumer,Pakistan,APAC,Central Asia,OFF-PA-10004495,Office Supplies,Paper,45,3,0.5,0,1.48,High,2011
IT-2011-2889545,2011-02-23,2011-02-28,Standard Class,Giulietta Dortch,Corporate,Italy,EU,South,FUR-CH-10000214,Furniture,Chairs,47,2,0.6,-60.41,0.93,Medium,2011
ES-2011-2377967,2011-02-24,2011-02-28,Standard Class,Julie Creighton,Corporate,Belgium,EU,Central,FUR-BO-10000002,Furniture,Bookcases,2076,5,0,103.8,197.11,Medium,2011
IR-2011-6700,2011-02-24,2011-02-25,First Class,Tom Stivers,Corporate,Iran,EMEA,EMEA,TEC-CIS-10001717,Technology,Phones,654,1,0,287.85,136.02,Medium,2011
MX-2011-161480,2011-02-24,2011-02-24,Same Day,Carlos Soltero,Consumer,Brazil,LATAM,South,TEC-CO-10004589,Technology,Copiers,501,2,0,84.4,69.65,Medium,2011
IR-2011-6700,2011-02-24,2011-02-25,First Class,Tom Stivers,Corporate,Iran,EMEA,EMEA,TEC-BEL-10003177,Technology,Accessories,490,6,0,29.34,39.03,Medium,2011
US-2011-149559,2011-02-24,2011-02-28,Standard Class,Gary Zandusky,Consumer,Brazil,LATAM,South,TEC-MA-10003390,Technology,Machines,143,2,0.6,-85.98,22.4,High,2011
IN-2011-74378,2011-02-24,2011-02-25,First Class,Jim Mitchum,Corporate,Myanmar (Burma),APAC,Southeast Asia,OFF-EN-10004495,Office Supplies,Envelopes,95,5,0.17,-7.01,19.89,Medium,2011
MX-2011-161480,2011-02-24,2011-02-24,Same Day,Carlos Soltero,Consumer,Brazil,LATAM,South,TEC-PH-10002292,Technology,Phones,612,6,0,238.8,19.51,Medium,2011
ES-2011-2377967,2011-02-24,2011-02-28,Standard Class,Julie Creighton,Corporate,Belgium,EU,Central,OFF-BI-10002172,Office Supplies,Binders,309,6,0,77.04,13.8,Medium,2011
CA-2011-8490,2011-02-24,2011-03-03,Standard Class,Toby Braunhardt,Consumer,Canada,Canada,Canada,OFF-FEL-10002658,Office Supplies,Storage,57,1,0,23.31,7.54,Low,2011
US-2011-132388,2011-02-24,2011-02-28,Standard Class,Gary Zandusky,Consumer,Dominican Republic,LATAM,Caribbean,TEC-MA-10002710,Technology,Machines,107,2,0.7,-121.79,7.32,Medium,2011
IR-2011-6700,2011-02-24,2011-02-25,First Class,Tom Stivers,Corporate,Iran,EMEA,EMEA,OFF-ROG-10002818,Office Supplies,Storage,62,1,0,24.84,6.07,Medium,2011
NI-2011-9470,2011-02-24,2011-02-27,First Class,Damala Kotsonis,Corporate,Nigeria,Africa,Africa,TEC-OKI-10003770,Technology,Machines,37,1,0.7,-81.2,5.89,High,2011
IR-2011-6700,2011-02-24,2011-02-25,First Class,Tom Stivers,Corporate,Iran,EMEA,EMEA,OFF-ACC-10000798,Office Supplies,Binders,27,4,0,2.28,5.51,Medium,2011
ES-2011-2377967,2011-02-24,2011-02-28,Standard Class,Julie Creighton,Corporate,Belgium,EU,Central,TEC-CO-10003597,Technology,Copiers,525,2,0,57.66,4.97,Medium,2011
SG-2011-8120,2011-02-24,2011-02-28,Standard Class,Christy Brittain,Consumer,Senegal,Africa,Africa,TEC-LOG-10000368,Technology,Accessories,64,2,0,30.06,4.15,High,2011
IR-2011-6700,2011-02-24,2011-02-25,First Class,Tom Stivers,Corporate,Iran,EMEA,EMEA,OFF-WIL-10001069,Office Supplies,Binders,16,4,0,1.68,3.14,Medium,2011
MX-2011-161480,2011-02-24,2011-02-24,Same Day,Carlos Soltero,Consumer,Brazil,LATAM,South,OFF-PA-10002360,Office Supplies,Paper,68,3,0,1.32,2.99,Medium,2011
IR-2011-6700,2011-02-24,2011-02-25,First Class,Tom Stivers,Corporate,Iran,EMEA,EMEA,OFF-IBI-10001494,Office Supplies,Binders,9,1,0,4.05,1.04,Medium,2011
CA-2011-103744,2011-02-24,2011-02-28,Standard Class,Michael Grace,Home Office,United States,US,Central,OFF-LA-10004425,Office Supplies,Labels,7,3,0.2,2.34,0.5,Medium,2011
NI-2011-9470,2011-02-24,2011-02-27,First Class,Damala Kotsonis,Corporate,Nigeria,Africa,Africa,OFF-XER-10003104,Office Supplies,Paper,4,1,0.7,-7.4,0.27,High,2011
CA-2011-103744,2011-02-24,2011-02-28,Standard Class,Michael Grace,Home Office,United States,US,Central,OFF-BI-10000320,Office Supplies,Binders,4,3,0.8,-6.86,0.23,Medium,2011
AG-2011-8180,2011-02-25,2011-02-25,Same Day,Rose OBrian,Consumer,Algeria,Africa,Africa,TEC-EPS-10004558,Technology,Machines,613,2,0,202.32,241.33,Critical,2011
ID-2011-56969,2011-02-25,2011-03-03,Standard Class,Fred McMath,Consumer,China,APAC,North Asia,TEC-PH-10004281,Technology,Phones,1527,9,0,656.64,172.32,Medium,2011
AG-2011-8180,2011-02-25,2011-02-25,Same Day,Rose OBrian,Consumer,Algeria,Africa,Africa,OFF-ELD-10000845,Office Supplies,Storage,394,2,0,78.78,110.6,Critical,2011
AG-2011-8180,2011-02-25,2011-02-25,Same Day,Rose OBrian,Consumer,Algeria,Africa,Africa,OFF-SAN-10001681,Office Supplies,Paper,339,10,0,37.2,27.29,Critical,2011
AG-2011-8180,2011-02-25,2011-02-25,Same Day,Rose OBrian,Consumer,Algeria,Africa,Africa,OFF-ADV-10004598,Office Supplies,Fasteners,54,4,0,12.84,22.06,Critical,2011
MX-2011-131352,2011-02-25,2011-02-28,Second Class,Mike Kennedy,Consumer,Cuba,LATAM,Caribbean,FUR-FU-10003237,Furniture,Furnishings,57,3,0,6.84,20.1,Critical,2011
CG-2011-6540,2011-02-25,2011-02-27,Second Class,Tracy Hopkins,Home Office,Democratic Republic of the Congo,Africa,Africa,OFF-STO-10000347,Office Supplies,Fasteners,98,6,0,34.2,18.74,High,2011
MX-2011-114909,2011-02-25,2011-03-01,Standard Class,Emily Grady,Consumer,Guatemala,LATAM,Central,TEC-CO-10001177,Technology,Copiers,232,2,0,43.7,14.26,Medium,2011
US-2011-137680,2011-02-25,2011-03-02,Standard Class,Jennifer Halladay,Consumer,United States,US,West,OFF-PA-10000174,Office Supplies,Paper,33,4,0.2,11.1,2.37,High,2011
AG-2011-8180,2011-02-25,2011-02-25,Same Day,Rose OBrian,Consumer,Algeria,Africa,Africa,OFF-NOV-10003180,Office Supplies,Labels,8,1,0,0.57,2.14,Critical,2011
US-2011-137680,2011-02-25,2011-03-02,Standard Class,Jennifer Halladay,Consumer,United States,US,West,OFF-PA-10000069,Office Supplies,Paper,23,3,0.2,7.69,1.97,High,2011
CG-2011-6540,2011-02-25,2011-02-27,Second Class,Tracy Hopkins,Home Office,Democratic Republic of the Congo,Africa,Africa,OFF-NOV-10004223,Office Supplies,Labels,9,1,0,1.59,1.13,High,2011
CG-2011-6540,2011-02-25,2011-02-27,Second Class,Tracy Hopkins,Home Office,Democratic Republic of the Congo,Africa,Africa,OFF-ACC-10000798,Office Supplies,Binders,7,1,0,0.57,0.7,High,2011
MX-2011-135440,2011-02-26,2011-02-28,Second Class,Bill Stewart,Corporate,Nicaragua,LATAM,Central,TEC-CO-10002063,Technology,Copiers,988,5,0,126.72,107.47,Medium,2011
MX-2011-135440,2011-02-26,2011-02-28,Second Class,Bill Stewart,Corporate,Nicaragua,LATAM,Central,FUR-BO-10003323,Furniture,Bookcases,685,6,0,280.92,88.39,Medium,2011
ID-2011-25735,2011-02-26,2011-03-01,Second Class,Michael Dominguez,Corporate,Indonesia,APAC,Southeast Asia,TEC-MA-10001726,Technology,Machines,287,3,0.17,-45.1,81.63,Critical,2011
IT-2011-3203475,2011-02-26,2011-03-04,Standard Class,Bobby Odegard,Consumer,Netherlands,EU,Central,FUR-FU-10001086,Furniture,Furnishings,533,6,0.2,-0.14,39.26,Medium,2011
MX-2011-116246,2011-02-26,2011-03-02,Second Class,Rob Lucas,Consumer,El Salvador,LATAM,Central,OFF-ST-10000645,Office Supplies,Storage,268,3,0,10.68,33.3,Medium,2011
IN-2011-43718,2011-02-26,2011-02-28,First Class,David Flashing,Consumer,Japan,APAC,North Asia,OFF-SU-10003863,Office Supplies,Supplies,79,3,0,25.38,28.91,Critical,2011
MX-2011-133466,2011-02-26,2011-03-02,Standard Class,Alan Haines,Corporate,Cuba,LATAM,Caribbean,FUR-CH-10003354,Furniture,Chairs,360,3,0,104.46,27.4,Medium,2011
US-2011-162012,2011-02-26,2011-03-02,Standard Class,Alan Haines,Corporate,Brazil,LATAM,South,FUR-CH-10001536,Furniture,Chairs,144,3,0.6,-111.68,14.32,Medium,2011
MX-2011-133466,2011-02-26,2011-03-02,Standard Class,Alan Haines,Corporate,Cuba,LATAM,Caribbean,TEC-PH-10003254,Technology,Phones,177,4,0,54.96,9.28,Medium,2011
MX-2011-116246,2011-02-26,2011-03-02,Second Class,Rob Lucas,Consumer,El Salvador,LATAM,Central,OFF-SU-10003371,Office Supplies,Supplies,58,2,0,0,8.2,Medium,2011
IT-2011-3203475,2011-02-26,2011-03-04,Standard Class,Bobby Odegard,Consumer,Netherlands,EU,Central,TEC-PH-10002079,Technology,Phones,120,3,0.5,-40.68,7.74,Medium,2011
IN-2011-15991,2011-02-26,2011-03-02,Standard Class,Lena Cacioppo,Consumer,China,APAC,North Asia,TEC-AC-10000896,Technology,Accessories,59,1,0,10.05,7.27,High,2011
MX-2011-133466,2011-02-26,2011-03-02,Standard Class,Alan Haines,Corporate,Cuba,LATAM,Caribbean,OFF-SU-10004711,Office Supplies,Supplies,55,2,0,1.64,4.86,Medium,2011
MX-2011-135440,2011-02-26,2011-02-28,Second Class,Bill Stewart,Corporate,Nicaragua,LATAM,Central,FUR-FU-10000850,Furniture,Furnishings,67,2,0,32.76,4.74,Medium,2011
MX-2011-116246,2011-02-26,2011-03-02,Second Class,Rob Lucas,Consumer,El Salvador,LATAM,Central,OFF-AR-10001813,Office Supplies,Art,47,3,0,17.34,3.89,Medium,2011
MX-2011-133466,2011-02-26,2011-03-02,Standard Class,Alan Haines,Corporate,Cuba,LATAM,Caribbean,TEC-AC-10004951,Technology,Accessories,52,3,0,18.66,3.68,Medium,2011
US-2011-162012,2011-02-26,2011-03-02,Standard Class,Alan Haines,Corporate,Brazil,LATAM,South,TEC-PH-10001602,Technology,Phones,71,4,0.6,-51.46,2.95,Medium,2011
US-2011-162012,2011-02-26,2011-03-02,Standard Class,Alan Haines,Corporate,Brazil,LATAM,South,OFF-SU-10001554,Office Supplies,Supplies,22,2,0.6,-31.38,2.07,Medium,2011
US-2011-162012,2011-02-26,2011-03-02,Standard Class,Alan Haines,Corporate,Brazil,LATAM,South,TEC-AC-10004715,Technology,Accessories,21,3,0.6,-12.52,1.87,Medium,2011
MX-2011-135440,2011-02-26,2011-02-28,Second Class,Bill Stewart,Corporate,Nicaragua,LATAM,Central,OFF-PA-10003301,Office Supplies,Paper,11,1,0,3.2,0.65,Medium,2011
IR-2011-6860,2011-02-27,2011-03-06,Standard Class,Dennis Kane,Consumer,Iran,EMEA,EMEA,TEC-EPS-10000774,Technology,Machines,625,8,0,93.6,54.7,Medium,2011
ID-2011-72894,2011-02-28,2011-03-03,First Class,Paul Stevenson,Home Office,South Korea,APAC,North Asia,OFF-AP-10000675,Office Supplies,Appliances,811,3,0.5,-599.94,236.16,Critical,2011
ID-2011-72894,2011-02-28,2011-03-03,First Class,Paul Stevenson,Home Office,South Korea,APAC,North Asia,FUR-FU-10000815,Furniture,Furnishings,401,10,0.2,-5.22,108.34,Critical,2011
MX-2011-156748,2011-02-28,2011-02-28,Same Day,Sarah Brown,Consumer,Brazil,LATAM,South,TEC-MA-10001859,Technology,Machines,358,2,0,110.96,64.95,High,2011
ID-2011-72894,2011-02-28,2011-03-03,First Class,Paul Stevenson,Home Office,South Korea,APAC,North Asia,OFF-AP-10003275,Office Supplies,Appliances,311,2,0.5,-224.01,60.79,Critical,2011
ID-2011-72894,2011-02-28,2011-03-03,First Class,Paul Stevenson,Home Office,South Korea,APAC,North Asia,FUR-FU-10004074,Furniture,Furnishings,140,7,0.2,6.8,50.88,Critical,2011
IN-2011-56213,2011-02-28,2011-03-04,Second Class,Deborah Brumfield,Home Office,Philippines,APAC,Southeast Asia,TEC-AC-10004081,Technology,Accessories,120,3,0.45,10.82,18.64,Medium,2011
ID-2011-72894,2011-02-28,2011-03-03,First Class,Paul Stevenson,Home Office,South Korea,APAC,North Asia,TEC-AC-10003668,Technology,Accessories,115,2,0.5,-50.55,16.32,Critical,2011
IN-2011-56213,2011-02-28,2011-03-04,Second Class,Deborah Brumfield,Home Office,Philippines,APAC,Southeast Asia,OFF-BI-10002243,Office Supplies,Binders,125,5,0.15,41.18,7.71,Medium,2011
CA-2011-156545,2011-02-28,2011-03-03,First Class,Joy Smith,Consumer,United States,US,East,OFF-AR-10003560,Office Supplies,Art,19,4,0.2,3.4,3.38,Medium,2011
ID-2011-56129,2011-02-28,2011-03-07,Standard Class,Sally Hughsby,Corporate,Australia,APAC,Oceania,OFF-AR-10000578,Office Supplies,Art,18,1,0.4,-10.01,2.15,Medium,2011
CA-2011-1800,2011-03-01,2011-03-04,First Class,Tom Prescott,Consumer,Canada,Canada,Canada,OFF-FEL-10001405,Office Supplies,Storage,551,4,0,71.64,164.36,High,2011
ES-2011-1705541,2011-03-01,2011-03-06,Standard Class,Todd Sumrall,Corporate,United Kingdom,EU,North,FUR-BO-10000259,Furniture,Bookcases,1314,3,0,341.73,150.4,High,2011
UP-2011-3730,2011-03-01,2011-03-05,Standard Class,Ruben Dartt,Consumer,Ukraine,EMEA,EMEA,TEC-LOG-10003896,Technology,Accessories,1471,6,0,264.6,146.55,Medium,2011
ES-2011-3893444,2011-03-01,2011-03-05,Standard Class,Tom Boeckenhauer,Consumer,Germany,EU,Central,OFF-AP-10002568,Office Supplies,Appliances,364,8,0.2,45.46,80.67,High,2011
CA-2011-113880,2011-03-01,2011-03-05,Standard Class,Vicky Freymann,Home Office,United States,US,Central,FUR-CH-10000863,Furniture,Chairs,634,6,0.3,-172.12,70.05,High,2011
CA-2011-1800,2011-03-01,2011-03-04,First Class,Tom Prescott,Consumer,Canada,Canada,Canada,FUR-HAR-10001792,Furniture,Chairs,246,4,0,105.96,65.81,High,2011
ES-2011-1705541,2011-03-01,2011-03-06,Standard Class,Todd Sumrall,Corporate,United Kingdom,EU,North,FUR-CH-10002830,Furniture,Chairs,705,5,0,288.75,64.4,High,2011
UP-2011-3730,2011-03-01,2011-03-05,Standard Class,Ruben Dartt,Consumer,Ukraine,EMEA,EMEA,OFF-FEL-10002867,Office Supplies,Storage,1244,6,0,211.5,60.78,Medium,2011
IN-2011-59986,2011-03-01,2011-03-03,First Class,Katherine Hughes,Consumer,Australia,APAC,Oceania,TEC-MA-10002520,Technology,Machines,215,2,0.1,7.16,55.67,High,2011
CA-2011-104269,2011-03-01,2011-03-06,Second Class,Dave Brooks,Consumer,United States,US,West,FUR-CH-10004063,Furniture,Chairs,458,2,0.2,51.48,47.89,Medium,2011
UP-2011-3730,2011-03-01,2011-03-05,Standard Class,Ruben Dartt,Consumer,Ukraine,EMEA,EMEA,TEC-SHA-10004874,Technology,Copiers,588,2,0,123.36,42.88,Medium,2011
CA-2011-168312,2011-03-01,2011-03-07,Standard Class,Giulietta Weimer,Consumer,United States,US,Central,FUR-TA-10001866,Furniture,Tables,377,3,0.3,-43.03,32.7,Medium,2011
ES-2011-1705541,2011-03-01,2011-03-06,Standard Class,Todd Sumrall,Corporate,United Kingdom,EU,North,OFF-AR-10004151,Office Supplies,Art,195,4,0,34.92,25.39,High,2011
CA-2011-131009,2011-03-01,2011-03-05,Standard Class,Shahid Collister,Consumer,United States,US,Central,FUR-CH-10001270,Furniture,Chairs,362,6,0.3,0,25.22,Medium,2011
UP-2011-3090,2011-03-01,2011-03-01,Same Day,Bryan Spruell,Home Office,Ukraine,EMEA,EMEA,FUR-HON-10002424,Furniture,Chairs,163,2,0,76.5,24.42,Medium,2011
UP-2011-3090,2011-03-01,2011-03-01,Same Day,Bryan Spruell,Home Office,Ukraine,EMEA,EMEA,OFF-FEL-10002897,Office Supplies,Storage,116,2,0,30.06,19.52,Medium,2011
CA-2011-1800,2011-03-01,2011-03-04,First Class,Tom Prescott,Consumer,Canada,Canada,Canada,TEC-APP-10004912,Technology,Phones,493,4,0,123.24,18.19,High,2011
ES-2011-1517387,2011-03-01,2011-03-08,Standard Class,Chris McAfee,Consumer,France,EU,Central,OFF-AR-10001418,Office Supplies,Art,107,4,0,29.88,16.48,Low,2011
UP-2011-3730,2011-03-01,2011-03-05,Standard Class,Ruben Dartt,Consumer,Ukraine,EMEA,EMEA,TEC-KON-10002194,Technology,Machines,266,1,0,79.86,16.22,Medium,2011
IN-2011-56738,2011-03-01,2011-03-05,Standard Class,Randy Ferguson,Corporate,Japan,APAC,North Asia,FUR-FU-10002210,Furniture,Furnishings,352,7,0,59.64,15.91,Medium,2011
IN-2011-26946,2011-03-01,2011-03-06,Standard Class,Logan Haushalter,Consumer,Indonesia,APAC,Southeast Asia,FUR-CH-10001465,Furniture,Chairs,239,2,0.27,62.17,15.01,Medium,2011
IN-2011-26946,2011-03-01,2011-03-06,Standard Class,Logan Haushalter,Consumer,Indonesia,APAC,Southeast Asia,OFF-EN-10004495,Office Supplies,Envelopes,109,9,0.47,-74.41,14.58,Medium,2011
ES-2011-2010166,2011-03-01,2011-03-05,Standard Class,Lori Olson,Corporate,Germany,EU,Central,TEC-AC-10004791,Technology,Accessories,151,2,0.1,-5.06,14.22,Medium,2011
ID-2011-50144,2011-03-01,2011-03-05,Standard Class,Logan Haushalter,Consumer,Australia,APAC,Oceania,TEC-PH-10001619,Technology,Phones,92,1,0.4,-45.95,13.96,High,2011
UP-2011-3730,2011-03-01,2011-03-05,Standard Class,Ruben Dartt,Consumer,Ukraine,EMEA,EMEA,FUR-SAF-10004530,Furniture,Bookcases,197,1,0,86.55,12.33,Medium,2011
ES-2011-3893444,2011-03-01,2011-03-05,Standard Class,Tom Boeckenhauer,Consumer,Germany,EU,Central,OFF-ST-10000875,Office Supplies,Storage,118,3,0.2,36.68,11.43,High,2011
CA-2011-168312,2011-03-01,2011-03-07,Standard Class,Giulietta Weimer,Consumer,United States,US,Central,OFF-ST-10003692,Office Supplies,Storage,137,3,0.2,8.58,8.49,Medium,2011
UP-2011-3090,2011-03-01,2011-03-01,Same Day,Bryan Spruell,Home Office,Ukraine,EMEA,EMEA,OFF-STA-10000298,Office Supplies,Art,99,2,0,15.78,8.42,Medium,2011
ES-2011-3893444,2011-03-01,2011-03-05,Standard Class,Tom Boeckenhauer,Consumer,Germany,EU,Central,OFF-ST-10000988,Office Supplies,Storage,63,3,0.2,23.76,8.22,High,2011
CA-2011-131009,2011-03-01,2011-03-05,Standard Class,Shahid Collister,Consumer,United States,US,Central,OFF-ST-10001469,Office Supplies,Storage,130,3,0.2,-22.67,8,Medium,2011
CA-2011-131009,2011-03-01,2011-03-05,Standard Class,Shahid Collister,Consumer,United States,US,Central,FUR-FU-10001095,Furniture,Furnishings,64,6,0.6,-34.95,7.38,Medium,2011
UP-2011-3730,2011-03-01,2011-03-05,Standard Class,Ruben Dartt,Consumer,Ukraine,EMEA,EMEA,TEC-STA-10004927,Technology,Machines,221,2,0,15.48,6.87,Medium,2011
CA-2011-1800,2011-03-01,2011-03-04,First Class,Tom Prescott,Consumer,Canada,Canada,Canada,OFF-ACC-10004692,Office Supplies,Binders,30,1,0,2.73,6.7,High,2011
ES-2011-1416586,2011-03-01,2011-03-04,Second Class,Ed Ludwig,Home Office,Germany,EU,Central,TEC-MA-10001825,Technology,Machines,47,1,0,12.54,6.09,Medium,2011
IN-2011-59986,2011-03-01,2011-03-03,First Class,Katherine Hughes,Consumer,Australia,APAC,Oceania,OFF-SU-10001770,Office Supplies,Supplies,24,1,0.1,8.9,5.44,High,2011
ID-2011-50144,2011-03-01,2011-03-05,Standard Class,Logan Haushalter,Consumer,Australia,APAC,Oceania,OFF-PA-10000116,Office Supplies,Paper,24,3,0.4,-7.63,3.9,High,2011
UP-2011-3730,2011-03-01,2011-03-05,Standard Class,Ruben Dartt,Consumer,Ukraine,EMEA,EMEA,OFF-ELD-10002578,Office Supplies,Storage,62,6,0,17.82,3.73,Medium,2011
ES-2011-1705541,2011-03-01,2011-03-06,Standard Class,Todd Sumrall,Corporate,United Kingdom,EU,North,OFF-AR-10004884,Office Supplies,Art,37,3,0,10.35,3.55,High,2011
ES-2011-1416586,2011-03-01,2011-03-04,Second Class,Ed Ludwig,Home Office,Germany,EU,Central,OFF-AR-10000505,Office Supplies,Art,147,12,0,0,3.35,Medium,2011
ES-2011-1416586,2011-03-01,2011-03-04,Second Class,Ed Ludwig,Home Office,Germany,EU,Central,OFF-ST-10000127,Office Supplies,Storage,102,2,0.1,35.24,3.3,Medium,2011
CA-2011-1800,2011-03-01,2011-03-04,First Class,Tom Prescott,Consumer,Canada,Canada,Canada,OFF-OIC-10002161,Office Supplies,Fasteners,12,1,0,2.46,3.1,High,2011
CA-2011-1800,2011-03-01,2011-03-04,First Class,Tom Prescott,Consumer,Canada,Canada,Canada,OFF-HON-10001783,Office Supplies,Labels,12,1,0,5.64,2.24,High,2011
UP-2011-3730,2011-03-01,2011-03-05,Standard Class,Ruben Dartt,Consumer,Ukraine,EMEA,EMEA,FUR-NOV-10004962,Furniture,Chairs,48,1,0,12.09,2.21,Medium,2011
CA-2011-131009,2011-03-01,2011-03-05,Standard Class,Shahid Collister,Consumer,United States,US,Central,OFF-FA-10004395,Office Supplies,Fasteners,19,5,0.2,-3.53,2.05,Medium,2011
CA-2011-113880,2011-03-01,2011-03-05,Standard Class,Vicky Freymann,Home Office,United States,US,Central,OFF-PA-10003036,Office Supplies,Paper,17,3,0.2,5.68,1.94,High,2011
UP-2011-3090,2011-03-01,2011-03-01,Same Day,Bryan Spruell,Home Office,Ukraine,EMEA,EMEA,OFF-HON-10000137,Office Supplies,Labels,13,2,0,5.46,1.94,Medium,2011
UP-2011-3730,2011-03-01,2011-03-05,Standard Class,Ruben Dartt,Consumer,Ukraine,EMEA,EMEA,OFF-TEN-10001585,Office Supplies,Storage,17,1,0,7.41,1.14,Medium,2011
IN-2011-59986,2011-03-01,2011-03-03,First Class,Katherine Hughes,Consumer,Australia,APAC,Oceania,OFF-BI-10004436,Office Supplies,Binders,13,2,0.1,-1.16,1.05,High,2011
IN-2011-52146,2011-03-01,2011-03-05,Standard Class,Brian DeCherney,Consumer,Australia,APAC,Oceania,OFF-BI-10000583,Office Supplies,Binders,22,6,0.1,4.27,1.02,Medium,2011
ES-2011-3227800,2011-03-01,2011-03-05,Standard Class,Jeremy Farry,Consumer,Italy,EU,South,OFF-BI-10003650,Office Supplies,Binders,18,2,0,3.18,0.97,Medium,2011
UP-2011-3730,2011-03-01,2011-03-05,Standard Class,Ruben Dartt,Consumer,Ukraine,EMEA,EMEA,OFF-TEN-10003211,Office Supplies,Storage,31,2,0,14.28,0.81,Medium,2011
NI-2011-190,2011-03-01,2011-03-06,Standard Class,Edward Hooks,Corporate,Nigeria,Africa,Africa,OFF-HOO-10002386,Office Supplies,Appliances,25,1,0.7,-28.71,0.79,Medium,2011
US-2011-143707,2011-03-01,2011-03-05,Standard Class,Hallie Redmond,Home Office,United States,US,East,TEC-PH-10003655,Technology,Phones,6,3,0,1.6,0.42,Medium,2011
IN-2011-53469,2011-03-02,2011-03-07,Standard Class,Chuck Clark,Home Office,Australia,APAC,Oceania,FUR-BO-10003384,Furniture,Bookcases,775,7,0.1,146.33,52.13,Medium,2011
IN-2011-53469,2011-03-02,2011-03-07,Standard Class,Chuck Clark,Home Office,Australia,APAC,Oceania,FUR-BO-10004404,Furniture,Bookcases,776,6,0.1,94.81,51.08,Medium,2011
ID-2011-34037,2011-03-02,2011-03-02,Same Day,Mary Zewe,Corporate,Indonesia,APAC,Southeast Asia,FUR-CH-10002250,Furniture,Chairs,682,2,0.27,186.97,48.69,Medium,2011
IN-2011-34800,2011-03-02,2011-03-06,Standard Class,Giulietta Dortch,Corporate,Australia,APAC,Oceania,FUR-CH-10001752,Furniture,Chairs,258,3,0.1,31.48,28.53,Medium,2011
ID-2011-34037,2011-03-02,2011-03-02,Same Day,Mary Zewe,Corporate,Indonesia,APAC,Southeast Asia,TEC-CO-10002350,Technology,Copiers,1055,3,0.07,-34.08,27.16,Medium,2011
IZ-2011-6520,2011-03-02,2011-03-06,Standard Class,Natalie Webber,Consumer,Iraq,EMEA,EMEA,OFF-ROG-10000191,Office Supplies,Storage,211,1,0,52.65,21.46,Medium,2011
CA-2011-111157,2011-03-02,2011-03-06,Standard Class,Nicole Hansen,Corporate,United States,US,East,TEC-AC-10004353,Technology,Accessories,151,3,0.2,32.13,9.21,High,2011
IN-2011-53469,2011-03-02,2011-03-07,Standard Class,Chuck Clark,Home Office,Australia,APAC,Oceania,OFF-BI-10002919,Office Supplies,Binders,107,8,0.1,16.46,7.66,Medium,2011
MX-2011-158575,2011-03-02,2011-03-06,Standard Class,Frank Hawley,Corporate,Cuba,LATAM,Caribbean,OFF-PA-10000994,Office Supplies,Paper,36,2,0,14.2,2.25,Medium,2011
CA-2011-107524,2011-03-02,2011-03-08,Standard Class,Kristina Nunn,Home Office,United States,US,East,OFF-PA-10000587,Office Supplies,Paper,36,5,0,17.47,2.18,Medium,2011
IN-2011-53469,2011-03-02,2011-03-07,Standard Class,Chuck Clark,Home Office,Australia,APAC,Oceania,OFF-AR-10002340,Office Supplies,Art,46,2,0.1,4.52,1.46,Medium,2011
CA-2011-107524,2011-03-02,2011-03-08,Standard Class,Kristina Nunn,Home Office,United States,US,East,OFF-EN-10001990,Office Supplies,Envelopes,11,2,0,5.34,0.94,Medium,2011
CA-2011-111157,2011-03-02,2011-03-06,Standard Class,Nicole Hansen,Corporate,United States,US,East,OFF-PA-10000327,Office Supplies,Paper,3,1,0.2,1.07,0.41,High,2011
AL-2011-7440,2011-03-03,2011-03-05,Second Class,Scot Coram,Corporate,Albania,EMEA,EMEA,TEC-STA-10002497,Technology,Machines,1619,10,0,258.9,301.73,High,2011
IN-2011-52853,2011-03-03,2011-03-08,Second Class,Mike Vittorini,Consumer,Bangladesh,APAC,Central Asia,FUR-CH-10000432,Furniture,Chairs,1096,6,0,65.7,100.65,High,2011
MX-2011-150357,2011-03-03,2011-03-05,Second Class,Mitch Willingham,Corporate,Dominican Republic,LATAM,Caribbean,FUR-CH-10004572,Furniture,Chairs,752,3,0.2,56.35,70.49,High,2011
MO-2011-720,2011-03-03,2011-03-07,Standard Class,Ben Wallace,Consumer,Morocco,Africa,Africa,TEC-PAN-10000577,Technology,Machines,311,1,0,90.03,48.52,High,2011
MO-2011-720,2011-03-03,2011-03-07,Standard Class,Ben Wallace,Consumer,Morocco,Africa,Africa,TEC-STA-10000893,Technology,Machines,598,2,0,263.04,43.14,High,2011
RO-2011-6490,2011-03-03,2011-03-09,Standard Class,Sandra Flanagan,Consumer,Romania,EMEA,EMEA,TEC-KON-10002034,Technology,Machines,489,4,0,97.8,36.03,Medium,2011
US-2011-115392,2011-03-03,2011-03-10,Standard Class,Cari Schnelling,Consumer,Honduras,LATAM,Central,TEC-CO-10002271,Technology,Copiers,825,7,0.4,-389.16,35.2,Low,2011
US-2011-127978,2011-03-03,2011-03-08,Standard Class,Jill Stevenson,Corporate,United States,US,East,FUR-BO-10001972,Furniture,Bookcases,302,5,0.5,-199.62,34.51,Medium,2011
CA-2011-105648,2011-03-03,2011-03-07,Standard Class,Eva Jacobs,Consumer,United States,US,West,FUR-TA-10002958,Furniture,Tables,626,3,0.2,-23.49,32.55,Medium,2011
RO-2011-6490,2011-03-03,2011-03-09,Standard Class,Sandra Flanagan,Consumer,Romania,EMEA,EMEA,FUR-DAN-10001462,Furniture,Bookcases,492,4,0,4.8,27.75,Medium,2011
CA-2011-127964,2011-03-03,2011-03-08,Standard Class,Anne Pryor,Home Office,United States,US,East,OFF-BI-10004593,Office Supplies,Binders,126,3,0.2,40.87,22.16,High,2011
US-2011-115392,2011-03-03,2011-03-10,Standard Class,Cari Schnelling,Consumer,Honduras,LATAM,Central,TEC-PH-10003102,Technology,Phones,334,5,0.4,-200.24,19.72,Low,2011
IN-2011-52853,2011-03-03,2011-03-08,Second Class,Mike Vittorini,Consumer,Bangladesh,APAC,Central Asia,TEC-CO-10003951,Technology,Copiers,731,3,0,160.83,18.07,High,2011
EG-2011-2040,2011-03-03,2011-03-07,Standard Class,Anne Pryor,Home Office,Egypt,Africa,Africa,OFF-KIT-10001040,Office Supplies,Appliances,140,2,0,57.3,11.09,Medium,2011
CA-2011-130421,2011-03-03,2011-03-07,Standard Class,Sam Craven,Consumer,United States,US,Central,OFF-AP-10002534,Office Supplies,Appliances,177,3,0.8,-459.61,10.65,Medium,2011
AG-2011-380,2011-03-03,2011-03-09,Standard Class,Christopher Conant,Consumer,Algeria,Africa,Africa,FUR-ELD-10003131,Furniture,Furnishings,113,1,0,29.43,9.51,Medium,2011
NI-2011-1790,2011-03-03,2011-03-10,Standard Class,Astrea Jones,Consumer,Nigeria,Africa,Africa,OFF-SME-10002740,Office Supplies,Storage,119,2,0.7,-99.27,9.39,Medium,2011
RO-2011-6490,2011-03-03,2011-03-09,Standard Class,Sandra Flanagan,Consumer,Romania,EMEA,EMEA,TEC-APP-10004049,Technology,Phones,126,1,0,27.75,7.47,Medium,2011
ES-2011-1708225,2011-03-03,2011-03-09,Standard Class,David Philippe,Consumer,Italy,EU,South,OFF-FA-10004899,Office Supplies,Fasteners,58,3,0,28.8,6.89,Low,2011
IS-2011-9280,2011-03-03,2011-03-07,Standard Class,Thais Sissman,Consumer,Israel,EMEA,EMEA,TEC-MEM-10004782,Technology,Accessories,69,1,0,1.38,5.58,Medium,2011
ES-2011-4926746,2011-03-03,2011-03-06,Second Class,Roger Barcio,Home Office,France,EU,Central,OFF-ST-10001576,Office Supplies,Storage,42,2,0.1,10.66,3.77,Medium,2011
ES-2011-4926746,2011-03-03,2011-03-06,Second Class,Roger Barcio,Home Office,France,EU,Central,OFF-BI-10000542,Office Supplies,Binders,59,2,0,12.36,3.1,Medium,2011
CA-2011-127964,2011-03-03,2011-03-08,Standard Class,Anne Pryor,Home Office,United States,US,East,OFF-BI-10003429,Office Supplies,Binders,25,5,0.2,9.18,2.48,High,2011
IR-2011-5440,2011-03-03,2011-03-09,Standard Class,Yana Sorensen,Corporate,Iran,EMEA,EMEA,OFF-ROG-10004393,Office Supplies,Storage,31,1,0,4.35,2.2,Medium,2011
NI-2011-1790,2011-03-03,2011-03-10,Standard Class,Astrea Jones,Consumer,Nigeria,Africa,Africa,FUR-HON-10000191,Furniture,Chairs,57,4,0.7,-91.51,2.08,Medium,2011
US-2011-127978,2011-03-03,2011-03-08,Standard Class,Jill Stevenson,Corporate,United States,US,East,OFF-ST-10002486,Office Supplies,Storage,45,8,0.2,-10.05,1.94,Medium,2011
US-2011-115392,2011-03-03,2011-03-10,Standard Class,Cari Schnelling,Consumer,Honduras,LATAM,Central,OFF-FA-10003058,Office Supplies,Fasteners,16,3,0.4,-9.55,1.74,Low,2011
US-2011-127978,2011-03-03,2011-03-08,Standard Class,Jill Stevenson,Corporate,United States,US,East,OFF-LA-10000305,Office Supplies,Labels,15,3,0.2,4.91,1.37,Medium,2011
US-2011-115392,2011-03-03,2011-03-10,Standard Class,Cari Schnelling,Consumer,Honduras,LATAM,Central,OFF-LA-10002782,Office Supplies,Labels,8,3,0.4,-0.67,1.23,Low,2011
US-2011-128475,2011-03-03,2011-03-07,Standard Class,Chris Cortes,Consumer,Honduras,LATAM,Central,OFF-EN-10003577,Office Supplies,Envelopes,12,1,0.4,-6.61,1.07,Medium,2011
CA-2011-155852,2011-03-03,2011-03-07,Second Class,Ashley Jarboe,Consumer,United States,US,South,OFF-AR-10003560,Office Supplies,Art,19,4,0.2,3.4,1.05,Medium,2011
EG-2011-2040,2011-03-03,2011-03-07,Standard Class,Anne Pryor,Home Office,Egypt,Africa,Africa,OFF-BIN-10001274,Office Supplies,Art,24,2,0,10.02,1.02,Medium,2011
CA-2011-127964,2011-03-03,2011-03-08,Standard Class,Anne Pryor,Home Office,United States,US,East,TEC-PH-10004700,Technology,Phones,10,1,0,4.6,0.99,High,2011
IS-2011-9280,2011-03-03,2011-03-07,Standard Class,Thais Sissman,Consumer,Israel,EMEA,EMEA,OFF-ADV-10000331,Office Supplies,Fasteners,14,1,0,6.39,0.39,Medium,2011
IN-2011-75743,2011-03-04,2011-03-09,Standard Class,Brad Eason,Home Office,China,APAC,North Asia,TEC-PH-10002217,Technology,Phones,555,3,0,0,83.22,High,2011
CA-2011-116239,2011-03-04,2011-03-04,Same Day,Clay Ludtke,Consumer,United States,US,South,OFF-ST-10001370,Office Supplies,Storage,355,5,0,17.75,74.5,High,2011
MX-2011-138632,2011-03-04,2011-03-08,Standard Class,Darrin Martin,Consumer,Nicaragua,LATAM,Central,OFF-BI-10001507,Office Supplies,Binders,91,8,0,25.28,11.87,High,2011
MX-2011-138632,2011-03-04,2011-03-08,Standard Class,Darrin Martin,Consumer,Nicaragua,LATAM,Central,OFF-SU-10004481,Office Supplies,Supplies,90,3,0,15.18,6.54,High,2011
TU-2011-6490,2011-03-04,2011-03-09,Standard Class,Pierre Wener,Consumer,Turkey,EMEA,EMEA,TEC-PAN-10000131,Technology,Machines,94,2,0.6,-25.98,4.07,Medium,2011
NI-2011-4420,2011-03-04,2011-03-08,Standard Class,John Lee,Consumer,Nigeria,Africa,Africa,TEC-HEW-10004652,Technology,Copiers,43,1,0.7,-92.35,3.02,Medium,2011
CA-2011-117016,2011-03-04,2011-03-09,Standard Class,Sanjit Chand,Consumer,United States,US,South,OFF-AR-10001374,Office Supplies,Art,16,3,0.2,2.33,1.31,Medium,2011
CA-2011-169061,2011-03-05,2011-03-08,Second Class,Aimee Bixby,Consumer,United States,US,East,TEC-AC-10002001,Technology,Accessories,480,3,0,177.59,55.01,Medium,2011
CA-2011-169061,2011-03-05,2011-03-08,Second Class,Aimee Bixby,Consumer,United States,US,East,OFF-PA-10001878,Office Supplies,Paper,98,2,0,45.98,10.13,Medium,2011
CA-2011-169061,2011-03-05,2011-03-08,Second Class,Aimee Bixby,Consumer,United States,US,East,OFF-AR-10000588,Office Supplies,Art,60,3,0,15.48,8.02,Medium,2011
CA-2011-169061,2011-03-05,2011-03-08,Second Class,Aimee Bixby,Consumer,United States,US,East,OFF-BI-10001617,Office Supplies,Binders,50,6,0.2,16.75,7.52,Medium,2011
ES-2011-2242689,2011-03-05,2011-03-11,Standard Class,Shirley Daniels,Home Office,United Kingdom,EU,North,OFF-AR-10001461,Office Supplies,Art,102,2,0.1,-10.3,7.29,Medium,2011
PL-2011-4990,2011-03-05,2011-03-12,Standard Class,Barry Pond,Corporate,Poland,EMEA,EMEA,OFF-IBI-10000440,Office Supplies,Binders,26,2,0,1.8,1.99,Low,2011
CA-2011-169061,2011-03-05,2011-03-08,Second Class,Aimee Bixby,Consumer,United States,US,East,OFF-SU-10000381,Office Supplies,Supplies,19,2,0,5.4,1.91,Medium,2011
MX-2011-105564,2011-03-06,2011-03-09,Second Class,Russell DAscenzo,Consumer,Guatemala,LATAM,Central,OFF-EN-10004988,Office Supplies,Envelopes,127,5,0,29.2,15.77,High,2011
MX-2011-105564,2011-03-06,2011-03-09,Second Class,Russell DAscenzo,Consumer,Guatemala,LATAM,Central,OFF-BI-10000765,Office Supplies,Binders,8,2,0,1.48,0.69,High,2011
SA-2011-1980,2011-03-07,2011-03-11,Standard Class,Maureen Gnade,Consumer,Saudi Arabia,EMEA,EMEA,TEC-LOG-10002018,Technology,Accessories,1012,10,0,20.1,137.14,High,2011
CA-2011-104563,2011-03-07,2011-03-12,Standard Class,Craig Molinari,Corporate,United States,US,West,FUR-CH-10004495,Furniture,Chairs,482,2,0.2,54.18,42.74,Medium,2011
CA-2011-104563,2011-03-07,2011-03-12,Standard Class,Craig Molinari,Corporate,United States,US,West,FUR-CH-10002780,Furniture,Chairs,437,6,0.2,21.84,38.45,Medium,2011
MX-2011-134684,2011-03-07,2011-03-11,Standard Class,Paul Gonzalez,Consumer,Guatemala,LATAM,Central,OFF-ST-10004976,Office Supplies,Storage,846,6,0,25.32,35.98,Medium,2011
ES-2011-4410046,2011-03-07,2011-03-08,First Class,Toby Swindell,Consumer,France,EU,Central,OFF-AR-10004739,Office Supplies,Art,108,2,0,36.66,16.03,High,2011
CA-2011-156587,2011-03-07,2011-03-08,First Class,Aaron Bergman,Consumer,United States,US,West,FUR-CH-10004477,Furniture,Chairs,49,1,0.2,5.48,11.13,High,2011
CA-2011-104563,2011-03-07,2011-03-12,Standard Class,Craig Molinari,Corporate,United States,US,West,OFF-ST-10000934,Office Supplies,Storage,205,5,0,0,10.65,Medium,2011
SA-2011-1980,2011-03-07,2011-03-11,Standard Class,Maureen Gnade,Consumer,Saudi Arabia,EMEA,EMEA,OFF-ADV-10004030,Office Supplies,Fasteners,58,4,0,2.28,9.01,High,2011
US-2011-131982,2011-03-07,2011-03-11,Second Class,Nora Pelletier,Home Office,United States,US,West,OFF-BI-10004224,Office Supplies,Binders,108,2,0.2,33.64,6.44,Medium,2011
SA-2011-1980,2011-03-07,2011-03-11,Standard Class,Maureen Gnade,Consumer,Saudi Arabia,EMEA,EMEA,TEC-MOT-10002260,Technology,Phones,75,1,0,19.38,6.38,High,2011
SA-2011-1980,2011-03-07,2011-03-11,Standard Class,Maureen Gnade,Consumer,Saudi Arabia,EMEA,EMEA,OFF-IBI-10004959,Office Supplies,Binders,31,2,0,8.64,4.62,High,2011
CA-2011-156587,2011-03-07,2011-03-08,First Class,Aaron Bergman,Consumer,United States,US,West,OFF-AR-10001427,Office Supplies,Art,18,3,0,4.66,4.29,High,2011
IN-2011-54302,2011-03-07,2011-03-10,Second Class,Naresj Patel,Consumer,Bangladesh,APAC,Central Asia,FUR-BO-10004917,Furniture,Bookcases,122,1,0,44.97,3.96,Medium,2011
CM-2011-6790,2011-03-07,2011-03-14,Standard Class,Bart Watters,Corporate,Cameroon,Africa,Africa,OFF-ROG-10002279,Office Supplies,Storage,24,1,0,0.45,2.11,Low,2011
CM-2011-6790,2011-03-07,2011-03-14,Standard Class,Bart Watters,Corporate,Cameroon,Africa,Africa,OFF-SME-10000880,Office Supplies,Storage,11,1,0,0,1.44,Low,2011
MX-2011-134684,2011-03-07,2011-03-11,Standard Class,Paul Gonzalez,Consumer,Guatemala,LATAM,Central,OFF-EN-10003472,Office Supplies,Envelopes,16,2,0,2.04,1.05,Medium,2011
CA-2011-104563,2011-03-07,2011-03-12,Standard Class,Craig Molinari,Corporate,United States,US,West,OFF-AR-10000390,Office Supplies,Art,21,5,0,9.5,0.52,Medium,2011
MX-2011-152681,2011-03-08,2011-03-13,Standard Class,Greg Tran,Consumer,El Salvador,LATAM,Central,FUR-CH-10000932,Furniture,Chairs,2855,9,0,1313.28,145.5,Medium,2011
IN-2011-33855,2011-03-08,2011-03-12,Second Class,Jim Radford,Consumer,Australia,APAC,Oceania,TEC-PH-10003546,Technology,Phones,861,7,0.1,143.33,142.19,Medium,2011
IN-2011-30306,2011-03-08,2011-03-13,Standard Class,Steve Carroll,Home Office,Cambodia,APAC,Southeast Asia,FUR-TA-10001786,Furniture,Tables,1330,3,0,292.59,78.66,Medium,2011
MX-2011-152681,2011-03-08,2011-03-13,Standard Class,Greg Tran,Consumer,El Salvador,LATAM,Central,OFF-AP-10001548,Office Supplies,Appliances,619,11,0,284.46,49.07,Medium,2011
IN-2011-67028,2011-03-08,2011-03-12,Standard Class,David Kendrick,Corporate,Philippines,APAC,Southeast Asia,TEC-PH-10000365,Technology,Phones,543,9,0.25,-7.43,40.48,Medium,2011
IN-2011-30306,2011-03-08,2011-03-13,Standard Class,Steve Carroll,Home Office,Cambodia,APAC,Southeast Asia,TEC-CO-10003506,Technology,Copiers,900,3,0,296.91,34.24,Medium,2011
NI-2011-4070,2011-03-08,2011-03-14,Standard Class,Georgia Rosenberg,Corporate,Nigeria,Africa,Africa,TEC-CAN-10000932,Technology,Copiers,384,4,0.7,-575.72,29.68,Medium,2011
IN-2011-67028,2011-03-08,2011-03-12,Standard Class,David Kendrick,Corporate,Philippines,APAC,Southeast Asia,TEC-PH-10003713,Technology,Phones,954,2,0.25,38.15,20.84,Medium,2011
MX-2011-145135,2011-03-08,2011-03-08,Same Day,Corey Roper,Home Office,Panama,LATAM,Central,TEC-CO-10004981,Technology,Copiers,144,3,0.4,9.12,16.2,High,2011
IN-2011-33855,2011-03-08,2011-03-12,Second Class,Jim Radford,Consumer,Australia,APAC,Oceania,TEC-PH-10001002,Technology,Phones,124,1,0.1,40,10.9,Medium,2011
IN-2011-33855,2011-03-08,2011-03-12,Second Class,Jim Radford,Consumer,Australia,APAC,Oceania,TEC-AC-10003640,Technology,Accessories,143,4,0.1,-12.8,9.83,Medium,2011
NI-2011-4070,2011-03-08,2011-03-14,Standard Class,Georgia Rosenberg,Corporate,Nigeria,Africa,Africa,TEC-KON-10002194,Technology,Machines,80,1,0.7,-106.52,9.76,Medium,2011
ES-2011-2535754,2011-03-08,2011-03-13,Standard Class,Luke Weiss,Consumer,Germany,EU,Central,OFF-FA-10000670,Office Supplies,Fasteners,117,7,0,15.12,9.69,Medium,2011
IN-2011-33855,2011-03-08,2011-03-12,Second Class,Jim Radford,Consumer,Australia,APAC,Oceania,TEC-MA-10002039,Technology,Machines,317,7,0.1,13.94,9.56,Medium,2011
GG-2011-3530,2011-03-08,2011-03-14,Standard Class,Jeremy Farry,Consumer,Georgia,EMEA,EMEA,FUR-RUB-10002507,Furniture,Furnishings,101,4,0,31.2,8.43,Medium,2011
PL-2011-7070,2011-03-08,2011-03-13,Second Class,Joe Kamberova,Consumer,Poland,EMEA,EMEA,TEC-BEL-10000681,Technology,Accessories,41,1,0,6.12,7.1,High,2011
IN-2011-30306,2011-03-08,2011-03-13,Standard Class,Steve Carroll,Home Office,Cambodia,APAC,Southeast Asia,OFF-SU-10001848,Office Supplies,Supplies,76,5,0,18.15,5.5,Medium,2011
CA-2011-8990,2011-03-08,2011-03-12,Standard Class,Dennis Kane,Consumer,Canada,Canada,Canada,OFF-IBI-10004074,Office Supplies,Binders,60,2,0,23.88,5,Medium,2011
US-2011-166002,2011-03-08,2011-03-11,First Class,Maurice Satty,Consumer,Argentina,LATAM,South,OFF-FA-10002453,Office Supplies,Fasteners,16,3,0.4,-0.86,4.07,High,2011
IN-2011-30306,2011-03-08,2011-03-13,Standard Class,Steve Carroll,Home Office,Cambodia,APAC,Southeast Asia,OFF-BI-10002708,Office Supplies,Binders,88,6,0,20.16,3.76,Medium,2011
ID-2011-14094,2011-03-08,2011-03-10,Second Class,Kalyca Meade,Corporate,Indonesia,APAC,Southeast Asia,OFF-PA-10001835,Office Supplies,Paper,72,4,0.47,-63.79,3.05,Medium,2011
NI-2011-4070,2011-03-08,2011-03-14,Standard Class,Georgia Rosenberg,Corporate,Nigeria,Africa,Africa,OFF-ACC-10002220,Office Supplies,Binders,31,2,0.7,-41.95,2.94,Medium,2011
GG-2011-3530,2011-03-08,2011-03-14,Standard Class,Jeremy Farry,Consumer,Georgia,EMEA,EMEA,OFF-STO-10001839,Office Supplies,Fasteners,17,1,0,7.26,1.06,Medium,2011
SF-2011-1480,2011-03-09,2011-03-12,First Class,Anna Gayman,Consumer,South Africa,Africa,Africa,OFF-SAN-10001634,Office Supplies,Art,51,1,0,6.6,17.69,High,2011
SF-2011-1480,2011-03-09,2011-03-12,First Class,Anna Gayman,Consumer,South Africa,Africa,Africa,OFF-WIL-10000164,Office Supplies,Binders,50,1,0,0.99,14.53,High,2011
ID-2011-68631,2011-03-09,2011-03-13,Standard Class,Saphhira Shifley,Corporate,Australia,APAC,Oceania,FUR-FU-10003658,Furniture,Furnishings,103,6,0.1,-1.31,9.12,High,2011
ES-2011-3832823,2011-03-09,2011-03-12,First Class,Janet Lee,Consumer,Spain,EU,South,OFF-EN-10004667,Office Supplies,Envelopes,94,2,0,20.64,7.7,Medium,2011
SF-2011-1480,2011-03-09,2011-03-12,First Class,Anna Gayman,Consumer,South Africa,Africa,Africa,OFF-NOV-10000512,Office Supplies,Labels,41,4,0,19.32,5.88,High,2011
ES-2011-3832823,2011-03-09,2011-03-12,First Class,Janet Lee,Consumer,Spain,EU,South,OFF-AR-10001110,Office Supplies,Art,97,3,0,36.63,5.83,Medium,2011
ES-2011-3832823,2011-03-09,2011-03-12,First Class,Janet Lee,Consumer,Spain,EU,South,TEC-CO-10003525,Technology,Copiers,126,1,0,59.13,4.1,Medium,2011
SF-2011-1480,2011-03-09,2011-03-12,First Class,Anna Gayman,Consumer,South Africa,Africa,Africa,OFF-BIN-10003089,Office Supplies,Art,17,1,0,6.06,2.83,High,2011
SF-2011-1480,2011-03-09,2011-03-12,First Class,Anna Gayman,Consumer,South Africa,Africa,Africa,OFF-NOV-10004680,Office Supplies,Labels,11,1,0,4.83,2.64,High,2011
ES-2011-3832823,2011-03-09,2011-03-12,First Class,Janet Lee,Consumer,Spain,EU,South,OFF-ST-10001576,Office Supplies,Storage,104,5,0.1,26.64,0.8,Medium,2011
SF-2011-1480,2011-03-09,2011-03-12,First Class,Anna Gayman,Consumer,South Africa,Africa,Africa,OFF-OIC-10004810,Office Supplies,Fasteners,29,2,0,7.56,0.5,High,2011
IN-2011-25084,2011-03-10,2011-03-12,First Class,Bryan Mills,Consumer,China,APAC,North Asia,TEC-CO-10003354,Technology,Copiers,1274,4,0,382.2,248.59,Critical,2011
ES-2011-2711513,2011-03-10,2011-03-10,Same Day,Tonja Turnell,Home Office,Germany,EU,Central,TEC-PH-10000309,Technology,Phones,520,3,0,202.77,89.92,Medium,2011
US-2011-140116,2011-03-10,2011-03-17,Standard Class,Kean Thornton,Consumer,United States,US,West,OFF-ST-10000078,Office Supplies,Storage,636,3,0.2,-15.91,80.79,Low,2011
IN-2011-60357,2011-03-10,2011-03-16,Standard Class,Joy Smith,Consumer,China,APAC,North Asia,FUR-CH-10004009,Furniture,Chairs,1097,8,0,252.24,56.33,Medium,2011
US-2011-140116,2011-03-10,2011-03-17,Standard Class,Kean Thornton,Consumer,United States,US,West,OFF-AR-10001044,Office Supplies,Art,83,4,0.2,9.36,15.56,Low,2011
MX-2011-133956,2011-03-10,2011-03-14,Standard Class,Katherine Ducich,Consumer,Brazil,LATAM,South,FUR-CH-10001044,Furniture,Chairs,201,3,0,7.98,13.13,Medium,2011
ES-2011-3468356,2011-03-10,2011-03-14,Standard Class,Anna Gayman,Consumer,United Kingdom,EU,North,FUR-CH-10003355,Furniture,Chairs,74,2,0.5,-17.91,9.12,High,2011
MX-2011-147858,2011-03-10,2011-03-15,Standard Class,Tanja Norvell,Home Office,Brazil,LATAM,South,OFF-ST-10000035,Office Supplies,Storage,63,4,0,1.2,5.25,Medium,2011
TU-2011-3450,2011-03-10,2011-03-16,Standard Class,Becky Castell,Home Office,Turkey,EMEA,EMEA,TEC-MOT-10002372,Technology,Phones,52,1,0.6,-64.24,5.02,Medium,2011
TU-2011-3450,2011-03-10,2011-03-16,Standard Class,Becky Castell,Home Office,Turkey,EMEA,EMEA,OFF-SAN-10002639,Office Supplies,Art,38,4,0.6,-54.65,2.92,Medium,2011
ES-2011-4509445,2011-03-10,2011-03-17,Standard Class,Bill Tyler,Corporate,United Kingdom,EU,North,OFF-FA-10001613,Office Supplies,Fasteners,28,2,0,10.38,1.64,Medium,2011
US-2011-100279,2011-03-10,2011-03-14,Standard Class,Scott Williamson,Consumer,United States,US,Central,OFF-PA-10002259,Office Supplies,Paper,22,2,0,10.74,1.48,Medium,2011
TU-2011-3450,2011-03-10,2011-03-16,Standard Class,Becky Castell,Home Office,Turkey,EMEA,EMEA,TEC-KON-10000091,Technology,Machines,20,1,0.6,-10.25,1.36,Medium,2011
IR-2011-7220,2011-03-11,2011-03-13,Second Class,Peter McVee,Home Office,Iran,EMEA,EMEA,TEC-MOT-10003348,Technology,Phones,643,1,0,244.2,285.83,Critical,2011
CA-2011-114790,2011-03-11,2011-03-13,Second Class,Filia McAdams,Corporate,United States,US,South,TEC-PH-10000984,Technology,Phones,588,3,0,164.63,95,High,2011
ES-2011-1001989,2011-03-11,2011-03-14,First Class,Maureen Fritzler,Corporate,Germany,EU,Central,OFF-BI-10002570,Office Supplies,Binders,229,9,0.1,27.76,38.8,Medium,2011
IN-2011-22249,2011-03-11,2011-03-15,Standard Class,Speros Goranitis,Consumer,Australia,APAC,Oceania,TEC-AC-10002455,Technology,Accessories,259,9,0.1,63.26,27.22,Medium,2011
MX-2011-154620,2011-03-11,2011-03-16,Standard Class,Karen Seio,Corporate,Guatemala,LATAM,Central,TEC-CO-10002759,Technology,Copiers,324,2,0,5.83,24.1,Medium,2011
CA-2011-114790,2011-03-11,2011-03-13,Second Class,Filia McAdams,Corporate,United States,US,South,OFF-AP-10002578,Office Supplies,Appliances,147,3,0,38.16,7,High,2011
MX-2011-104752,2011-03-11,2011-03-16,Standard Class,Michelle Moray,Consumer,Cuba,LATAM,Caribbean,FUR-FU-10001617,Furniture,Furnishings,155,2,0,43.4,6.49,Medium,2011
MX-2011-169656,2011-03-11,2011-03-16,Standard Class,Russell DAscenzo,Consumer,Honduras,LATAM,Central,OFF-EN-10000084,Office Supplies,Envelopes,59,5,0.4,9.8,5.34,Medium,2011
CA-2011-114790,2011-03-11,2011-03-13,Second Class,Filia McAdams,Corporate,United States,US,South,TEC-AC-10000710,Technology,Accessories,33,2,0,14.17,4.88,High,2011
MX-2011-154564,2011-03-11,2011-03-17,Standard Class,Stewart Carmichael,Corporate,Brazil,LATAM,South,OFF-AR-10004772,Office Supplies,Art,81,6,0,16.08,4.85,Medium,2011
MX-2011-104752,2011-03-11,2011-03-16,Standard Class,Michelle Moray,Consumer,Cuba,LATAM,Caribbean,FUR-FU-10000885,Furniture,Furnishings,44,3,0,8.4,3.41,Medium,2011
US-2011-161200,2011-03-11,2011-03-13,First Class,Mark Hamilton,Consumer,Venezuela,LATAM,South,OFF-SU-10003582,Office Supplies,Supplies,27,3,0.4,-14,3.34,High,2011
ES-2011-4993136,2011-03-11,2011-03-15,Standard Class,Patrick ODonnell,Consumer,France,EU,Central,OFF-AR-10002991,Office Supplies,Art,72,3,0,13.68,2.91,Medium,2011
AG-2011-3130,2011-03-11,2011-03-16,Standard Class,Anthony Jacobs,Corporate,Algeria,Africa,Africa,OFF-JIF-10004450,Office Supplies,Envelopes,36,1,0,7.17,2.83,Medium,2011
MX-2011-104752,2011-03-11,2011-03-16,Standard Class,Michelle Moray,Consumer,Cuba,LATAM,Caribbean,TEC-PH-10004237,Technology,Phones,43,1,0,16.06,2.81,Medium,2011
CA-2011-114790,2011-03-11,2011-03-13,Second Class,Filia McAdams,Corporate,United States,US,South,OFF-PA-10000213,Office Supplies,Paper,15,3,0,7.02,1.95,High,2011
ID-2011-17720,2011-03-11,2011-03-13,Second Class,Neoma Murray,Consumer,Philippines,APAC,Southeast Asia,OFF-LA-10002319,Office Supplies,Labels,12,2,0.45,-0.45,1.93,Critical,2011
MX-2011-154620,2011-03-11,2011-03-16,Standard Class,Karen Seio,Corporate,Guatemala,LATAM,Central,OFF-BI-10003503,Office Supplies,Binders,18,3,0,5.58,1.41,Medium,2011
CA-2011-166884,2011-03-11,2011-03-16,Second Class,Chloris Kastensmidt,Consumer,United States,US,East,OFF-FA-10001561,Office Supplies,Fasteners,10,6,0.2,1.7,1.11,Medium,2011
CA-2011-166884,2011-03-11,2011-03-16,Second Class,Chloris Kastensmidt,Consumer,United States,US,East,FUR-FU-10003981,Furniture,Furnishings,8,5,0.2,2.29,0.91,Medium,2011
MX-2011-154620,2011-03-11,2011-03-16,Standard Class,Karen Seio,Corporate,Guatemala,LATAM,Central,OFF-BI-10002062,Office Supplies,Binders,13,3,0,2.22,0.81,Medium,2011
IN-2011-24832,2011-03-12,2011-03-17,Standard Class,Carlos Daly,Consumer,China,APAC,North Asia,FUR-CH-10002250,Furniture,Chairs,3272,7,0,1537.83,257.63,Medium,2011
ES-2011-3979558,2011-03-12,2011-03-17,Standard Class,Heather Kirkland,Corporate,Switzerland,EU,Central,OFF-ST-10002706,Office Supplies,Storage,273,2,0,57.24,20.82,Medium,2011
IN-2011-24832,2011-03-12,2011-03-17,Standard Class,Carlos Daly,Consumer,China,APAC,North Asia,TEC-AC-10004054,Technology,Accessories,285,4,0,91.2,12.05,Medium,2011
ES-2011-2933675,2011-03-12,2011-03-19,Standard Class,Sheri Gordon,Consumer,Finland,EU,North,OFF-AR-10003457,Office Supplies,Art,195,4,0,91.44,10.35,Medium,2011
IN-2011-24832,2011-03-12,2011-03-17,Standard Class,Carlos Daly,Consumer,China,APAC,North Asia,OFF-PA-10004573,Office Supplies,Paper,94,6,0,30.96,9.26,Medium,2011
ES-2011-3979558,2011-03-12,2011-03-17,Standard Class,Heather Kirkland,Corporate,Switzerland,EU,Central,OFF-EN-10002104,Office Supplies,Envelopes,167,4,0,6.6,8.4,Medium,2011
MX-2011-156895,2011-03-12,2011-03-12,Same Day,Tom Zandusky,Corporate,Guatemala,LATAM,Central,OFF-AR-10003766,Office Supplies,Art,65,2,0,22.16,6.64,Medium,2011
IN-2011-24832,2011-03-12,2011-03-17,Standard Class,Carlos Daly,Consumer,China,APAC,North Asia,FUR-FU-10004283,Furniture,Furnishings,44,1,0,7.02,2.58,Medium,2011
ID-2011-18140,2011-03-12,2011-03-16,Standard Class,Rick Reed,Corporate,Indonesia,APAC,Southeast Asia,OFF-ST-10003154,Office Supplies,Storage,242,5,0.17,-5.92,1.06,Medium,2011
ES-2011-4699764,2011-03-14,2011-03-17,Second Class,Eugene Barchas,Consumer,Germany,EU,Central,OFF-AP-10004512,Office Supplies,Appliances,3070,6,0.1,1364.24,725.34,Critical,2011
CA-2011-152618,2011-03-14,2011-03-17,First Class,Rick Bensley,Home Office,United States,US,Central,TEC-MA-10003626,Technology,Machines,575,2,0.3,156.05,63.85,Medium,2011
ES-2011-4699764,2011-03-14,2011-03-17,Second Class,Eugene Barchas,Consumer,Germany,EU,Central,OFF-ST-10003995,Office Supplies,Storage,230,2,0.1,20.44,60.32,Critical,2011
US-2011-125521,2011-03-14,2011-03-19,Standard Class,Christine Kargatis,Home Office,United States,US,South,FUR-CH-10003379,Furniture,Chairs,1140,4,0,284.98,43.56,Medium,2011
ES-2011-3003511,2011-03-14,2011-03-18,Standard Class,Candace McMahon,Corporate,Germany,EU,Central,TEC-AC-10004808,Technology,Accessories,220,1,0.1,48.8,38.31,High,2011
ES-2011-3739047,2011-03-14,2011-03-16,First Class,Kelly Andreada,Consumer,Germany,EU,Central,OFF-SU-10001021,Office Supplies,Supplies,193,6,0,61.74,30.78,Critical,2011
US-2011-166548,2011-03-14,2011-03-19,Standard Class,Roy Collins,Consumer,Panama,LATAM,Central,FUR-CH-10000891,Furniture,Chairs,379,2,0.4,-94.75,26.03,Medium,2011
ES-2011-3739047,2011-03-14,2011-03-16,First Class,Kelly Andreada,Consumer,Germany,EU,Central,OFF-AR-10001176,Office Supplies,Art,43,3,0,19.62,11.89,Critical,2011
MZ-2011-9210,2011-03-14,2011-03-21,Standard Class,Sandra Flanagan,Consumer,Mozambique,Africa,Africa,OFF-TEN-10001129,Office Supplies,Storage,219,4,0,10.92,9.39,Medium,2011
IN-2011-82358,2011-03-14,2011-03-17,First Class,Denise Leinenbach,Consumer,New Zealand,APAC,Oceania,OFF-FA-10000059,Office Supplies,Fasteners,38,2,0,12.78,7.41,High,2011
MZ-2011-9210,2011-03-14,2011-03-21,Standard Class,Sandra Flanagan,Consumer,Mozambique,Africa,Africa,OFF-ELD-10004625,Office Supplies,Storage,48,1,0,8.61,4.11,Medium,2011
CA-2011-114510,2011-03-14,2011-03-19,Standard Class,Jason Fortune-,Consumer,United States,US,West,OFF-BI-10003007,Office Supplies,Binders,62,2,0.2,20.17,3.92,Medium,2011
CA-2011-100293,2011-03-14,2011-03-18,Standard Class,Neil Französisch,Home Office,United States,US,South,OFF-PA-10000176,Office Supplies,Paper,91,6,0.2,31.87,3.22,Medium,2011
CA-2011-114510,2011-03-14,2011-03-19,Standard Class,Jason Fortune-,Consumer,United States,US,West,OFF-ST-10000736,Office Supplies,Storage,81,1,0,3.24,3.07,Medium,2011
IN-2011-37278,2011-03-14,2011-03-15,First Class,Brendan Murry,Corporate,China,APAC,North Asia,OFF-EN-10000224,Office Supplies,Envelopes,17,2,0,3.3,2.93,High,2011
US-2011-166548,2011-03-14,2011-03-19,Standard Class,Roy Collins,Consumer,Panama,LATAM,Central,OFF-SU-10003137,Office Supplies,Supplies,49,5,0.4,-14.04,2.69,Medium,2011
CA-2011-114510,2011-03-14,2011-03-19,Standard Class,Jason Fortune-,Consumer,United States,US,West,OFF-BI-10001617,Office Supplies,Binders,33,4,0.2,11.17,2.61,Medium,2011
CA-2011-114510,2011-03-14,2011-03-19,Standard Class,Jason Fortune-,Consumer,United States,US,West,OFF-ST-10003221,Office Supplies,Storage,21,2,0,5.77,1.96,Medium,2011
CA-2011-152618,2011-03-14,2011-03-17,First Class,Rick Bensley,Home Office,United States,US,Central,OFF-PA-10001215,Office Supplies,Paper,8,2,0.2,2.64,1.5,Medium,2011
CA-2011-157623,2011-03-14,2011-03-18,Standard Class,Dean Katz,Corporate,United States,US,West,OFF-PA-10001204,Office Supplies,Paper,11,2,0,4.75,1.23,High,2011
CA-2011-157623,2011-03-14,2011-03-18,Standard Class,Dean Katz,Corporate,United States,US,West,OFF-AR-10003723,Office Supplies,Art,3,1,0,1.25,0.4,High,2011
ES-2011-4753236,2011-03-14,2011-03-19,Second Class,Darren Budd,Corporate,France,EU,Central,OFF-LA-10002625,Office Supplies,Labels,14,3,0,3.87,0.39,Medium,2011
IN-2011-26057,2011-03-15,2011-03-19,Standard Class,Dave Kipp,Consumer,China,APAC,North Asia,TEC-AC-10001835,Technology,Accessories,380,9,0,52.92,73.26,High,2011
IN-2011-26057,2011-03-15,2011-03-19,Standard Class,Dave Kipp,Consumer,China,APAC,North Asia,FUR-CH-10004491,Furniture,Chairs,341,2,0,122.7,45.24,High,2011
IT-2011-1765076,2011-03-15,2011-03-15,Same Day,Ricardo Emerson,Consumer,United Kingdom,EU,North,FUR-CH-10004040,Furniture,Chairs,254,3,0.1,73.24,34.99,High,2011
IN-2011-26057,2011-03-15,2011-03-19,Standard Class,Dave Kipp,Consumer,China,APAC,North Asia,OFF-BI-10003025,Office Supplies,Binders,154,3,0,27.63,34.64,High,2011
CA-2011-149958,2011-03-15,2011-03-19,Standard Class,Alan Shonely,Consumer,United States,US,South,OFF-PA-10002120,Office Supplies,Paper,132,3,0.2,47.82,12.44,High,2011
IT-2011-1765076,2011-03-15,2011-03-15,Same Day,Ricardo Emerson,Consumer,United Kingdom,EU,North,OFF-BI-10001804,Office Supplies,Binders,48,4,0.1,19.06,12.1,High,2011
CA-2011-149958,2011-03-15,2011-03-19,Standard Class,Alan Shonely,Consumer,United States,US,South,OFF-ST-10001490,Office Supplies,Storage,143,1,0.2,17.85,12.03,High,2011
IN-2011-26057,2011-03-15,2011-03-19,Standard Class,Dave Kipp,Consumer,China,APAC,North Asia,OFF-BI-10004553,Office Supplies,Binders,66,5,0,33.15,7.41,High,2011
ID-2011-77332,2011-03-15,2011-03-19,Standard Class,Sue Ann Reed,Consumer,Philippines,APAC,Southeast Asia,OFF-AR-10001529,Office Supplies,Art,48,7,0.45,-13.94,6.13,High,2011
CA-2011-149958,2011-03-15,2011-03-19,Standard Class,Alan Shonely,Consumer,United States,US,South,OFF-BI-10001543,Office Supplies,Binders,43,4,0.7,-31.67,5.01,High,2011
CA-2011-149958,2011-03-15,2011-03-19,Standard Class,Alan Shonely,Consumer,United States,US,South,FUR-FU-10001756,Furniture,Furnishings,46,3,0.2,5.14,4.57,High,2011
MX-2011-126991,2011-03-15,2011-03-21,Standard Class,Fred Chung,Corporate,Mexico,LATAM,North,OFF-PA-10002011,Office Supplies,Paper,100,9,0,18.9,4.11,Medium,2011
IT-2011-1765076,2011-03-15,2011-03-15,Same Day,Ricardo Emerson,Consumer,United Kingdom,EU,North,OFF-AR-10000799,Office Supplies,Art,29,2,0.1,-1.94,2,High,2011
IT-2011-1765076,2011-03-15,2011-03-15,Same Day,Ricardo Emerson,Consumer,United Kingdom,EU,North,OFF-FA-10004233,Office Supplies,Fasteners,24,2,0.1,8.26,1.6,High,2011
IT-2011-1765076,2011-03-15,2011-03-15,Same Day,Ricardo Emerson,Consumer,United Kingdom,EU,North,OFF-AR-10003113,Office Supplies,Art,11,1,0.1,3.82,1.42,High,2011
CA-2011-149958,2011-03-15,2011-03-19,Standard Class,Alan Shonely,Consumer,United States,US,South,OFF-BI-10000773,Office Supplies,Binders,7,3,0.7,-5.53,0.58,High,2011
CA-2011-157609,2011-03-16,2011-03-21,Second Class,Kristina Nunn,Home Office,United States,US,South,TEC-PH-10002415,Technology,Phones,472,2,0.2,29.5,60.17,Medium,2011
CG-2011-9780,2011-03-16,2011-03-21,Second Class,Muhammed MacIntyre,Corporate,Democratic Republic of the Congo,Africa,Africa,TEC-BEL-10002678,Technology,Accessories,225,2,0,112.62,32.07,Medium,2011
IN-2011-64046,2011-03-16,2011-03-16,Same Day,Peter Fuller,Consumer,China,APAC,North Asia,OFF-LA-10000195,Office Supplies,Labels,50,6,0,0.36,19.58,Critical,2011
IN-2011-85816,2011-03-16,2011-03-22,Standard Class,Chloris Kastensmidt,Consumer,Australia,APAC,Oceania,OFF-PA-10002394,Office Supplies,Paper,159,6,0,50.76,15.98,Medium,2011
LH-2011-1240,2011-03-16,2011-03-18,First Class,Phillina Ober,Home Office,Lithuania,EMEA,EMEA,OFF-STA-10000298,Office Supplies,Art,89,6,0.7,-160.43,11.39,High,2011
ES-2011-2587200,2011-03-16,2011-03-21,Standard Class,Dorris liebe,Corporate,Italy,EU,South,OFF-SU-10003252,Office Supplies,Supplies,83,2,0,9.96,9.57,High,2011
ID-2011-20975,2011-03-16,2011-03-20,Standard Class,Brian Thompson,Consumer,Australia,APAC,Oceania,FUR-FU-10004730,Furniture,Furnishings,47,3,0.1,-3.71,4.82,High,2011
NI-2011-4520,2011-03-16,2011-03-20,Standard Class,Susan Vittorini,Consumer,Nigeria,Africa,Africa,OFF-ELI-10003277,Office Supplies,Supplies,32,4,0.7,-30,3.14,Medium,2011
LH-2011-1240,2011-03-16,2011-03-18,First Class,Phillina Ober,Home Office,Lithuania,EMEA,EMEA,OFF-ACC-10001993,Office Supplies,Binders,4,1,0.7,-3.46,0.69,High,2011
US-2011-148838,2011-03-17,2011-03-21,Standard Class,Christine Phan,Corporate,United States,US,East,FUR-TA-10003473,Furniture,Tables,1580,7,0.4,-447.59,101.14,Medium,2011
US-2011-148838,2011-03-17,2011-03-21,Standard Class,Christine Phan,Corporate,United States,US,East,FUR-TA-10001950,Furniture,Tables,1072,4,0.4,-553.65,80.94,Medium,2011
MX-2011-135020,2011-03-17,2011-03-18,First Class,Clay Cheatham,Consumer,El Salvador,LATAM,Central,TEC-MA-10003936,Technology,Machines,348,2,0,149.64,46.39,High,2011
US-2011-148838,2011-03-17,2011-03-21,Standard Class,Christine Phan,Corporate,United States,US,East,FUR-TA-10004175,Furniture,Tables,614,3,0.4,-122.78,42.57,Medium,2011
CA-2011-127859,2011-03-17,2011-03-20,Second Class,Quincy Jones,Corporate,United States,US,East,OFF-PA-10003641,Office Supplies,Paper,127,6,0.2,41.15,27.1,Critical,2011
MX-2011-135020,2011-03-17,2011-03-18,First Class,Clay Cheatham,Consumer,El Salvador,LATAM,Central,TEC-PH-10003793,Technology,Phones,87,2,0,22.6,19.78,High,2011
GG-2011-6070,2011-03-17,2011-03-20,First Class,David Kendrick,Corporate,Georgia,EMEA,EMEA,TEC-NOK-10003560,Technology,Phones,73,1,0,30.72,18.31,High,2011
ES-2011-5099069,2011-03-17,2011-03-23,Standard Class,Yoseph Carroll,Corporate,Germany,EU,Central,OFF-ST-10004296,Office Supplies,Storage,81,5,0.1,11.57,5.44,Medium,2011
MX-2011-103541,2011-03-17,2011-03-21,Standard Class,Maurice Satty,Consumer,Mexico,LATAM,North,OFF-FA-10002085,Office Supplies,Fasteners,43,4,0,8.24,4.19,High,2011
CA-2011-118339,2011-03-17,2011-03-24,Standard Class,Bradley Nguyen,Consumer,United States,US,Central,OFF-AP-10001154,Office Supplies,Appliances,94,2,0,36.57,4.1,Medium,2011
CA-2011-118339,2011-03-17,2011-03-24,Standard Class,Bradley Nguyen,Consumer,United States,US,Central,OFF-BI-10001758,Office Supplies,Binders,53,10,0,25.1,3.92,Medium,2011
US-2011-148838,2011-03-17,2011-03-21,Standard Class,Christine Phan,Corporate,United States,US,East,OFF-PA-10000919,Office Supplies,Paper,155,4,0,75.97,3.7,Medium,2011
US-2011-148838,2011-03-17,2011-03-21,Standard Class,Christine Phan,Corporate,United States,US,East,OFF-PA-10002960,Office Supplies,Paper,35,7,0,16.38,3.61,Medium,2011
CA-2011-118339,2011-03-17,2011-03-24,Standard Class,Bradley Nguyen,Consumer,United States,US,Central,OFF-PA-10000466,Office Supplies,Paper,47,7,0,23.59,3.51,Medium,2011
CA-2011-118339,2011-03-17,2011-03-24,Standard Class,Bradley Nguyen,Consumer,United States,US,Central,OFF-BI-10000136,Office Supplies,Binders,36,6,0,17.22,3.06,Medium,2011
US-2011-164763,2011-03-17,2011-03-21,Standard Class,Mark Haberlin,Corporate,United States,US,South,OFF-BI-10000309,Office Supplies,Binders,30,2,0,14.92,2.11,Medium,2011
US-2011-164763,2011-03-17,2011-03-21,Standard Class,Mark Haberlin,Corporate,United States,US,South,OFF-AP-10003971,Office Supplies,Appliances,33,3,0,8.49,1.81,Medium,2011
ES-2011-5099069,2011-03-17,2011-03-23,Standard Class,Yoseph Carroll,Corporate,Germany,EU,Central,OFF-LA-10002029,Office Supplies,Labels,21,3,0,6.75,1.68,Medium,2011
CA-2011-158442,2011-03-17,2011-03-17,Same Day,Annie Zypern,Consumer,United States,US,Central,OFF-PA-10002365,Office Supplies,Paper,16,3,0.2,5.44,1.33,High,2011
CA-2011-158442,2011-03-17,2011-03-17,Same Day,Annie Zypern,Consumer,United States,US,Central,OFF-AR-10003732,Office Supplies,Art,4,2,0.2,0.33,1.13,High,2011
US-2011-164763,2011-03-17,2011-03-21,Standard Class,Mark Haberlin,Corporate,United States,US,South,OFF-PA-10003349,Office Supplies,Paper,13,2,0,6.35,1.04,Medium,2011
CA-2011-118339,2011-03-17,2011-03-24,Standard Class,Bradley Nguyen,Consumer,United States,US,Central,OFF-AR-10003829,Office Supplies,Art,20,6,0,5.71,0.9,Medium,2011
US-2011-164763,2011-03-17,2011-03-21,Standard Class,Mark Haberlin,Corporate,United States,US,South,OFF-PA-10003063,Office Supplies,Paper,16,4,0,7.68,0.83,Medium,2011
CA-2011-158442,2011-03-17,2011-03-17,Same Day,Annie Zypern,Consumer,United States,US,Central,OFF-PA-10002195,Office Supplies,Paper,5,1,0.2,1.88,0.8,High,2011
US-2011-164763,2011-03-17,2011-03-21,Standard Class,Mark Haberlin,Corporate,United States,US,South,OFF-BI-10000605,Office Supplies,Binders,11,3,0,5.37,0.74,Medium,2011
CA-2011-111871,2011-03-18,2011-03-21,Second Class,Eileen Kiefer,Home Office,United States,US,West,FUR-BO-10004218,Furniture,Bookcases,1198,10,0.15,70.49,218.62,Critical,2011
US-2011-131275,2011-03-18,2011-03-24,Standard Class,Sample Company A,Home Office,United States,US,West,OFF-ST-10000078,Office Supplies,Storage,1856,7,0,334.11,93.9,Medium,2011
US-2011-131275,2011-03-18,2011-03-24,Standard Class,Sample Company A,Home Office,United States,US,West,TEC-MA-10001148,Technology,Machines,1280,4,0.2,415.99,89.41,Medium,2011
IN-2011-68687,2011-03-18,2011-03-22,Second Class,Patrick ODonnell,Consumer,Philippines,APAC,Southeast Asia,OFF-AP-10001824,Office Supplies,Appliances,543,9,0.15,70.15,80.06,High,2011
CA-2011-145317,2011-03-18,2011-03-23,Standard Class,Sean Miller,Home Office,United States,US,South,TEC-MA-10003626,Technology,Machines,821,4,0.5,-16.43,49.15,Medium,2011
IN-2011-59510,2011-03-18,2011-03-23,Standard Class,Darren Koutras,Consumer,India,APAC,Central Asia,FUR-BO-10001342,Furniture,Bookcases,596,4,0,0,29.23,Medium,2011
CA-2011-145317,2011-03-18,2011-03-23,Standard Class,Sean Miller,Home Office,United States,US,South,TEC-MA-10002412,Technology,Machines,22638,6,0.5,-1811.08,24.29,Medium,2011
IN-2011-75498,2011-03-18,2011-03-21,Second Class,Janet Molinari,Corporate,Australia,APAC,Oceania,OFF-BI-10004589,Office Supplies,Binders,176,4,0.1,7.7,19.23,Medium,2011
ES-2011-1436413,2011-03-18,2011-03-22,Standard Class,Edward Nazzal,Consumer,France,EU,Central,OFF-ST-10001213,Office Supplies,Storage,178,4,0.1,27.64,17.4,High,2011
IN-2011-20800,2011-03-18,2011-03-22,Standard Class,Alan Shonely,Consumer,Vietnam,APAC,Southeast Asia,TEC-PH-10003927,Technology,Phones,138,1,0.17,35.01,12.87,High,2011
CA-2011-145317,2011-03-18,2011-03-23,Standard Class,Sean Miller,Home Office,United States,US,South,FUR-FU-10001986,Furniture,Furnishings,122,3,0.2,15.29,8.1,Medium,2011
ES-2011-5522951,2011-03-18,2011-03-20,First Class,Skye Norling,Home Office,France,EU,Central,OFF-FA-10004878,Office Supplies,Fasteners,57,3,0,4.5,7.06,Medium,2011
MX-2011-144232,2011-03-18,2011-03-23,Standard Class,Denise Leinenbach,Consumer,Guatemala,LATAM,Central,OFF-AP-10004921,Office Supplies,Appliances,102,2,0,40.88,5.78,Medium,2011
IN-2011-85641,2011-03-18,2011-03-25,Standard Class,Chad Sievert,Consumer,Australia,APAC,Oceania,OFF-SU-10002775,Office Supplies,Supplies,140,4,0,55.8,4.69,Medium,2011
US-2011-131275,2011-03-18,2011-03-24,Standard Class,Sample Company A,Home Office,United States,US,West,FUR-FU-10004597,Furniture,Furnishings,111,2,0,14.43,3.6,Medium,2011
IN-2011-59510,2011-03-18,2011-03-23,Standard Class,Darren Koutras,Consumer,India,APAC,Central Asia,OFF-EN-10001975,Office Supplies,Envelopes,49,3,0,6.39,3.09,Medium,2011
CA-2011-145317,2011-03-18,2011-03-23,Standard Class,Sean Miller,Home Office,United States,US,South,FUR-FU-10004270,Furniture,Furnishings,31,2,0.2,8.08,2.37,Medium,2011
CA-2011-145317,2011-03-18,2011-03-23,Standard Class,Sean Miller,Home Office,United States,US,South,OFF-FA-10003112,Office Supplies,Fasteners,19,3,0.2,5.92,1.8,Medium,2011
IN-2011-59510,2011-03-18,2011-03-23,Standard Class,Darren Koutras,Consumer,India,APAC,Central Asia,OFF-LA-10002272,Office Supplies,Labels,17,2,0,1.38,1.36,Medium,2011
CA-2011-145317,2011-03-18,2011-03-23,Standard Class,Sean Miller,Home Office,United States,US,South,OFF-PA-10001804,Office Supplies,Paper,21,4,0.2,7.48,1.33,Medium,2011
NI-2011-4130,2011-03-18,2011-03-23,Standard Class,Natalie DeCherney,Consumer,Nigeria,Africa,Africa,OFF-ROG-10000332,Office Supplies,Storage,14,2,0.7,-27.84,0.98,Medium,2011
CA-2011-145317,2011-03-18,2011-03-23,Standard Class,Sean Miller,Home Office,United States,US,South,OFF-AR-10003183,Office Supplies,Art,8,3,0.2,1,0.22,Medium,2011
IT-2011-1027688,2011-03-19,2011-03-23,Standard Class,Sandra Flanagan,Consumer,Germany,EU,Central,TEC-CO-10004558,Technology,Copiers,381,6,0.5,-335.16,22.16,Medium,2011
CA-2011-103989,2011-03-19,2011-03-21,First Class,Matt Connell,Corporate,United States,US,South,OFF-ST-10000918,Office Supplies,Storage,26,3,0.2,1.96,3.94,High,2011
CA-2011-103989,2011-03-19,2011-03-21,First Class,Matt Connell,Corporate,United States,US,South,FUR-FU-10002508,Furniture,Furnishings,20,3,0.2,5.5,3.13,High,2011
CA-2011-103989,2011-03-19,2011-03-21,First Class,Matt Connell,Corporate,United States,US,South,OFF-LA-10000443,Office Supplies,Labels,12,4,0.2,3.99,2.3,High,2011
CA-2011-103989,2011-03-19,2011-03-21,First Class,Matt Connell,Corporate,United States,US,South,FUR-FU-10003981,Furniture,Furnishings,5,3,0.2,1.37,1.11,High,2011
CA-2011-103989,2011-03-19,2011-03-21,First Class,Matt Connell,Corporate,United States,US,South,OFF-BI-10001196,Office Supplies,Binders,34,5,0.7,-25.74,0.94,High,2011
CA-2011-163223,2011-03-21,2011-03-25,Standard Class,Kristen Hastings,Corporate,United States,US,South,TEC-PH-10000730,Technology,Phones,3500,7,0,909.98,305.29,Medium,2011
IN-2011-46070,2011-03-21,2011-03-25,Standard Class,Denny Joy,Corporate,Vietnam,APAC,Southeast Asia,OFF-AP-10001503,Office Supplies,Appliances,2314,9,0.17,836.12,135.5,Medium,2011
IN-2011-49129,2011-03-21,2011-03-25,Standard Class,Mike Vittorini,Consumer,India,APAC,Central Asia,TEC-CO-10003992,Technology,Copiers,781,6,0,54.54,87.05,High,2011
US-2011-148551,2011-03-21,2011-03-23,First Class,Mark Cousins,Corporate,Peru,LATAM,South,FUR-CH-10000326,Furniture,Chairs,270,5,0.4,8.92,69.43,Medium,2011
ES-2011-3158300,2011-03-21,2011-03-23,Second Class,Darrin Martin,Consumer,Italy,EU,South,FUR-BO-10003554,Furniture,Bookcases,288,2,0,20.1,69.39,Critical,2011
MX-2011-161823,2011-03-21,2011-03-22,First Class,Ralph Kennedy,Consumer,Mexico,LATAM,North,TEC-CO-10001580,Technology,Copiers,256,3,0,86.73,61.39,High,2011
IT-2011-4381191,2011-03-21,2011-03-27,Standard Class,Giulietta Dortch,Corporate,Netherlands,EU,Central,TEC-MA-10002771,Technology,Machines,747,5,0.5,-89.7,50.03,Medium,2011
ES-2011-3528133,2011-03-21,2011-03-24,First Class,Aaron Bergman,Consumer,Italy,EU,South,TEC-PH-10001382,Technology,Phones,82,2,0.4,13.6,31.94,Critical,2011
ES-2011-3528133,2011-03-21,2011-03-24,First Class,Aaron Bergman,Consumer,Italy,EU,South,OFF-SU-10000255,Office Supplies,Supplies,105,3,0,41.85,28.11,Critical,2011
IN-2011-62261,2011-03-21,2011-03-26,Standard Class,Jack Lebron,Consumer,Australia,APAC,Oceania,FUR-CH-10002940,Furniture,Chairs,188,3,0.1,2.08,25.13,High,2011
US-2011-155544,2011-03-21,2011-03-25,Standard Class,Gary McGarr,Consumer,United States,US,South,FUR-CH-10000422,Furniture,Chairs,218,3,0.2,-10.92,17.47,High,2011
MX-2011-143336,2011-03-21,2011-03-22,First Class,Cathy Armstrong,Home Office,Cuba,LATAM,Caribbean,OFF-FA-10004258,Office Supplies,Fasteners,56,6,0,24.12,16.1,High,2011
SO-2011-2000,2011-03-21,2011-03-23,First Class,Jim Karlsson,Consumer,Somalia,Africa,Africa,OFF-AVE-10002892,Office Supplies,Binders,56,2,0,0,15.89,Critical,2011
US-2011-155544,2011-03-21,2011-03-25,Standard Class,Gary McGarr,Consumer,United States,US,South,OFF-LA-10004544,Office Supplies,Labels,59,5,0.2,22.2,12.7,High,2011
IN-2011-49129,2011-03-21,2011-03-25,Standard Class,Mike Vittorini,Consumer,India,APAC,Central Asia,OFF-SU-10004766,Office Supplies,Supplies,97,2,0,44.46,12,High,2011
IN-2011-49129,2011-03-21,2011-03-25,Standard Class,Mike Vittorini,Consumer,India,APAC,Central Asia,OFF-EN-10004550,Office Supplies,Envelopes,93,2,0,29.82,11.52,High,2011
IR-2011-9930,2011-03-21,2011-03-26,Standard Class,Jason Fortune-,Consumer,Iran,EMEA,EMEA,TEC-OKI-10001454,Technology,Machines,105,2,0,7.32,11.48,Medium,2011
IR-2011-9930,2011-03-21,2011-03-26,Standard Class,Jason Fortune-,Consumer,Iran,EMEA,EMEA,TEC-HEW-10004937,Technology,Copiers,320,1,0,146.97,10.53,Medium,2011
CA-2011-163223,2011-03-21,2011-03-25,Standard Class,Kristen Hastings,Corporate,United States,US,South,OFF-BI-10001597,Office Supplies,Binders,123,3,0,59.01,10.24,Medium,2011
ES-2011-3528133,2011-03-21,2011-03-24,First Class,Aaron Bergman,Consumer,Italy,EU,South,OFF-LA-10001169,Office Supplies,Labels,47,7,0,6.93,10.08,Critical,2011
IN-2011-62261,2011-03-21,2011-03-26,Standard Class,Jack Lebron,Consumer,Australia,APAC,Oceania,OFF-ST-10001342,Office Supplies,Storage,103,2,0.1,38.98,9.1,High,2011
US-2011-129161,2011-03-21,2011-03-23,Second Class,Michael Stewart,Corporate,Haiti,LATAM,Caribbean,FUR-FU-10000065,Furniture,Furnishings,88,4,0.7,-161.21,7.79,Medium,2011
CA-2011-163223,2011-03-21,2011-03-25,Standard Class,Kristen Hastings,Corporate,United States,US,South,OFF-PA-10000675,Office Supplies,Paper,123,3,0,60.26,7.22,Medium,2011
US-2011-129161,2011-03-21,2011-03-23,Second Class,Michael Stewart,Corporate,Haiti,LATAM,Caribbean,FUR-CH-10004478,Furniture,Chairs,101,3,0.4,-35.27,6.01,Medium,2011
US-2011-148551,2011-03-21,2011-03-23,First Class,Mark Cousins,Corporate,Peru,LATAM,South,OFF-FA-10003004,Office Supplies,Fasteners,35,6,0.4,-5.28,5.96,Medium,2011
US-2011-148551,2011-03-21,2011-03-23,First Class,Mark Cousins,Corporate,Peru,LATAM,South,TEC-PH-10004242,Technology,Phones,49,1,0.4,-14.82,5.47,Medium,2011
US-2011-155544,2011-03-21,2011-03-25,Standard Class,Gary McGarr,Consumer,United States,US,South,FUR-FU-10001473,Furniture,Furnishings,33,3,0.2,6.59,5.08,High,2011
ES-2011-1637634,2011-03-21,2011-03-26,Standard Class,Ed Jacobs,Consumer,Norway,EU,North,FUR-FU-10002017,Furniture,Furnishings,132,3,0,9.18,4.76,Medium,2011
US-2011-129161,2011-03-21,2011-03-23,Second Class,Michael Stewart,Corporate,Haiti,LATAM,Caribbean,OFF-ST-10003760,Office Supplies,Storage,38,2,0.4,-2.58,4.75,Medium,2011
MX-2011-161823,2011-03-21,2011-03-22,First Class,Ralph Kennedy,Consumer,Mexico,LATAM,North,OFF-LA-10001867,Office Supplies,Labels,39,5,0,4.6,3.02,High,2011
US-2011-107405,2011-03-21,2011-03-25,Standard Class,Thomas Seio,Corporate,United States,US,South,OFF-ST-10002301,Office Supplies,Storage,16,1,0.2,-3.86,1.9,High,2011
US-2011-129161,2011-03-21,2011-03-23,Second Class,Michael Stewart,Corporate,Haiti,LATAM,Caribbean,OFF-FA-10004781,Office Supplies,Fasteners,21,4,0.4,-9.58,1.62,Medium,2011
ES-2011-5083176,2011-03-21,2011-03-25,Standard Class,Aaron Smayling,Corporate,Switzerland,EU,Central,OFF-AR-10003031,Office Supplies,Art,26,2,0,0.48,1.52,Medium,2011
CA-2011-163223,2011-03-21,2011-03-25,Standard Class,Kristen Hastings,Corporate,United States,US,South,OFF-LA-10004409,Office Supplies,Labels,14,5,0,6.62,1.35,Medium,2011
ES-2011-1637634,2011-03-21,2011-03-26,Standard Class,Ed Jacobs,Consumer,Norway,EU,North,OFF-ST-10001142,Office Supplies,Storage,50,3,0,2.97,0.73,Medium,2011
CA-2011-140004,2011-03-21,2011-03-25,Standard Class,Cassandra Brandow,Consumer,United States,US,East,OFF-AR-10004685,Office Supplies,Art,7,2,0.2,1.2,0.73,High,2011
IN-2011-62261,2011-03-21,2011-03-26,Standard Class,Jack Lebron,Consumer,Australia,APAC,Oceania,OFF-LA-10002806,Office Supplies,Labels,20,2,0.1,8.83,0.58,High,2011
CA-2011-140004,2011-03-21,2011-03-25,Standard Class,Cassandra Brandow,Consumer,United States,US,East,OFF-AR-10004027,Office Supplies,Art,6,3,0.2,1.59,0.58,High,2011
IR-2011-9930,2011-03-21,2011-03-26,Standard Class,Jason Fortune-,Consumer,Iran,EMEA,EMEA,TEC-ENE-10001355,Technology,Accessories,55,1,0,15.99,0.33,Medium,2011
CA-2011-163223,2011-03-21,2011-03-25,Standard Class,Kristen Hastings,Corporate,United States,US,South,OFF-AR-10001573,Office Supplies,Art,9,4,0,2.7,0.2,Medium,2011
ZI-2011-4350,2011-03-21,2011-03-26,Standard Class,Alejandro Savely,Corporate,Zimbabwe,Africa,Africa,OFF-SAN-10001862,Office Supplies,Art,10,2,0.7,-21.17,0.02,Medium,2011
MX-2011-117359,2011-03-22,2011-03-27,Standard Class,Julia West,Consumer,Mexico,LATAM,North,TEC-PH-10000018,Technology,Phones,2125,5,0,488.6,151.92,Medium,2011
IN-2011-85088,2011-03-22,2011-03-25,First Class,Bryan Mills,Consumer,New Zealand,APAC,Oceania,TEC-PH-10000841,Technology,Phones,273,2,0,46.44,64.1,Critical,2011
CA-2011-148040,2011-03-22,2011-03-26,Standard Class,Beth Fritzler,Corporate,United States,US,West,FUR-CH-10001482,Furniture,Chairs,314,3,0.2,-35.36,35.48,Medium,2011
MX-2011-117359,2011-03-22,2011-03-27,Standard Class,Julia West,Consumer,Mexico,LATAM,North,OFF-ST-10004017,Office Supplies,Storage,228,7,0,109.62,26.26,Medium,2011
IN-2011-74945,2011-03-22,2011-03-28,Standard Class,Darren Powers,Consumer,Vietnam,APAC,Southeast Asia,FUR-BO-10000610,Furniture,Bookcases,394,5,0.37,75.02,22.69,Medium,2011
IN-2011-85088,2011-03-22,2011-03-25,First Class,Bryan Mills,Consumer,New Zealand,APAC,Oceania,FUR-FU-10003326,Furniture,Furnishings,58,1,0,15.69,20.53,Critical,2011
ES-2011-3948308,2011-03-22,2011-03-27,Second Class,Carol Darley,Consumer,Germany,EU,Central,OFF-PA-10003455,Office Supplies,Paper,90,2,0,26.94,10.97,Medium,2011
ID-2011-32819,2011-03-22,2011-03-27,Standard Class,Philip Fox,Consumer,Australia,APAC,Oceania,OFF-AR-10004424,Office Supplies,Art,119,5,0.1,-6.74,7.67,Medium,2011
US-2011-158057,2011-03-22,2011-03-26,Standard Class,Craig Carroll,Consumer,United States,US,South,OFF-BI-10002735,Office Supplies,Binders,51,5,0.7,-39.46,5.61,Medium,2011
MX-2011-107993,2011-03-22,2011-03-25,Second Class,Paul Stevenson,Home Office,Haiti,LATAM,Caribbean,OFF-AR-10002706,Office Supplies,Art,41,2,0.4,5.38,5.13,Medium,2011
ES-2011-3948308,2011-03-22,2011-03-27,Second Class,Carol Darley,Consumer,Germany,EU,Central,OFF-BI-10003058,Office Supplies,Binders,40,3,0,16.38,4.2,Medium,2011
CA-2011-148040,2011-03-22,2011-03-26,Standard Class,Beth Fritzler,Corporate,United States,US,West,OFF-PA-10002581,Office Supplies,Paper,74,3,0.2,23.24,3.02,Medium,2011
MX-2011-112130,2011-03-22,2011-03-27,Standard Class,Neil Französisch,Home Office,Nicaragua,LATAM,Central,OFF-PA-10001283,Office Supplies,Paper,22,2,0,9.32,2.68,Medium,2011
US-2011-129609,2011-03-22,2011-03-22,Same Day,Vivian Mathis,Consumer,United States,US,Central,OFF-AR-10003478,Office Supplies,Art,16,2,0,6.51,2.58,Critical,2011
IN-2011-40911,2011-03-22,2011-03-26,Standard Class,Jasper Cacioppo,Consumer,China,APAC,North Asia,OFF-LA-10000707,Office Supplies,Labels,26,3,0,0.72,2.07,Medium,2011
US-2011-158057,2011-03-22,2011-03-26,Standard Class,Craig Carroll,Consumer,United States,US,South,OFF-BI-10004410,Office Supplies,Binders,8,4,0.7,-5.86,0.33,Medium,2011
CA-2011-120838,2011-03-23,2011-03-26,Second Class,Patrick ODonnell,Consumer,United States,US,West,TEC-PH-10003484,Technology,Phones,605,6,0.2,37.8,79.27,High,2011
MZ-2011-9840,2011-03-23,2011-03-25,Second Class,Dennis Kane,Consumer,Mozambique,Africa,Africa,FUR-HON-10001504,Furniture,Chairs,513,4,0,194.76,62.4,High,2011
ES-2011-5263174,2011-03-23,2011-03-27,Standard Class,Deborah Brumfield,Home Office,Germany,EU,Central,FUR-FU-10001438,Furniture,Furnishings,770,7,0,84.63,56.1,Medium,2011
IN-2011-34191,2011-03-23,2011-03-26,First Class,Tony Sayre,Consumer,Indonesia,APAC,Southeast Asia,TEC-PH-10004618,Technology,Phones,363,3,0.17,87.55,43.63,High,2011
ID-2011-17174,2011-03-23,2011-03-28,Standard Class,Dave Hallsten,Corporate,Philippines,APAC,Southeast Asia,TEC-CO-10004981,Technology,Copiers,508,3,0.35,-78.15,39.84,Medium,2011
IV-2011-2130,2011-03-23,2011-03-28,Second Class,Kean Takahito,Consumer,Cote dIvoire,Africa,Africa,OFF-TEN-10004270,Office Supplies,Storage,268,2,0,24.12,38.33,High,2011
CA-2011-120838,2011-03-23,2011-03-26,Second Class,Patrick ODonnell,Consumer,United States,US,West,OFF-ST-10000585,Office Supplies,Storage,330,2,0,85.9,34.62,High,2011
MX-2011-165162,2011-03-23,2011-03-29,Standard Class,Eva Jacobs,Consumer,Mexico,LATAM,North,FUR-BO-10001646,Furniture,Bookcases,417,2,0.2,104.3,26.1,Medium,2011
IN-2011-37138,2011-03-23,2011-03-29,Standard Class,Cari Sayre,Corporate,Australia,APAC,Oceania,OFF-BI-10004181,Office Supplies,Binders,172,7,0.1,1.87,24.78,Low,2011
IN-2011-34191,2011-03-23,2011-03-26,First Class,Tony Sayre,Consumer,Indonesia,APAC,Southeast Asia,TEC-CO-10001407,Technology,Copiers,137,1,0.07,26.41,22.55,High,2011
TU-2011-480,2011-03-23,2011-03-29,Standard Class,Astrea Jones,Consumer,Turkey,EMEA,EMEA,FUR-DAN-10004940,Furniture,Bookcases,164,1,0.6,-110.77,20.43,Low,2011
ES-2011-5263174,2011-03-23,2011-03-27,Standard Class,Deborah Brumfield,Home Office,Germany,EU,Central,OFF-PA-10003868,Office Supplies,Paper,193,4,0,7.68,15.3,Medium,2011
SF-2011-6030,2011-03-23,2011-03-27,Standard Class,Christine Abelman,Corporate,South Africa,Africa,Africa,TEC-HP -10001905,Technology,Copiers,124,1,0,42.24,9.59,Medium,2011
IN-2011-34191,2011-03-23,2011-03-26,First Class,Tony Sayre,Consumer,Indonesia,APAC,Southeast Asia,OFF-EN-10001136,Office Supplies,Envelopes,48,2,0.47,-25.64,8.42,High,2011
IN-2011-34191,2011-03-23,2011-03-26,First Class,Tony Sayre,Consumer,Indonesia,APAC,Southeast Asia,OFF-BI-10004553,Office Supplies,Binders,44,4,0.17,17.48,7.58,High,2011
MZ-2011-9840,2011-03-23,2011-03-25,Second Class,Dennis Kane,Consumer,Mozambique,Africa,Africa,OFF-WIL-10002772,Office Supplies,Binders,59,2,0,12.36,6.23,High,2011
IN-2011-37138,2011-03-23,2011-03-29,Standard Class,Cari Sayre,Corporate,Australia,APAC,Oceania,OFF-LA-10004738,Office Supplies,Labels,29,3,0.1,9.37,2.44,Low,2011
TU-2011-480,2011-03-23,2011-03-29,Standard Class,Astrea Jones,Consumer,Turkey,EMEA,EMEA,OFF-ROG-10002279,Office Supplies,Storage,19,2,0.6,-27.86,1.8,Low,2011
IN-2011-34191,2011-03-23,2011-03-26,First Class,Tony Sayre,Consumer,Indonesia,APAC,Southeast Asia,TEC-MA-10001475,Technology,Machines,275,3,0.17,19.83,1.18,High,2011
TU-2011-480,2011-03-23,2011-03-29,Standard Class,Astrea Jones,Consumer,Turkey,EMEA,EMEA,OFF-AVE-10003504,Office Supplies,Labels,9,2,0.6,-3.34,0.84,Low,2011
IN-2011-37138,2011-03-23,2011-03-29,Standard Class,Cari Sayre,Corporate,Australia,APAC,Oceania,OFF-LA-10003627,Office Supplies,Labels,11,3,0.1,1.54,0.71,Low,2011
CA-2011-164749,2011-03-23,2011-03-26,First Class,Bruce Geld,Consumer,United States,US,South,OFF-LA-10004484,Office Supplies,Labels,10,3,0.2,3.22,0.13,Medium,2011
ES-2011-5504927,2011-03-24,2011-03-27,First Class,Tamara Willingham,Home Office,France,EU,Central,OFF-BI-10002894,Office Supplies,Binders,453,9,0,27,95.81,Critical,2011
ES-2011-5504927,2011-03-24,2011-03-27,First Class,Tamara Willingham,Home Office,France,EU,Central,TEC-PH-10002564,Technology,Phones,246,2,0.15,2.87,90.96,Critical,2011
ES-2011-5504927,2011-03-24,2011-03-27,First Class,Tamara Willingham,Home Office,France,EU,Central,OFF-BI-10003951,Office Supplies,Binders,152,5,0,76.05,48.16,Critical,2011
ES-2011-5504927,2011-03-24,2011-03-27,First Class,Tamara Willingham,Home Office,France,EU,Central,OFF-ST-10003995,Office Supplies,Storage,230,2,0.1,20.44,47.96,Critical,2011
IN-2011-13667,2011-03-24,2011-03-26,Second Class,Laurel Workman,Corporate,Singapore,APAC,Southeast Asia,OFF-ST-10004346,Office Supplies,Storage,109,2,0,14.16,25.58,Critical,2011
IN-2011-13667,2011-03-24,2011-03-26,Second Class,Laurel Workman,Corporate,Singapore,APAC,Southeast Asia,OFF-LA-10000732,Office Supplies,Labels,33,5,0,10.2,10.21,Critical,2011
IN-2011-13667,2011-03-24,2011-03-26,Second Class,Laurel Workman,Corporate,Singapore,APAC,Southeast Asia,OFF-SU-10003527,Office Supplies,Supplies,31,2,0,7.38,7.83,Critical,2011
CA-2011-143637,2011-03-24,2011-03-29,Second Class,Maurice Satty,Consumer,United States,US,West,FUR-FU-10002813,Furniture,Furnishings,40,2,0,14.57,5.73,High,2011
US-2011-107594,2011-03-24,2011-03-24,Same Day,Darren Koutras,Consumer,Dominican Republic,LATAM,Caribbean,FUR-FU-10003608,Furniture,Furnishings,13,2,0.5,-5.9,2.8,High,2011
CA-2011-147235,2011-03-24,2011-03-28,Standard Class,Carlos Daly,Consumer,United States,US,East,OFF-PA-10004948,Office Supplies,Paper,25,5,0,11.7,1.85,High,2011
IN-2011-60511,2011-03-24,2011-03-30,Standard Class,Adam Bellavance,Home Office,Australia,APAC,Oceania,OFF-FA-10004739,Office Supplies,Fasteners,30,2,0.1,10.64,1.32,Medium,2011
IN-2011-33589,2011-03-25,2011-03-26,First Class,Greg Guthrie,Corporate,China,APAC,North Asia,TEC-PH-10004261,Technology,Phones,413,3,0,115.74,114.66,Critical,2011
MX-2011-109869,2011-03-25,2011-03-31,Standard Class,Lena Radford,Consumer,El Salvador,LATAM,Central,TEC-CO-10003784,Technology,Copiers,1397,7,0,459.06,98.38,Medium,2011
IN-2011-33589,2011-03-25,2011-03-26,First Class,Greg Guthrie,Corporate,China,APAC,North Asia,FUR-CH-10001752,Furniture,Chairs,191,2,0,40.08,86.65,Critical,2011
ES-2011-5879155,2011-03-25,2011-03-27,First Class,Harold Pawlan,Home Office,United Kingdom,EU,North,OFF-AR-10000727,Office Supplies,Art,149,3,0,35.73,59.36,Critical,2011
CA-2011-148586,2011-03-25,2011-04-01,Standard Class,Annie Zypern,Consumer,United States,US,East,FUR-CH-10002439,Furniture,Chairs,367,7,0.1,65.21,30.43,Medium,2011
IN-2011-33589,2011-03-25,2011-03-26,First Class,Greg Guthrie,Corporate,China,APAC,North Asia,OFF-ST-10002967,Office Supplies,Storage,61,2,0,30.06,16.85,Critical,2011
ES-2011-3679996,2011-03-25,2011-03-27,Second Class,Hunter Glantz,Consumer,Germany,EU,Central,OFF-FA-10000227,Office Supplies,Fasteners,99,5,0,44.7,12.26,High,2011
IR-2011-120,2011-03-25,2011-03-28,Second Class,John Lee,Consumer,Iran,EMEA,EMEA,FUR-TEN-10001349,Furniture,Furnishings,110,1,0,5.49,10.01,Medium,2011
ID-2011-49031,2011-03-25,2011-03-29,Standard Class,Maureen Fritzler,Corporate,Indonesia,APAC,Southeast Asia,OFF-FA-10003318,Office Supplies,Fasteners,71,7,0.47,-51.3,8.12,Medium,2011
IT-2011-2306373,2011-03-25,2011-03-30,Second Class,Bruce Degenhardt,Consumer,Netherlands,EU,Central,TEC-PH-10001937,Technology,Phones,84,1,0.5,-55.46,6.66,Medium,2011
IR-2011-1060,2011-03-25,2011-03-26,First Class,Beth Paige,Consumer,Iran,EMEA,EMEA,OFF-WIL-10002772,Office Supplies,Binders,29,1,0,6.18,4.79,High,2011
IR-2011-120,2011-03-25,2011-03-28,Second Class,John Lee,Consumer,Iran,EMEA,EMEA,OFF-CAM-10001177,Office Supplies,Envelopes,26,1,0,11.07,3.46,Medium,2011
MX-2011-121433,2011-03-25,2011-03-29,Standard Class,Matthew Clasen,Corporate,Mexico,LATAM,North,OFF-ST-10004330,Office Supplies,Storage,47,4,0,21.92,2.65,Medium,2011
ID-2011-49031,2011-03-25,2011-03-29,Standard Class,Maureen Fritzler,Corporate,Indonesia,APAC,Southeast Asia,OFF-AR-10004138,Office Supplies,Art,38,5,0.27,4.07,2.52,Medium,2011
IT-2011-2306373,2011-03-25,2011-03-30,Second Class,Bruce Degenhardt,Consumer,Netherlands,EU,Central,OFF-LA-10000379,Office Supplies,Labels,17,3,0.5,-11.61,2.08,Medium,2011
CA-2011-128237,2011-03-25,2011-03-30,Standard Class,Christina Anderson,Consumer,United States,US,West,OFF-AR-10000034,Office Supplies,Art,25,6,0,9.92,2.03,Medium,2011
ES-2011-2140658,2011-03-25,2011-03-27,Second Class,Thomas Brumley,Home Office,United Kingdom,EU,North,OFF-AR-10002156,Office Supplies,Art,15,2,0.5,-8.82,1.89,High,2011
IN-2011-33645,2011-03-25,2011-03-30,Standard Class,Valerie Mitchum,Home Office,Australia,APAC,Oceania,OFF-PA-10004910,Office Supplies,Paper,25,2,0.4,3.28,1.78,Medium,2011
ID-2011-49031,2011-03-25,2011-03-29,Standard Class,Maureen Fritzler,Corporate,Indonesia,APAC,Southeast Asia,OFF-LA-10004877,Office Supplies,Labels,19,4,0.47,-2.27,1.55,Medium,2011
ES-2011-2140658,2011-03-25,2011-03-27,Second Class,Thomas Brumley,Home Office,United Kingdom,EU,North,OFF-FA-10001054,Office Supplies,Fasteners,7,1,0.5,-4.28,1.18,High,2011
CA-2011-128237,2011-03-25,2011-03-30,Standard Class,Christina Anderson,Consumer,United States,US,West,OFF-AR-10003829,Office Supplies,Art,7,2,0,1.9,0.46,Medium,2011
ID-2011-62114,2011-03-25,2011-03-25,Same Day,Sam Craven,Consumer,Australia,APAC,Oceania,OFF-LA-10002107,Office Supplies,Labels,9,1,0.1,2.22,0.37,High,2011
ES-2011-2266801,2011-03-26,2011-03-28,First Class,Jamie Frazer,Consumer,France,EU,Central,OFF-ST-10004191,Office Supplies,Storage,551,3,0.1,97.97,38.33,Medium,2011
IT-2011-5078476,2011-03-26,2011-04-01,Standard Class,Thea Hendricks,Consumer,Switzerland,EU,Central,OFF-BI-10002040,Office Supplies,Binders,92,3,0,25.83,16.62,Low,2011
CA-2011-138436,2011-03-26,2011-03-30,Standard Class,Jonathan Doherty,Corporate,United States,US,West,TEC-AC-10002323,Technology,Accessories,66,3,0,8.62,5.68,Medium,2011
CA-2011-141838,2011-03-26,2011-03-31,Second Class,Damala Kotsonis,Corporate,United States,US,West,TEC-PH-10004100,Technology,Phones,29,2,0.2,2.88,5.66,High,2011
IN-2011-69912,2011-03-26,2011-04-01,Standard Class,Vivek Gonzalez,Consumer,Malaysia,APAC,Southeast Asia,OFF-LA-10000879,Office Supplies,Labels,68,8,0,30.96,4.33,Medium,2011
CA-2011-141838,2011-03-26,2011-03-31,Second Class,Damala Kotsonis,Corporate,United States,US,West,OFF-BI-10003291,Office Supplies,Binders,28,4,0.2,9.43,3.34,High,2011
CA-2011-100860,2011-03-26,2011-03-30,Second Class,Cindy Stewart,Consumer,United States,US,West,OFF-LA-10001982,Office Supplies,Labels,19,5,0,9,2.74,High,2011
CA-2011-141838,2011-03-26,2011-03-31,Second Class,Damala Kotsonis,Corporate,United States,US,West,OFF-AR-10004272,Office Supplies,Art,3,2,0,0.84,0.19,High,2011
ES-2011-4614329,2011-03-27,2011-03-31,Standard Class,Troy Blackwell,Consumer,France,EU,Central,OFF-LA-10004832,Office Supplies,Labels,21,2,0,4.08,2.07,High,2011
ES-2011-4614329,2011-03-27,2011-03-31,Standard Class,Troy Blackwell,Consumer,France,EU,Central,OFF-ST-10002151,Office Supplies,Storage,9,1,0.1,1.61,0.89,High,2011
US-2011-137869,2011-03-28,2011-04-02,Standard Class,Christina VanderZanden,Consumer,United States,US,Central,FUR-TA-10003954,Furniture,Tables,1185,4,0,106.62,108.8,Medium,2011
CA-2011-100881,2011-03-28,2011-04-01,Standard Class,Daniel Raglin,Home Office,United States,US,West,TEC-PH-10003273,Technology,Phones,302,3,0.2,22.68,60.33,High,2011
AU-2011-3990,2011-03-28,2011-04-02,Standard Class,Lisa Ryan,Corporate,Austria,EMEA,EMEA,TEC-NOK-10001172,Technology,Phones,493,4,0,14.76,50.55,Medium,2011
MX-2011-142307,2011-03-28,2011-04-02,Standard Class,Julie Kriz,Home Office,Mexico,LATAM,North,TEC-PH-10004880,Technology,Phones,309,3,0,102.06,28.28,Medium,2011
MX-2011-115322,2011-03-28,2011-04-01,Second Class,Luke Weiss,Consumer,Mexico,LATAM,North,TEC-CO-10003370,Technology,Copiers,260,3,0,72.32,25.55,Medium,2011
MX-2011-142307,2011-03-28,2011-04-02,Standard Class,Julie Kriz,Home Office,Mexico,LATAM,North,OFF-SU-10004662,Office Supplies,Supplies,205,7,0,79.8,13.91,Medium,2011
IR-2011-7290,2011-03-28,2011-03-29,Same Day,Ralph Arnett,Consumer,Iran,EMEA,EMEA,FUR-TEN-10000525,Furniture,Furnishings,101,2,0,25.08,13.58,High,2011
IR-2011-7290,2011-03-28,2011-03-29,Same Day,Ralph Arnett,Consumer,Iran,EMEA,EMEA,FUR-OFF-10001125,Furniture,Chairs,143,1,0,51.6,12.08,High,2011
US-2011-117380,2011-03-28,2011-04-03,Standard Class,Mike Pelletier,Home Office,United States,US,East,FUR-TA-10000198,Furniture,Tables,331,1,0.4,-143.25,9.4,Medium,2011
IN-2011-24965,2011-03-28,2011-04-02,Standard Class,Sung Shariari,Consumer,China,APAC,North Asia,FUR-FU-10001471,Furniture,Furnishings,189,4,0,69.84,8.62,Medium,2011
MX-2011-142307,2011-03-28,2011-04-02,Standard Class,Julie Kriz,Home Office,Mexico,LATAM,North,TEC-AC-10003556,Technology,Accessories,168,3,0,10.02,7.59,Medium,2011
ES-2011-4814310,2011-03-28,2011-04-01,Standard Class,Scott Cohen,Corporate,Italy,EU,South,OFF-FA-10002715,Office Supplies,Fasteners,93,5,0,44.7,6.7,High,2011
IN-2011-24965,2011-03-28,2011-04-02,Standard Class,Sung Shariari,Consumer,China,APAC,North Asia,OFF-AR-10003684,Office Supplies,Art,100,2,0,35.94,4.03,Medium,2011
MX-2011-142307,2011-03-28,2011-04-02,Standard Class,Julie Kriz,Home Office,Mexico,LATAM,North,OFF-EN-10004788,Office Supplies,Envelopes,120,7,0,21.56,3.17,Medium,2011
AU-2011-3990,2011-03-28,2011-04-02,Standard Class,Lisa Ryan,Corporate,Austria,EMEA,EMEA,OFF-AVE-10002892,Office Supplies,Binders,28,1,0,0,3.11,Medium,2011
IT-2011-4692210,2011-03-28,2011-04-02,Standard Class,Erica Hackney,Consumer,Germany,EU,Central,OFF-ST-10004409,Office Supplies,Storage,39,4,0.6,-58.68,2.59,Medium,2011
MX-2011-142307,2011-03-28,2011-04-02,Standard Class,Julie Kriz,Home Office,Mexico,LATAM,North,OFF-SU-10000378,Office Supplies,Supplies,30,2,0,4.16,2.32,Medium,2011
IT-2011-4692210,2011-03-28,2011-04-02,Standard Class,Erica Hackney,Consumer,Germany,EU,Central,OFF-FA-10004494,Office Supplies,Fasteners,22,3,0.5,-21.38,1.6,Medium,2011
MX-2011-143308,2011-03-28,2011-04-01,Standard Class,Art Foster,Consumer,Argentina,LATAM,South,OFF-LA-10001778,Office Supplies,Labels,16,3,0.4,2.69,1.39,High,2011
MX-2011-142307,2011-03-28,2011-04-02,Standard Class,Julie Kriz,Home Office,Mexico,LATAM,North,OFF-ST-10002122,Office Supplies,Storage,30,4,0,2.4,1.21,Medium,2011
MX-2011-142307,2011-03-28,2011-04-02,Standard Class,Julie Kriz,Home Office,Mexico,LATAM,North,OFF-EN-10003636,Office Supplies,Envelopes,45,3,0,11.16,1.21,Medium,2011
AU-2011-3990,2011-03-28,2011-04-02,Standard Class,Lisa Ryan,Corporate,Austria,EMEA,EMEA,OFF-AME-10002949,Office Supplies,Envelopes,21,2,0,2.52,1.04,Medium,2011
MX-2011-124408,2011-03-28,2011-04-02,Standard Class,Don Weiss,Consumer,Cuba,LATAM,Caribbean,OFF-BI-10004142,Office Supplies,Binders,11,2,0,4.48,0.74,Medium,2011
US-2011-137869,2011-03-28,2011-04-02,Standard Class,Christina VanderZanden,Consumer,United States,US,Central,OFF-EN-10001509,Office Supplies,Envelopes,6,3,0,2.88,0.73,Medium,2011
MX-2011-142307,2011-03-28,2011-04-02,Standard Class,Julie Kriz,Home Office,Mexico,LATAM,North,OFF-LA-10000845,Office Supplies,Labels,8,3,0,3.72,0.55,Medium,2011
MX-2011-142307,2011-03-28,2011-04-02,Standard Class,Julie Kriz,Home Office,Mexico,LATAM,North,OFF-BI-10002483,Office Supplies,Binders,6,2,0,1.44,0.36,Medium,2011
ES-2011-5610862,2011-03-29,2011-03-30,First Class,Justin Hirsh,Consumer,Germany,EU,Central,TEC-PH-10002035,Technology,Phones,639,1,0,44.73,114.36,Critical,2011
CA-2011-137274,2011-03-29,2011-04-02,Standard Class,Mike Gockenbach,Consumer,United States,US,Central,FUR-TA-10001889,Furniture,Tables,891,3,0.3,-152.72,55.98,Medium,2011
CA-2011-9510,2011-03-29,2011-03-31,First Class,Robert Dilbeck,Home Office,Canada,Canada,Canada,FUR-SAF-10001136,Furniture,Chairs,170,1,0,81.78,32.46,Critical,2011
US-2011-123001,2011-03-29,2011-04-02,Standard Class,Scott Williamson,Consumer,Honduras,LATAM,Central,FUR-BO-10002383,Furniture,Bookcases,392,5,0.4,-45.74,25.89,Medium,2011
MX-2011-156349,2011-03-29,2011-04-02,Standard Class,Seth Vernon,Consumer,Mexico,LATAM,North,TEC-PH-10004237,Technology,Phones,261,6,0,96.36,23.43,High,2011
IN-2011-48506,2011-03-29,2011-03-31,First Class,Sam Zeldin,Home Office,Thailand,APAC,Southeast Asia,OFF-AP-10001504,Office Supplies,Appliances,110,2,0.17,19.9,10.64,Medium,2011
US-2011-123001,2011-03-29,2011-04-02,Standard Class,Scott Williamson,Consumer,Honduras,LATAM,Central,FUR-FU-10004339,Furniture,Furnishings,220,5,0.4,-62.42,9.03,Medium,2011
ES-2011-5610862,2011-03-29,2011-03-30,First Class,Justin Hirsh,Consumer,Germany,EU,Central,OFF-SU-10004230,Office Supplies,Supplies,38,2,0,3,7.73,Critical,2011
ES-2011-5610862,2011-03-29,2011-03-30,First Class,Justin Hirsh,Consumer,Germany,EU,Central,FUR-FU-10003662,Furniture,Furnishings,170,4,0,27.12,6.83,Critical,2011
IN-2011-13506,2011-03-29,2011-04-02,Standard Class,Meg Tillman,Consumer,China,APAC,North Asia,OFF-EN-10004892,Office Supplies,Envelopes,28,1,0,11.55,3.52,High,2011
CA-2011-9510,2011-03-29,2011-03-31,First Class,Robert Dilbeck,Home Office,Canada,Canada,Canada,OFF-WIL-10001889,Office Supplies,Binders,5,1,0,2.25,1.19,Critical,2011
US-2011-100391,2011-03-29,2011-04-02,Standard Class,Clay Ludtke,Consumer,Honduras,LATAM,Central,OFF-LA-10000276,Office Supplies,Labels,19,5,0.4,-2.86,0.77,Medium,2011
IT-2011-3424830,2011-03-29,2011-04-04,Standard Class,Sean Wendt,Home Office,Germany,EU,Central,OFF-LA-10002733,Office Supplies,Labels,8,2,0.5,-5.85,0.58,Medium,2011
ES-2011-5861038,2011-03-30,2011-04-03,Standard Class,Chris Selesnick,Corporate,Germany,EU,Central,FUR-CH-10002610,Furniture,Chairs,729,5,0.1,-56.72,95.99,High,2011
CA-2011-162089,2011-03-30,2011-04-01,First Class,Mark Packer,Home Office,United States,US,Central,TEC-PH-10001819,Technology,Phones,252,7,0.2,88.18,94.8,Critical,2011
CA-2011-162089,2011-03-30,2011-04-01,First Class,Mark Packer,Home Office,United States,US,Central,FUR-CH-10002304,Furniture,Chairs,127,7,0.3,-9.09,53.64,Critical,2011
MX-2011-132479,2011-03-30,2011-04-02,First Class,Jonathan Doherty,Corporate,El Salvador,LATAM,Central,FUR-BO-10004423,Furniture,Bookcases,166,2,0,79.6,51.88,Critical,2011
ID-2011-66412,2011-03-30,2011-04-03,Standard Class,Art Ferguson,Consumer,Philippines,APAC,Southeast Asia,FUR-CH-10002872,Furniture,Chairs,696,2,0.25,-167.04,50.9,Medium,2011
CA-2011-162089,2011-03-30,2011-04-01,First Class,Mark Packer,Home Office,United States,US,Central,OFF-EN-10002230,Office Supplies,Envelopes,336,5,0.2,113.31,45.52,Critical,2011
ES-2011-5861038,2011-03-30,2011-04-03,Standard Class,Chris Selesnick,Corporate,Germany,EU,Central,TEC-PH-10004105,Technology,Phones,390,3,0,15.57,40.42,High,2011
ES-2011-5861038,2011-03-30,2011-04-03,Standard Class,Chris Selesnick,Corporate,Germany,EU,Central,TEC-CO-10001145,Technology,Copiers,285,2,0,14.22,38.07,High,2011
ID-2011-66412,2011-03-30,2011-04-03,Standard Class,Art Ferguson,Consumer,Philippines,APAC,Southeast Asia,TEC-MA-10002701,Technology,Machines,234,1,0.25,59.23,32.01,Medium,2011
RS-2011-2280,2011-03-30,2011-04-02,First Class,Alex Russell,Corporate,Russia,EMEA,EMEA,OFF-FEL-10001630,Office Supplies,Storage,416,2,0,182.82,31,High,2011
ID-2011-66412,2011-03-30,2011-04-03,Standard Class,Art Ferguson,Consumer,Philippines,APAC,Southeast Asia,TEC-MA-10002998,Technology,Machines,461,5,0.25,-110.74,28.45,Medium,2011
ID-2011-66412,2011-03-30,2011-04-03,Standard Class,Art Ferguson,Consumer,Philippines,APAC,Southeast Asia,FUR-FU-10002210,Furniture,Furnishings,226,6,0.25,-24.26,21.75,Medium,2011
CA-2011-131247,2011-03-30,2011-04-04,Standard Class,Guy Armstrong,Consumer,United States,US,West,FUR-BO-10001337,Furniture,Bookcases,206,2,0.15,-12.1,17.41,Medium,2011
ID-2011-66412,2011-03-30,2011-04-03,Standard Class,Art Ferguson,Consumer,Philippines,APAC,Southeast Asia,TEC-CO-10002150,Technology,Copiers,248,2,0.35,57.29,15.83,Medium,2011
IN-2011-39392,2011-03-30,2011-04-06,Standard Class,Guy Thornton,Consumer,India,APAC,Central Asia,OFF-FA-10003745,Office Supplies,Fasteners,218,13,0,69.81,14.14,Medium,2011
IN-2011-62982,2011-03-30,2011-04-01,Second Class,Vivek Gonzalez,Consumer,India,APAC,Central Asia,TEC-AC-10001835,Technology,Accessories,127,3,0,17.64,12.98,Medium,2011
US-2011-113124,2011-03-30,2011-04-05,Standard Class,Nat Carroll,Consumer,United States,US,Central,OFF-ST-10001511,Office Supplies,Storage,129,2,0,6.47,8.19,Medium,2011
ID-2011-66412,2011-03-30,2011-04-03,Standard Class,Art Ferguson,Consumer,Philippines,APAC,Southeast Asia,OFF-FA-10001375,Office Supplies,Fasteners,62,6,0.45,-41.79,5.96,Medium,2011
ID-2011-28395,2011-03-30,2011-04-05,Standard Class,Bart Folk,Consumer,Indonesia,APAC,Southeast Asia,OFF-SU-10004236,Office Supplies,Supplies,66,5,0.47,-17.69,5.43,Medium,2011
IN-2011-42570,2011-03-30,2011-04-02,First Class,Maya Herman,Corporate,India,APAC,Central Asia,OFF-EN-10004590,Office Supplies,Envelopes,44,2,0,11.52,5.35,High,2011
ES-2011-5861038,2011-03-30,2011-04-03,Standard Class,Chris Selesnick,Corporate,Germany,EU,Central,OFF-ST-10001091,Office Supplies,Storage,51,5,0.1,-1.13,5.12,High,2011
ID-2011-66412,2011-03-30,2011-04-03,Standard Class,Art Ferguson,Consumer,Philippines,APAC,Southeast Asia,OFF-FA-10000353,Office Supplies,Fasteners,30,5,0.45,-24.46,3.65,Medium,2011
ID-2011-66412,2011-03-30,2011-04-03,Standard Class,Art Ferguson,Consumer,Philippines,APAC,Southeast Asia,FUR-FU-10003214,Furniture,Furnishings,43,2,0.25,1.1,3.39,Medium,2011
CA-2011-133424,2011-03-30,2011-04-04,Standard Class,Dorris liebe,Corporate,United States,US,West,OFF-LA-10002312,Office Supplies,Labels,44,3,0,22.2,3.3,Medium,2011
ID-2011-28395,2011-03-30,2011-04-05,Standard Class,Bart Folk,Consumer,Indonesia,APAC,Southeast Asia,OFF-FA-10002241,Office Supplies,Fasteners,30,3,0.47,-7.39,2.25,Medium,2011
ID-2011-66412,2011-03-30,2011-04-03,Standard Class,Art Ferguson,Consumer,Philippines,APAC,Southeast Asia,OFF-SU-10002448,Office Supplies,Supplies,24,1,0.45,-11.14,1.8,Medium,2011
CA-2011-169033,2011-03-30,2011-04-03,Standard Class,Kunst Miller,Consumer,United States,US,East,OFF-AR-10001915,Office Supplies,Art,50,5,0,20.85,1.58,Medium,2011
IN-2011-39392,2011-03-30,2011-04-06,Standard Class,Guy Thornton,Consumer,India,APAC,Central Asia,OFF-BI-10004369,Office Supplies,Binders,22,3,0,7.92,1.19,Medium,2011
US-2011-105151,2011-03-30,2011-03-31,First Class,Susan Gilcrest,Corporate,United States,US,East,OFF-AR-10001231,Office Supplies,Art,11,5,0,2.94,1.03,Critical,2011
MX-2011-132479,2011-03-30,2011-04-02,First Class,Jonathan Doherty,Corporate,El Salvador,LATAM,Central,FUR-FU-10004427,Furniture,Furnishings,16,1,0,6.7,0.69,Critical,2011
NI-2011-4150,2011-03-30,2011-04-01,Second Class,Joy Bell-,Consumer,Nigeria,Africa,Africa,FUR-RUB-10003411,Furniture,Furnishings,7,1,0.7,-15.52,0.68,High,2011
CA-2011-133424,2011-03-30,2011-04-04,Standard Class,Dorris liebe,Corporate,United States,US,West,OFF-ST-10002957,Office Supplies,Storage,16,3,0,0,0.22,Medium,2011
ES-2011-5287434,2011-03-31,2011-04-04,Standard Class,Sue Ann Reed,Consumer,United Kingdom,EU,North,FUR-BO-10004129,Furniture,Bookcases,2624,6,0,446.04,359.28,High,2011
RS-2011-2260,2011-03-31,2011-03-31,Same Day,Nathan Gelder,Consumer,Russia,EMEA,EMEA,FUR-DAN-10002348,Furniture,Bookcases,824,2,0,255.48,200.09,Critical,2011
CA-2011-130428,2011-03-31,2011-03-31,Same Day,Trudy Glocke,Consumer,United States,US,South,FUR-CH-10002965,Furniture,Chairs,1125,7,0.2,98.48,145.94,High,2011
RS-2011-2200,2011-03-31,2011-04-02,Second Class,Paul Gonzalez,Consumer,Russia,EMEA,EMEA,OFF-HOO-10004243,Office Supplies,Appliances,616,2,0,61.56,79.47,Medium,2011
ES-2011-5287434,2011-03-31,2011-04-04,Standard Class,Sue Ann Reed,Consumer,United Kingdom,EU,North,OFF-ST-10001758,Office Supplies,Storage,423,2,0,29.58,61.81,High,2011
CA-2011-128055,2011-03-31,2011-04-05,Standard Class,Alex Avila,Consumer,United States,US,West,OFF-BI-10004390,Office Supplies,Binders,674,2,0.2,252.59,54.96,Medium,2011
IN-2011-63115,2011-03-31,2011-04-06,Standard Class,Roland Murray,Consumer,China,APAC,North Asia,TEC-PH-10000720,Technology,Phones,336,2,0,127.74,41.92,Low,2011
TU-2011-1630,2011-03-31,2011-04-04,Standard Class,Jennifer Patt,Corporate,Turkey,EMEA,EMEA,FUR-OFF-10004824,Furniture,Chairs,141,2,0.6,-105.77,26.9,High,2011
CG-2011-4610,2011-03-31,2011-03-31,Same Day,Allen Rosenblatt,Corporate,Democratic Republic of the Congo,Africa,Africa,TEC-NOK-10003034,Technology,Phones,124,1,0,24.87,15.95,High,2011
US-2011-104759,2011-03-31,2011-04-04,Standard Class,Dorothy Dickinson,Consumer,United States,US,Central,TEC-AC-10004901,Technology,Accessories,80,2,0.2,14,9.03,High,2011
RS-2011-2200,2011-03-31,2011-04-02,Second Class,Paul Gonzalez,Consumer,Russia,EMEA,EMEA,OFF-SAN-10001114,Office Supplies,Paper,50,1,0,3.48,7.58,Medium,2011
IN-2011-30985,2011-03-31,2011-04-04,Standard Class,Rick Wilson,Corporate,Australia,APAC,Oceania,FUR-BO-10002032,Furniture,Bookcases,223,2,0.1,34.67,7.41,Medium,2011
ES-2011-3721082,2011-03-31,2011-04-04,Standard Class,Larry Blacks,Consumer,Switzerland,EU,Central,FUR-FU-10001252,Furniture,Furnishings,110,2,0,37.44,5.63,Medium,2011
RS-2011-2200,2011-03-31,2011-04-02,Second Class,Paul Gonzalez,Consumer,Russia,EMEA,EMEA,OFF-HAR-10001262,Office Supplies,Labels,64,6,0,25.74,4.77,Medium,2011
RS-2011-2200,2011-03-31,2011-04-02,Second Class,Paul Gonzalez,Consumer,Russia,EMEA,EMEA,OFF-STA-10003803,Office Supplies,Art,64,4,0,23.52,4.59,Medium,2011
ES-2011-5287434,2011-03-31,2011-04-04,Standard Class,Sue Ann Reed,Consumer,United Kingdom,EU,North,OFF-AR-10003651,Office Supplies,Art,34,3,0,7.83,3.77,High,2011
IN-2011-30985,2011-03-31,2011-04-04,Standard Class,Rick Wilson,Corporate,Australia,APAC,Oceania,OFF-AR-10000054,Office Supplies,Art,47,2,0.1,13.56,3.66,Medium,2011
CA-2011-130428,2011-03-31,2011-03-31,Same Day,Trudy Glocke,Consumer,United States,US,South,OFF-BI-10001636,Office Supplies,Binders,13,5,0.7,-10.12,3.55,High,2011
MX-2011-147494,2011-03-31,2011-04-06,Standard Class,Rachel Payne,Corporate,Brazil,LATAM,South,OFF-LA-10004519,Office Supplies,Labels,23,3,0,9.36,3.36,Low,2011
CA-2011-128055,2011-03-31,2011-04-05,Standard Class,Alex Avila,Consumer,United States,US,West,OFF-AP-10002765,Office Supplies,Appliances,53,2,0,14.83,3.17,Medium,2011
IT-2011-5233011,2011-03-31,2011-04-06,Standard Class,Todd Sumrall,Corporate,Sweden,EU,North,FUR-FU-10003046,Furniture,Furnishings,40,2,0.6,-44.05,2.78,Medium,2011
ES-2011-3721082,2011-03-31,2011-04-04,Standard Class,Larry Blacks,Consumer,Switzerland,EU,Central,OFF-AR-10002433,Office Supplies,Art,21,2,0,9.06,1.03,Medium,2011
US-2011-104759,2011-03-31,2011-04-04,Standard Class,Dorothy Dickinson,Consumer,United States,US,Central,OFF-BI-10002071,Office Supplies,Binders,8,7,0.8,-13.83,0.84,High,2011
CA-2011-130428,2011-03-31,2011-03-31,Same Day,Trudy Glocke,Consumer,United States,US,South,OFF-AR-10004027,Office Supplies,Art,4,2,0.2,1.06,0.79,High,2011
RS-2011-2200,2011-03-31,2011-04-02,Second Class,Paul Gonzalez,Consumer,Russia,EMEA,EMEA,OFF-CAM-10001341,Office Supplies,Envelopes,16,1,0,7.08,0.76,Medium,2011
RS-2011-2200,2011-03-31,2011-04-02,Second Class,Paul Gonzalez,Consumer,Russia,EMEA,EMEA,OFF-CAR-10003373,Office Supplies,Binders,7,1,0,1.41,0.48,Medium,2011
CA-2011-101770,2011-03-31,2011-04-04,Standard Class,Karen Bern,Corporate,United States,US,South,OFF-BI-10001097,Office Supplies,Binders,2,1,0.7,-1.31,0.17,Medium,2011
CA-2011-112403,2011-03-31,2011-03-31,Same Day,Jas OCarroll,Consumer,United States,US,East,OFF-BI-10003529,Office Supplies,Binders,1,1,0.7,-0.6,0.1,High,2011
IT-2011-3468929,2011-04-01,2011-04-04,First Class,Aaron Smayling,Corporate,Italy,EU,South,TEC-PH-10003963,Technology,Phones,497,6,0.4,-289.84,122.65,High,2011
ES-2011-4237527,2011-04-01,2011-04-04,First Class,Benjamin Patterson,Consumer,Italy,EU,South,OFF-BI-10003705,Office Supplies,Binders,296,6,0,32.4,71.22,High,2011
ID-2011-77192,2011-04-01,2011-04-05,Standard Class,Rachel Payne,Corporate,South Korea,APAC,North Asia,FUR-BO-10003408,Furniture,Bookcases,568,5,0.2,0,49.7,Medium,2011
ES-2011-4237527,2011-04-01,2011-04-04,First Class,Benjamin Patterson,Consumer,Italy,EU,South,OFF-AR-10000399,Office Supplies,Art,158,3,0,69.48,21.83,High,2011
US-2011-132899,2011-04-01,2011-04-05,Second Class,Jennifer Braxton,Corporate,Peru,LATAM,South,TEC-PH-10002871,Technology,Phones,139,2,0.4,-25.46,20.4,Medium,2011
ID-2011-72096,2011-04-01,2011-04-05,Standard Class,Pete Armstrong,Home Office,Philippines,APAC,Southeast Asia,OFF-BI-10004651,Office Supplies,Binders,84,2,0.15,30.47,17.47,High,2011
US-2011-148852,2011-04-01,2011-04-04,Second Class,Victoria Pisteka,Corporate,Panama,LATAM,Central,OFF-AP-10002753,Office Supplies,Appliances,86,4,0.4,-47.1,11.56,High,2011
ES-2011-4237527,2011-04-01,2011-04-04,First Class,Benjamin Patterson,Consumer,Italy,EU,South,TEC-AC-10004379,Technology,Accessories,123,3,0,50.4,11.19,High,2011
US-2011-132899,2011-04-01,2011-04-05,Second Class,Jennifer Braxton,Corporate,Peru,LATAM,South,TEC-AC-10002760,Technology,Accessories,80,2,0.4,-53.38,7.56,Medium,2011
MX-2011-167773,2011-04-01,2011-04-05,Standard Class,Lynn Smith,Consumer,Colombia,LATAM,South,TEC-AC-10003851,Technology,Accessories,48,1,0,10.92,6,High,2011
US-2011-132899,2011-04-01,2011-04-05,Second Class,Jennifer Braxton,Corporate,Peru,LATAM,South,FUR-CH-10004783,Furniture,Chairs,68,3,0.4,-29.35,5.65,Medium,2011
US-2011-132899,2011-04-01,2011-04-05,Second Class,Jennifer Braxton,Corporate,Peru,LATAM,South,OFF-ST-10001374,Office Supplies,Storage,122,5,0.4,-48.6,5.41,Medium,2011
US-2011-132899,2011-04-01,2011-04-05,Second Class,Jennifer Braxton,Corporate,Peru,LATAM,South,OFF-AR-10001991,Office Supplies,Art,45,5,0.4,0.74,5.41,Medium,2011
US-2011-132899,2011-04-01,2011-04-05,Second Class,Jennifer Braxton,Corporate,Peru,LATAM,South,FUR-FU-10003283,Furniture,Furnishings,20,2,0.4,-1.69,3.66,Medium,2011
ID-2011-77192,2011-04-01,2011-04-05,Standard Class,Rachel Payne,Corporate,South Korea,APAC,North Asia,OFF-ST-10004857,Office Supplies,Storage,44,5,0.5,-13.2,3.05,Medium,2011
US-2011-157021,2011-04-01,2011-04-06,Second Class,Kunst Miller,Consumer,United States,US,West,OFF-LA-10002312,Office Supplies,Labels,30,2,0,14.8,3.01,Medium,2011
ID-2011-72096,2011-04-01,2011-04-05,Standard Class,Pete Armstrong,Home Office,Philippines,APAC,Southeast Asia,OFF-ST-10003319,Office Supplies,Storage,25,2,0.45,-6.04,2.99,High,2011
MX-2011-167773,2011-04-01,2011-04-05,Standard Class,Lynn Smith,Consumer,Colombia,LATAM,South,OFF-BI-10000188,Office Supplies,Binders,18,5,0,0.5,1.96,High,2011
CA-2011-138359,2011-04-01,2011-04-06,Standard Class,Katharine Harms,Corporate,United States,US,East,OFF-ST-10000636,Office Supplies,Storage,67,4,0,2.68,1.57,Medium,2011
US-2011-148852,2011-04-01,2011-04-04,Second Class,Victoria Pisteka,Corporate,Panama,LATAM,Central,OFF-BI-10004305,Office Supplies,Binders,11,4,0.4,-3.14,1.37,High,2011
MX-2011-167773,2011-04-01,2011-04-05,Standard Class,Lynn Smith,Consumer,Colombia,LATAM,South,OFF-BI-10002222,Office Supplies,Binders,15,2,0,1.96,1.2,High,2011
US-2011-157021,2011-04-01,2011-04-06,Second Class,Kunst Miller,Consumer,United States,US,West,OFF-BI-10000042,Office Supplies,Binders,17,4,0.2,5.55,0.65,Medium,2011
CA-2011-138359,2011-04-01,2011-04-06,Standard Class,Katharine Harms,Corporate,United States,US,East,OFF-BI-10000145,Office Supplies,Binders,6,2,0,3.06,0.34,Medium,2011
ID-2011-77192,2011-04-01,2011-04-05,Standard Class,Rachel Payne,Corporate,South Korea,APAC,North Asia,OFF-LA-10001764,Office Supplies,Labels,10,4,0.5,-9.12,0.32,Medium,2011
US-2011-132899,2011-04-01,2011-04-05,Second Class,Jennifer Braxton,Corporate,Peru,LATAM,South,OFF-EN-10002226,Office Supplies,Envelopes,9,3,0.4,-4.84,0.32,Medium,2011
US-2011-150987,2011-04-02,2011-04-06,Second Class,Dianna Wilson,Home Office,Honduras,LATAM,Central,OFF-AP-10004958,Office Supplies,Appliances,683,3,0.4,-79.76,50.13,Medium,2011
CA-2011-164315,2011-04-02,2011-04-08,Standard Class,Rob Dowd,Consumer,United States,US,South,TEC-PH-10001128,Technology,Phones,1050,7,0,293.98,37.67,Medium,2011
IN-2011-77892,2011-04-02,2011-04-08,Standard Class,Hunter Lopez,Consumer,Bangladesh,APAC,Central Asia,TEC-PH-10001751,Technology,Phones,1278,2,0,460.08,34,Medium,2011
IN-2011-74252,2011-04-02,2011-04-06,Second Class,Emily Burns,Consumer,Australia,APAC,Oceania,TEC-CO-10003982,Technology,Copiers,228,2,0.1,83.7,31.09,High,2011
US-2011-159436,2011-04-02,2011-04-06,Second Class,Dianna Wilson,Home Office,Brazil,LATAM,South,OFF-AP-10003308,Office Supplies,Appliances,456,3,0.6,-307.6,27.38,High,2011
ID-2011-53287,2011-04-02,2011-04-06,Standard Class,Tony Molinari,Consumer,China,APAC,North Asia,TEC-MA-10003351,Technology,Machines,523,3,0,214.29,25.19,Medium,2011
IN-2011-77892,2011-04-02,2011-04-08,Standard Class,Hunter Lopez,Consumer,Bangladesh,APAC,Central Asia,TEC-PH-10001751,Technology,Phones,3195,5,0,1150.2,23.95,Medium,2011
US-2011-159436,2011-04-02,2011-04-06,Second Class,Dianna Wilson,Home Office,Brazil,LATAM,South,TEC-CO-10002567,Technology,Copiers,154,3,0.6,-162.8,18.5,High,2011
CA-2011-164315,2011-04-02,2011-04-08,Standard Class,Rob Dowd,Consumer,United States,US,South,OFF-AP-10003842,Office Supplies,Appliances,155,5,0,40.27,12.99,Medium,2011
CA-2011-160276,2011-04-02,2011-04-08,Standard Class,Anna Häberlin,Corporate,United States,US,South,FUR-FU-10003192,Furniture,Furnishings,178,2,0,46.2,10.84,Medium,2011
US-2011-150987,2011-04-02,2011-04-06,Second Class,Dianna Wilson,Home Office,Honduras,LATAM,Central,TEC-CO-10003142,Technology,Copiers,231,3,0.4,-85.65,9.81,Medium,2011
US-2011-159436,2011-04-02,2011-04-06,Second Class,Dianna Wilson,Home Office,Brazil,LATAM,South,TEC-CO-10001968,Technology,Copiers,115,3,0.6,-61.15,9.8,High,2011
MO-2011-4260,2011-04-02,2011-04-07,Standard Class,Christine Sundaresam,Consumer,Morocco,Africa,Africa,TEC-MOT-10001950,Technology,Phones,81,1,0,17.82,9.31,High,2011
IN-2011-77892,2011-04-02,2011-04-08,Standard Class,Hunter Lopez,Consumer,Bangladesh,APAC,Central Asia,OFF-PA-10003139,Office Supplies,Paper,150,9,0,55.08,9.28,Medium,2011
IN-2011-77892,2011-04-02,2011-04-08,Standard Class,Hunter Lopez,Consumer,Bangladesh,APAC,Central Asia,OFF-AR-10003536,Office Supplies,Art,112,4,0,23.4,7.97,Medium,2011
US-2011-150987,2011-04-02,2011-04-06,Second Class,Dianna Wilson,Home Office,Honduras,LATAM,Central,TEC-CO-10001756,Technology,Copiers,172,3,0.4,-3.48,5.57,Medium,2011
US-2011-159436,2011-04-02,2011-04-06,Second Class,Dianna Wilson,Home Office,Brazil,LATAM,South,OFF-EN-10004788,Office Supplies,Envelopes,18,2,0.6,-5.12,3.91,High,2011
MO-2011-4260,2011-04-02,2011-04-07,Standard Class,Christine Sundaresam,Consumer,Morocco,Africa,Africa,OFF-BIC-10003680,Office Supplies,Art,19,1,0,7.56,2.96,High,2011
IN-2011-61253,2011-04-02,2011-04-05,First Class,Pamela Coakley,Corporate,Vietnam,APAC,Southeast Asia,OFF-LA-10001185,Office Supplies,Labels,12,2,0.17,3.39,1.62,Medium,2011
US-2011-150987,2011-04-02,2011-04-06,Second Class,Dianna Wilson,Home Office,Honduras,LATAM,Central,OFF-EN-10000755,Office Supplies,Envelopes,28,2,0.4,4.12,1.6,Medium,2011
US-2011-157847,2011-04-02,2011-04-06,Second Class,Sam Craven,Consumer,United States,US,Central,OFF-PA-10001593,Office Supplies,Paper,33,7,0.2,10.47,1.58,Medium,2011
CA-2011-164315,2011-04-02,2011-04-08,Standard Class,Rob Dowd,Consumer,United States,US,South,OFF-PA-10004248,Office Supplies,Paper,16,3,0,7.13,1.19,Medium,2011
MO-2011-4260,2011-04-02,2011-04-07,Standard Class,Christine Sundaresam,Consumer,Morocco,Africa,Africa,OFF-HAR-10000495,Office Supplies,Labels,9,1,0,0,0.85,High,2011
US-2011-157847,2011-04-02,2011-04-06,Second Class,Sam Craven,Consumer,United States,US,Central,OFF-PA-10002986,Office Supplies,Paper,27,5,0.2,9.35,0.74,Medium,2011
IN-2011-47183,2011-04-03,2011-04-07,Standard Class,Brendan Murry,Corporate,China,APAC,North Asia,OFF-EN-10001976,Office Supplies,Envelopes,391,8,0,109.2,38.63,High,2011
IN-2011-47183,2011-04-03,2011-04-07,Standard Class,Brendan Murry,Corporate,China,APAC,North Asia,OFF-SU-10004306,Office Supplies,Supplies,163,4,0,6.48,14.55,High,2011
IN-2011-47183,2011-04-03,2011-04-07,Standard Class,Brendan Murry,Corporate,China,APAC,North Asia,TEC-AC-10001735,Technology,Accessories,59,2,0,8.16,9.86,High,2011
CA-2011-112291,2011-04-03,2011-04-08,Standard Class,Katrina Edelman,Corporate,United States,US,West,TEC-AC-10000736,Technology,Accessories,160,2,0,57.59,9.63,Medium,2011
IN-2011-47183,2011-04-03,2011-04-07,Standard Class,Brendan Murry,Corporate,China,APAC,North Asia,OFF-FA-10000353,Office Supplies,Fasteners,33,3,0,0.27,4.32,High,2011
CA-2011-112291,2011-04-03,2011-04-08,Standard Class,Katrina Edelman,Corporate,United States,US,West,TEC-AC-10001284,Technology,Accessories,62,3,0,22.43,2.82,Medium,2011
CA-2011-112291,2011-04-03,2011-04-08,Standard Class,Katrina Edelman,Corporate,United States,US,West,OFF-EN-10001415,Office Supplies,Envelopes,11,2,0,5.58,0.24,Medium,2011
MX-2011-167066,2011-04-04,2011-04-04,Same Day,Liz Preis,Consumer,Colombia,LATAM,South,FUR-CH-10002132,Furniture,Chairs,513,6,0,246.12,154.31,Critical,2011
ES-2011-5430994,2011-04-04,2011-04-06,First Class,Andrew Gjertsen,Corporate,France,EU,Central,FUR-CH-10002830,Furniture,Chairs,507,4,0.1,174.64,141.04,High,2011
MX-2011-167066,2011-04-04,2011-04-04,Same Day,Liz Preis,Consumer,Colombia,LATAM,South,TEC-CO-10002113,Technology,Copiers,586,6,0,180.75,126.77,Critical,2011
CG-2011-8550,2011-04-04,2011-04-07,First Class,Dianna Arnett,Home Office,Democratic Republic of the Congo,Africa,Africa,FUR-NOV-10001972,Furniture,Chairs,658,4,0,184.08,117.08,Medium,2011
MX-2011-104794,2011-04-04,2011-04-08,Standard Class,Barry Weirich,Consumer,Brazil,LATAM,South,TEC-CO-10000388,Technology,Copiers,1064,5,0,-2.13,107.66,High,2011
MX-2011-104794,2011-04-04,2011-04-08,Standard Class,Barry Weirich,Consumer,Brazil,LATAM,South,OFF-ST-10000886,Office Supplies,Storage,527,4,0,21.04,38.56,High,2011
CA-2011-149538,2011-04-04,2011-04-08,Standard Class,Ken Black,Corporate,United States,US,South,OFF-ST-10004180,Office Supplies,Storage,233,5,0,9.3,36.46,High,2011
MX-2011-104794,2011-04-04,2011-04-08,Standard Class,Barry Weirich,Consumer,Brazil,LATAM,South,TEC-PH-10000960,Technology,Phones,293,6,0,46.8,31.66,High,2011
MX-2011-104794,2011-04-04,2011-04-08,Standard Class,Barry Weirich,Consumer,Brazil,LATAM,South,TEC-AC-10002799,Technology,Accessories,208,3,0,64.32,23.32,High,2011
MX-2011-167066,2011-04-04,2011-04-04,Same Day,Liz Preis,Consumer,Colombia,LATAM,South,OFF-AP-10000528,Office Supplies,Appliances,120,2,0,40.64,21.56,Critical,2011
CA-2011-149538,2011-04-04,2011-04-08,Standard Class,Ken Black,Corporate,United States,US,South,TEC-AC-10002926,Technology,Accessories,100,2,0,42.99,14.42,High,2011
ES-2011-1290469,2011-04-04,2011-04-06,First Class,Muhammed MacIntyre,Corporate,France,EU,Central,OFF-AR-10000724,Office Supplies,Art,93,6,0,15.66,13.37,Medium,2011
CG-2011-8550,2011-04-04,2011-04-07,First Class,Dianna Arnett,Home Office,Democratic Republic of the Congo,Africa,Africa,TEC-MOT-10004136,Technology,Phones,146,1,0,65.67,12.88,Medium,2011
ES-2011-4146320,2011-04-04,2011-04-09,Standard Class,Aaron Bergman,Consumer,United Kingdom,EU,North,OFF-AR-10001714,Office Supplies,Art,51,2,0,13.68,10.03,High,2011
MX-2011-104794,2011-04-04,2011-04-08,Standard Class,Barry Weirich,Consumer,Brazil,LATAM,South,OFF-EN-10001047,Office Supplies,Envelopes,76,4,0,31.04,9.73,High,2011
CA-2011-133228,2011-04-04,2011-04-09,Standard Class,Maurice Satty,Consumer,United States,US,Central,OFF-AR-10001955,Office Supplies,Art,79,4,0,23.81,6.63,Medium,2011
ES-2011-3072555,2011-04-04,2011-04-09,Standard Class,Ed Braxton,Corporate,France,EU,Central,OFF-FA-10001051,Office Supplies,Fasteners,86,5,0,32.55,6.26,Medium,2011
CG-2011-9130,2011-04-04,2011-04-08,Standard Class,Carl Ludwig,Consumer,Democratic Republic of the Congo,Africa,Africa,OFF-KRA-10002789,Office Supplies,Envelopes,48,2,0,12.96,5.35,High,2011
TU-2011-9810,2011-04-04,2011-04-09,Standard Class,Bobby Trafton,Consumer,Turkey,EMEA,EMEA,OFF-STA-10003027,Office Supplies,Art,36,6,0.6,-21.67,4.99,Medium,2011
MX-2011-104794,2011-04-04,2011-04-08,Standard Class,Barry Weirich,Consumer,Brazil,LATAM,South,OFF-EN-10000812,Office Supplies,Envelopes,59,9,0,18.9,4.32,High,2011
MX-2011-104794,2011-04-04,2011-04-08,Standard Class,Barry Weirich,Consumer,Brazil,LATAM,South,OFF-BI-10000542,Office Supplies,Binders,19,2,0,0.92,3.54,High,2011
ES-2011-4146320,2011-04-04,2011-04-09,Standard Class,Aaron Bergman,Consumer,United Kingdom,EU,North,OFF-LA-10001607,Office Supplies,Labels,32,3,0,16.2,3.09,High,2011
EG-2011-3390,2011-04-04,2011-04-09,Standard Class,Nathan Mautz,Home Office,Egypt,Africa,Africa,OFF-BIN-10003089,Office Supplies,Art,17,1,0,6.06,2.73,High,2011
EG-2011-3390,2011-04-04,2011-04-09,Standard Class,Nathan Mautz,Home Office,Egypt,Africa,Africa,OFF-BIN-10000327,Office Supplies,Art,27,1,0,4.62,2.71,High,2011
CA-2011-105172,2011-04-04,2011-04-09,Standard Class,Paul Knutson,Home Office,United States,US,West,OFF-LA-10001641,Office Supplies,Labels,19,6,0,9.07,2.66,High,2011
IN-2011-10384,2011-04-04,2011-04-08,Standard Class,Evan Henry,Consumer,China,APAC,North Asia,OFF-BI-10001904,Office Supplies,Binders,41,3,0,19.8,1.99,Medium,2011
CA-2011-149538,2011-04-04,2011-04-08,Standard Class,Ken Black,Corporate,United States,US,South,OFF-PA-10003797,Office Supplies,Paper,19,3,0,9.33,1.74,High,2011
US-2011-128685,2011-04-04,2011-04-05,First Class,Mary Zewe,Corporate,United States,US,West,OFF-BI-10004140,Office Supplies,Binders,7,2,0.2,2.25,1.62,Medium,2011
TU-2011-9810,2011-04-04,2011-04-09,Standard Class,Bobby Trafton,Consumer,Turkey,EMEA,EMEA,TEC-APP-10001965,Technology,Phones,27,1,0.6,-10.66,1.35,Medium,2011
CA-2011-149538,2011-04-04,2011-04-08,Standard Class,Ken Black,Corporate,United States,US,South,OFF-PA-10002195,Office Supplies,Paper,13,2,0,6.35,1.33,High,2011
CG-2011-8550,2011-04-04,2011-04-07,First Class,Dianna Arnett,Home Office,Democratic Republic of the Congo,Africa,Africa,OFF-ACC-10000218,Office Supplies,Binders,8,1,0,3.81,1.17,Medium,2011
IR-2011-1940,2011-04-04,2011-04-09,Second Class,Bradley Talbott,Home Office,Iran,EMEA,EMEA,OFF-AVE-10000608,Office Supplies,Binders,8,1,0,3.21,0.88,Medium,2011
CA-2011-133228,2011-04-04,2011-04-09,Standard Class,Maurice Satty,Consumer,United States,US,Central,FUR-FU-10004020,Furniture,Furnishings,5,1,0,2.35,0.24,Medium,2011
CA-2011-102988,2011-04-05,2011-04-09,Second Class,Greg Maxwell,Corporate,United States,US,South,OFF-SU-10002881,Office Supplies,Supplies,4164,5,0,83.28,846.54,High,2011
ES-2011-5185093,2011-04-05,2011-04-09,Standard Class,Andrew Gjertsen,Corporate,France,EU,Central,OFF-AP-10002397,Office Supplies,Appliances,1889,7,0.1,482.69,122.35,Medium,2011
ID-2011-71452,2011-04-05,2011-04-08,Second Class,Barry Blumstein,Corporate,Pakistan,APAC,Central Asia,FUR-CH-10004913,Furniture,Chairs,676,6,0.2,-76.21,58.51,High,2011
CA-2011-149104,2011-04-05,2011-04-07,Second Class,Ruben Dartt,Consumer,United States,US,Central,OFF-ST-10000991,Office Supplies,Storage,690,6,0,20.69,53.42,High,2011
IN-2011-55037,2011-04-05,2011-04-10,Standard Class,Thea Hudgings,Corporate,Afghanistan,APAC,Central Asia,TEC-CO-10000679,Technology,Copiers,712,5,0,7.05,49.27,Medium,2011
ES-2011-5185093,2011-04-05,2011-04-09,Standard Class,Andrew Gjertsen,Corporate,France,EU,Central,OFF-BI-10001621,Office Supplies,Binders,498,10,0,139.2,35.26,Medium,2011
CG-2011-1850,2011-04-05,2011-04-07,Second Class,Nick Crebassa,Corporate,Democratic Republic of the Congo,Africa,Africa,OFF-BIC-10002403,Office Supplies,Art,294,6,0,146.7,29.96,High,2011
IN-2011-55037,2011-04-05,2011-04-10,Standard Class,Thea Hudgings,Corporate,Afghanistan,APAC,Central Asia,OFF-EN-10003498,Office Supplies,Envelopes,231,5,0,85.5,26.95,Medium,2011
CA-2011-113887,2011-04-05,2011-04-07,First Class,Tracy Hopkins,Home Office,United States,US,East,OFF-PA-10004071,Office Supplies,Paper,55,1,0,26.63,19.06,Critical,2011
US-2011-157231,2011-04-05,2011-04-09,Standard Class,Roy Phan,Corporate,United States,US,South,OFF-BI-10002852,Office Supplies,Binders,115,7,0,56.53,8.96,High,2011
CG-2011-1850,2011-04-05,2011-04-07,Second Class,Nick Crebassa,Corporate,Democratic Republic of the Congo,Africa,Africa,OFF-HAR-10003043,Office Supplies,Labels,47,4,0,10.32,8.77,High,2011
UP-2011-8110,2011-04-05,2011-04-10,Standard Class,Mark Van Huff,Consumer,Ukraine,EMEA,EMEA,FUR-ELD-10004384,Furniture,Furnishings,116,1,0,32.55,8.51,Medium,2011
CA-2011-151001,2011-04-05,2011-04-07,First Class,John Grady,Corporate,United States,US,Central,OFF-ST-10001031,Office Supplies,Storage,52,4,0.2,3.91,8.42,Medium,2011
CA-2011-151001,2011-04-05,2011-04-07,First Class,John Grady,Corporate,United States,US,Central,OFF-ST-10003455,Office Supplies,Storage,50,4,0.2,3.72,6.99,Medium,2011
CA-2011-149104,2011-04-05,2011-04-07,Second Class,Ruben Dartt,Consumer,United States,US,Central,OFF-AR-10002952,Office Supplies,Art,27,2,0,7.48,5.81,High,2011
IN-2011-55037,2011-04-05,2011-04-10,Standard Class,Thea Hudgings,Corporate,Afghanistan,APAC,Central Asia,OFF-BI-10000871,Office Supplies,Binders,127,11,0,39.27,5.2,Medium,2011
CA-2011-149104,2011-04-05,2011-04-07,Second Class,Ruben Dartt,Consumer,United States,US,Central,OFF-BI-10004209,Office Supplies,Binders,40,5,0,18.09,5.11,High,2011
IN-2011-35353,2011-04-05,2011-04-08,First Class,Michael Moore,Consumer,Australia,APAC,Oceania,OFF-FA-10003838,Office Supplies,Fasteners,61,5,0.1,5.36,4.81,High,2011
IN-2011-55037,2011-04-05,2011-04-10,Standard Class,Thea Hudgings,Corporate,Afghanistan,APAC,Central Asia,OFF-AR-10002340,Office Supplies,Art,76,3,0,14.4,4.54,Medium,2011
CA-2011-102988,2011-04-05,2011-04-09,Second Class,Greg Maxwell,Corporate,United States,US,South,TEC-PH-10001615,Technology,Phones,29,1,0,8.41,3.76,High,2011
CA-2011-102988,2011-04-05,2011-04-09,Second Class,Greg Maxwell,Corporate,United States,US,South,OFF-AR-10004757,Office Supplies,Art,23,7,0,7.58,3.39,High,2011
ID-2011-71452,2011-04-05,2011-04-08,Second Class,Barry Blumstein,Corporate,Pakistan,APAC,Central Asia,OFF-BI-10004869,Office Supplies,Binders,28,2,0.5,-1.17,2.96,High,2011
IN-2011-35353,2011-04-05,2011-04-08,First Class,Michael Moore,Consumer,Australia,APAC,Oceania,OFF-FA-10001621,Office Supplies,Fasteners,46,3,0.1,12.25,2.53,High,2011
CA-2011-102988,2011-04-05,2011-04-09,Second Class,Greg Maxwell,Corporate,United States,US,South,OFF-AR-10000127,Office Supplies,Art,23,7,0,6.66,2.45,High,2011
CG-2011-1850,2011-04-05,2011-04-07,Second Class,Nick Crebassa,Corporate,Democratic Republic of the Congo,Africa,Africa,TEC-CAN-10001378,Technology,Copiers,141,1,0,38.04,2.12,High,2011
CA-2011-102988,2011-04-05,2011-04-09,Second Class,Greg Maxwell,Corporate,United States,US,South,OFF-PA-10003349,Office Supplies,Paper,13,2,0,6.35,1.79,High,2011
CA-2011-149104,2011-04-05,2011-04-07,Second Class,Ruben Dartt,Consumer,United States,US,Central,OFF-AR-10004685,Office Supplies,Art,14,3,0,4.58,1.49,High,2011
IN-2011-55037,2011-04-05,2011-04-10,Standard Class,Thea Hudgings,Corporate,Afghanistan,APAC,Central Asia,OFF-LA-10000219,Office Supplies,Labels,13,2,0,1.14,1.14,Medium,2011
ID-2011-45062,2011-04-05,2011-04-10,Standard Class,Paul Gonzalez,Consumer,Indonesia,APAC,Southeast Asia,OFF-LA-10004234,Office Supplies,Labels,15,3,0.47,-11.72,0.85,Medium,2011
IT-2011-3316894,2011-04-06,2011-04-08,First Class,Pauline Chand,Home Office,Spain,EU,South,OFF-ST-10001758,Office Supplies,Storage,1524,8,0.1,-50.98,345.81,High,2011
CA-2011-169803,2011-04-06,2011-04-12,Standard Class,Scott Cohen,Corporate,United States,US,West,FUR-TA-10000688,Furniture,Tables,654,3,0,111.1,70.97,Medium,2011
ES-2011-1444426,2011-04-06,2011-04-10,Standard Class,Max Engle,Consumer,Switzerland,EU,Central,OFF-AP-10004869,Office Supplies,Appliances,584,7,0,233.52,51.12,Medium,2011
CA-2011-153808,2011-04-06,2011-04-10,Second Class,Frank Hawley,Corporate,United States,US,West,TEC-AC-10004171,Technology,Accessories,300,3,0,131.99,42.74,High,2011
US-2011-118486,2011-04-06,2011-04-08,First Class,Shirley Daniels,Home Office,United States,US,East,FUR-TA-10001039,Furniture,Tables,155,3,0.4,-36.11,37.74,Critical,2011
IN-2011-11504,2011-04-06,2011-04-10,Standard Class,Joy Smith,Consumer,China,APAC,North Asia,TEC-AC-10004566,Technology,Accessories,123,3,0,41.67,14.18,Medium,2011
CA-2011-153808,2011-04-06,2011-04-10,Second Class,Frank Hawley,Corporate,United States,US,West,OFF-BI-10002794,Office Supplies,Binders,66,2,0.2,23.77,10.04,High,2011
IT-2011-3316894,2011-04-06,2011-04-08,First Class,Pauline Chand,Home Office,Spain,EU,South,OFF-EN-10003936,Office Supplies,Envelopes,123,5,0,53.85,9.07,High,2011
CA-2011-153808,2011-04-06,2011-04-10,Second Class,Frank Hawley,Corporate,United States,US,West,OFF-AR-10001725,Office Supplies,Art,71,3,0,18.45,8.74,High,2011
MX-2011-124233,2011-04-06,2011-04-06,Same Day,Joy Bell-,Consumer,Brazil,LATAM,South,OFF-SU-10001892,Office Supplies,Supplies,70,3,0,11.16,8.4,Medium,2011
CA-2011-136742,2011-04-06,2011-04-10,Standard Class,Guy Phonely,Corporate,United States,US,East,OFF-BI-10003719,Office Supplies,Binders,45,6,0.7,-35.93,7.38,High,2011
MO-2011-9460,2011-04-06,2011-04-12,Standard Class,Amy Hunt,Consumer,Morocco,Africa,Africa,FUR-OFF-10001798,Furniture,Chairs,92,1,0,10.98,6.15,Medium,2011
CA-2011-169803,2011-04-06,2011-04-12,Standard Class,Scott Cohen,Corporate,United States,US,West,TEC-AC-10003441,Technology,Accessories,34,2,0,2.03,4.44,Medium,2011
CA-2011-102652,2011-04-06,2011-04-12,Standard Class,Andy Yotov,Corporate,United States,US,West,FUR-FU-10001918,Furniture,Furnishings,33,7,0,12.91,4.35,Medium,2011
ES-2011-1386961,2011-04-06,2011-04-12,Standard Class,Magdelene Morse,Consumer,France,EU,Central,OFF-PA-10002196,Office Supplies,Paper,47,2,0,17.04,3.7,Medium,2011
ES-2011-3634665,2011-04-06,2011-04-10,Standard Class,Linda Cazamias,Corporate,France,EU,Central,OFF-BI-10000312,Office Supplies,Binders,24,2,0,0.96,2.99,High,2011
NI-2011-900,2011-04-06,2011-04-10,Standard Class,Adam Shillingsburg,Consumer,Nigeria,Africa,Africa,OFF-TEN-10002065,Office Supplies,Storage,33,2,0.7,-56.26,2.95,High,2011
IT-2011-3316894,2011-04-06,2011-04-08,First Class,Pauline Chand,Home Office,Spain,EU,South,FUR-TA-10000304,Furniture,Tables,382,3,0.6,-181.44,2.89,High,2011
US-2011-118486,2011-04-06,2011-04-08,First Class,Shirley Daniels,Home Office,United States,US,East,OFF-SU-10004498,Office Supplies,Supplies,10,1,0.2,-2.19,2.86,Critical,2011
CA-2011-102652,2011-04-06,2011-04-12,Standard Class,Andy Yotov,Corporate,United States,US,West,FUR-FU-10000747,Furniture,Furnishings,92,2,0,15.63,2.77,Medium,2011
CA-2011-102652,2011-04-06,2011-04-12,Standard Class,Andy Yotov,Corporate,United States,US,West,OFF-PA-10001977,Office Supplies,Paper,55,1,0,26.63,2.28,Medium,2011
CA-2011-102652,2011-04-06,2011-04-12,Standard Class,Andy Yotov,Corporate,United States,US,West,OFF-PA-10003309,Office Supplies,Paper,19,3,0,9.33,2.11,Medium,2011
ES-2011-1386961,2011-04-06,2011-04-12,Standard Class,Magdelene Morse,Consumer,France,EU,Central,OFF-LA-10001284,Office Supplies,Labels,15,2,0,0.72,0.93,Medium,2011
MX-2011-108350,2011-04-06,2011-04-10,Standard Class,Dave Poirier,Corporate,Dominican Republic,LATAM,Caribbean,OFF-LA-10001677,Office Supplies,Labels,6,1,0.2,2.01,0.55,Medium,2011
US-2011-165477,2011-04-07,2011-04-11,Standard Class,Shirley Daniels,Home Office,Mexico,LATAM,North,FUR-CH-10000343,Furniture,Chairs,731,3,0.2,118.82,88.86,Medium,2011
ES-2011-5244045,2011-04-07,2011-04-11,Second Class,Filia McAdams,Corporate,Germany,EU,Central,OFF-AP-10000415,Office Supplies,Appliances,538,7,0.1,220.84,59.94,Medium,2011
CA-2011-128846,2011-04-07,2011-04-12,Standard Class,Roland Schwarz,Corporate,United States,US,South,TEC-PH-10003273,Technology,Phones,630,5,0,163.79,43.12,Medium,2011
ES-2011-5244045,2011-04-07,2011-04-11,Second Class,Filia McAdams,Corporate,Germany,EU,Central,OFF-ST-10001255,Office Supplies,Storage,413,8,0.1,183.74,33.46,Medium,2011
US-2011-165477,2011-04-07,2011-04-11,Standard Class,Shirley Daniels,Home Office,Mexico,LATAM,North,FUR-CH-10001944,Furniture,Chairs,235,3,0.2,-38.26,13.32,Medium,2011
ES-2011-5244045,2011-04-07,2011-04-11,Second Class,Filia McAdams,Corporate,Germany,EU,Central,OFF-ST-10001358,Office Supplies,Storage,80,3,0.1,0.88,9.2,Medium,2011
CA-2011-128846,2011-04-07,2011-04-12,Standard Class,Roland Schwarz,Corporate,United States,US,South,OFF-PA-10000100,Office Supplies,Paper,123,3,0,60.26,8.91,Medium,2011
ES-2011-4472015,2011-04-07,2011-04-13,Standard Class,Liz Willingham,Consumer,France,EU,Central,OFF-SU-10000877,Office Supplies,Supplies,81,3,0,19.44,8.09,Medium,2011
CA-2011-165806,2011-04-07,2011-04-07,Same Day,Valerie Mitchum,Home Office,United States,US,South,OFF-PA-10003441,Office Supplies,Paper,58,9,0,27.99,6.75,Medium,2011
ES-2011-5244045,2011-04-07,2011-04-11,Second Class,Filia McAdams,Corporate,Germany,EU,Central,OFF-AR-10000823,Office Supplies,Art,119,9,0,38.07,5.44,Medium,2011
CA-2011-165806,2011-04-07,2011-04-07,Same Day,Valerie Mitchum,Home Office,United States,US,South,TEC-PH-10004922,Technology,Phones,201,3,0,50.24,5.37,Medium,2011
ES-2011-4472015,2011-04-07,2011-04-13,Standard Class,Liz Willingham,Consumer,France,EU,Central,OFF-BI-10001192,Office Supplies,Binders,53,4,0,1.56,4.7,Medium,2011
ES-2011-5244045,2011-04-07,2011-04-11,Second Class,Filia McAdams,Corporate,Germany,EU,Central,OFF-EN-10004970,Office Supplies,Envelopes,48,2,0,5.7,4.31,Medium,2011
MX-2011-125703,2011-04-07,2011-04-12,Second Class,Speros Goranitis,Consumer,Nicaragua,LATAM,Central,OFF-EN-10004899,Office Supplies,Envelopes,24,1,0,7.66,2.33,Medium,2011
US-2011-165477,2011-04-07,2011-04-11,Standard Class,Shirley Daniels,Home Office,Mexico,LATAM,North,OFF-LA-10003459,Office Supplies,Labels,14,2,0,0.28,0.98,Medium,2011
CA-2011-124023,2011-04-07,2011-04-10,First Class,Pauline Johnson,Consumer,United States,US,South,FUR-FU-10004415,Furniture,Furnishings,9,2,0,2.78,0.78,Medium,2011
PL-2011-5380,2011-04-07,2011-04-09,Second Class,Daniel Byrd,Home Office,Poland,EMEA,EMEA,TEC-EPS-10003473,Technology,Machines,81,1,0,36.42,0.1,Medium,2011
IN-2011-52209,2011-04-08,2011-04-13,Standard Class,Vivek Sundaresam,Consumer,Australia,APAC,Oceania,OFF-AP-10003795,Office Supplies,Appliances,1895,4,0.1,505.18,254.37,High,2011
IN-2011-52209,2011-04-08,2011-04-13,Standard Class,Vivek Sundaresam,Consumer,Australia,APAC,Oceania,OFF-AP-10002104,Office Supplies,Appliances,1667,6,0.1,18.4,118.26,High,2011
GV-2011-9440,2011-04-08,2011-04-11,First Class,Bobby Elias,Consumer,Guinea,Africa,Africa,OFF-KIT-10001791,Office Supplies,Appliances,526,1,0,263.04,95.85,Critical,2011
US-2011-118997,2011-04-08,2011-04-12,Standard Class,Ruben Ausman,Corporate,United States,US,South,FUR-TA-10001086,Furniture,Tables,1216,8,0,316.14,66.58,Medium,2011
IN-2011-52209,2011-04-08,2011-04-13,Standard Class,Vivek Sundaresam,Consumer,Australia,APAC,Oceania,TEC-PH-10002602,Technology,Phones,342,5,0.1,125.22,48.97,High,2011
CA-2011-150581,2011-04-08,2011-04-12,Standard Class,Nathan Mautz,Home Office,United States,US,West,TEC-AC-10001908,Technology,Accessories,400,4,0,139.99,21.7,Medium,2011
CA-2011-121769,2011-04-08,2011-04-12,Standard Class,John Stevenson,Consumer,United States,US,East,FUR-TA-10004442,Furniture,Tables,172,1,0.4,-94.66,17.12,Medium,2011
ES-2011-4993245,2011-04-08,2011-04-12,Standard Class,Alan Haines,Corporate,Italy,EU,South,OFF-AR-10002382,Office Supplies,Art,108,4,0,49.56,9,Medium,2011
NI-2011-3090,2011-04-08,2011-04-10,Second Class,Jonathan Howell,Consumer,Nigeria,Africa,Africa,TEC-SHA-10001413,Technology,Copiers,219,6,0.7,-313.49,8.73,Medium,2011
US-2011-163797,2011-04-08,2011-04-13,Standard Class,Pauline Chand,Home Office,United States,US,West,OFF-FA-10001883,Office Supplies,Fasteners,50,8,0.2,-11.83,8.46,High,2011
CA-2011-150581,2011-04-08,2011-04-12,Standard Class,Nathan Mautz,Home Office,United States,US,West,FUR-TA-10003748,Furniture,Tables,100,1,0.2,2.49,4.01,Medium,2011
ES-2011-4993245,2011-04-08,2011-04-12,Standard Class,Alan Haines,Corporate,Italy,EU,South,FUR-FU-10004640,Furniture,Furnishings,64,4,0,7.56,3.57,Medium,2011
NI-2011-3090,2011-04-08,2011-04-10,Second Class,Jonathan Howell,Consumer,Nigeria,Africa,Africa,TEC-STA-10001232,Technology,Machines,22,1,0.7,-46.28,3.26,Medium,2011
CA-2011-100363,2011-04-08,2011-04-15,Standard Class,Jim Mitchum,Corporate,United States,US,West,OFF-PA-10004733,Office Supplies,Paper,19,3,0.2,6.89,1.55,Medium,2011
CA-2011-100363,2011-04-08,2011-04-15,Standard Class,Jim Mitchum,Corporate,United States,US,West,OFF-FA-10000611,Office Supplies,Fasteners,2,2,0.2,0.83,0.16,Medium,2011
IT-2011-1716540,2011-04-09,2011-04-11,Second Class,Cindy Schnelling,Corporate,Portugal,EU,South,OFF-AR-10001599,Office Supplies,Art,205,8,0.5,-127.44,32.75,High,2011
ID-2011-50802,2011-04-09,2011-04-09,Same Day,Craig Molinari,Corporate,South Korea,APAC,North Asia,OFF-ST-10000622,Office Supplies,Storage,71,1,0.5,-59.7,13.63,High,2011
ID-2011-50802,2011-04-09,2011-04-09,Same Day,Craig Molinari,Corporate,South Korea,APAC,North Asia,OFF-EN-10001162,Office Supplies,Envelopes,58,3,0.5,-8.15,10.72,High,2011
ID-2011-50802,2011-04-09,2011-04-09,Same Day,Craig Molinari,Corporate,South Korea,APAC,North Asia,OFF-EN-10000539,Office Supplies,Envelopes,16,3,0.5,-15.48,3.47,High,2011
IT-2011-1716540,2011-04-09,2011-04-11,Second Class,Cindy Schnelling,Corporate,Portugal,EU,South,OFF-EN-10002013,Office Supplies,Envelopes,17,2,0.5,-4.77,3.41,High,2011
ES-2011-3192576,2011-04-11,2011-04-13,Second Class,Berenike Kampe,Consumer,Germany,EU,Central,TEC-CO-10004154,Technology,Copiers,785,3,0,86.31,150.74,High,2011
CA-2011-138940,2011-04-11,2011-04-16,Second Class,Gary Mitchum,Home Office,United States,US,Central,TEC-PH-10001835,Technology,Phones,758,6,0.2,265.42,140.01,High,2011
US-2011-102715,2011-04-11,2011-04-13,Second Class,Jay Kimmel,Consumer,United States,US,South,TEC-AC-10002001,Technology,Accessories,384,3,0.2,81.59,100.22,Critical,2011
ID-2011-23978,2011-04-11,2011-04-18,Standard Class,Sung Shariari,Consumer,Indonesia,APAC,Southeast Asia,OFF-ST-10004608,Office Supplies,Storage,492,12,0.17,-41.76,83.25,Low,2011
US-2011-102715,2011-04-11,2011-04-13,Second Class,Jay Kimmel,Consumer,United States,US,South,TEC-AC-10001874,Technology,Accessories,336,7,0.2,41.99,74.11,Critical,2011
ES-2011-3192576,2011-04-11,2011-04-13,Second Class,Berenike Kampe,Consumer,Germany,EU,Central,TEC-PH-10003927,Technology,Phones,306,2,0,9.18,45.99,High,2011
ES-2011-3192576,2011-04-11,2011-04-13,Second Class,Berenike Kampe,Consumer,Germany,EU,Central,FUR-FU-10000620,Furniture,Furnishings,257,5,0,74.4,34.88,High,2011
CA-2011-110555,2011-04-11,2011-04-18,Standard Class,Michelle Moray,Consumer,United States,US,West,TEC-AC-10003399,Technology,Accessories,217,6,0,91.32,18.32,Medium,2011
ES-2011-3376060,2011-04-11,2011-04-16,Standard Class,Julia West,Consumer,France,EU,Central,TEC-AC-10004586,Technology,Accessories,294,7,0,108.57,14.91,Medium,2011
MX-2011-101175,2011-04-11,2011-04-13,Second Class,Jill Stevenson,Corporate,El Salvador,LATAM,Central,TEC-PH-10001575,Technology,Phones,131,3,0,46.98,11.24,Medium,2011
MX-2011-101175,2011-04-11,2011-04-13,Second Class,Jill Stevenson,Corporate,El Salvador,LATAM,Central,OFF-ST-10000028,Office Supplies,Storage,83,2,0,21.52,9.87,Medium,2011
MX-2011-147865,2011-04-11,2011-04-17,Standard Class,Erin Creighton,Consumer,Mexico,LATAM,North,OFF-AR-10000719,Office Supplies,Art,107,5,0,0,7.69,Medium,2011
CA-2011-110555,2011-04-11,2011-04-18,Standard Class,Michelle Moray,Consumer,United States,US,West,TEC-PH-10000586,Technology,Phones,106,2,0.2,9.24,7.54,Medium,2011
ES-2011-3192576,2011-04-11,2011-04-13,Second Class,Berenike Kampe,Consumer,Germany,EU,Central,OFF-AR-10000091,Office Supplies,Art,44,2,0,7.92,5.92,High,2011
CA-2011-110555,2011-04-11,2011-04-18,Standard Class,Michelle Moray,Consumer,United States,US,West,OFF-ST-10000876,Office Supplies,Storage,87,7,0,24.38,4.86,Medium,2011
CM-2011-6590,2011-04-11,2011-04-13,Second Class,Steve Carroll,Home Office,Cameroon,Africa,Africa,OFF-BOS-10002073,Office Supplies,Art,57,1,0,8.52,3.62,High,2011
US-2011-102715,2011-04-11,2011-04-13,Second Class,Jay Kimmel,Consumer,United States,US,South,OFF-PA-10000029,Office Supplies,Paper,10,2,0.2,3.63,3.58,Critical,2011
ES-2011-3192576,2011-04-11,2011-04-13,Second Class,Berenike Kampe,Consumer,Germany,EU,Central,OFF-LA-10000508,Office Supplies,Labels,64,9,0,24.84,3.53,High,2011
US-2011-102715,2011-04-11,2011-04-13,Second Class,Jay Kimmel,Consumer,United States,US,South,OFF-FA-10001332,Office Supplies,Fasteners,7,3,0.2,2.33,1.45,Critical,2011
MX-2011-147865,2011-04-11,2011-04-17,Standard Class,Erin Creighton,Consumer,Mexico,LATAM,North,OFF-LA-10003140,Office Supplies,Labels,13,3,0,4.68,1.01,Medium,2011
US-2011-121734,2011-04-11,2011-04-16,Standard Class,Sanjit Engle,Consumer,United States,US,West,OFF-BI-10004817,Office Supplies,Binders,10,1,0.2,3.35,0.12,Medium,2011
IN-2011-52426,2011-04-12,2011-04-17,Standard Class,Cathy Hwang,Home Office,China,APAC,North Asia,FUR-BO-10002390,Furniture,Bookcases,1451,4,0,130.56,132.82,Medium,2011
CA-2011-154599,2011-04-12,2011-04-17,Standard Class,Kean Nguyen,Corporate,United States,US,West,TEC-PH-10001557,Technology,Phones,1075,14,0.2,94.07,85.97,Medium,2011
CA-2011-154599,2011-04-12,2011-04-17,Standard Class,Kean Nguyen,Corporate,United States,US,West,FUR-BO-10001337,Furniture,Bookcases,308,3,0.15,-18.15,24.38,Medium,2011
IT-2011-2419493,2011-04-12,2011-04-13,First Class,Alice McCarthy,Corporate,Sweden,EU,North,TEC-PH-10000810,Technology,Phones,73,2,0.5,-11.76,22.18,High,2011
MX-2011-145989,2011-04-12,2011-04-17,Standard Class,Brian Derr,Consumer,Cuba,LATAM,Caribbean,OFF-EN-10004793,Office Supplies,Envelopes,222,7,0,84.14,17.3,Medium,2011
ES-2011-4864498,2011-04-12,2011-04-16,Second Class,Becky Castell,Home Office,Spain,EU,South,OFF-AR-10000307,Office Supplies,Art,97,4,0,38.88,12.16,Medium,2011
CA-2011-154599,2011-04-12,2011-04-17,Standard Class,Kean Nguyen,Corporate,United States,US,West,TEC-PH-10000576,Technology,Phones,438,4,0.2,38.36,11.41,Medium,2011
ES-2011-4864498,2011-04-12,2011-04-16,Second Class,Becky Castell,Home Office,Spain,EU,South,FUR-CH-10002085,Furniture,Chairs,66,1,0.2,18.89,5.51,Medium,2011
CA-2011-142979,2011-04-12,2011-04-18,Standard Class,Edward Hooks,Corporate,United States,US,West,OFF-AR-10002987,Office Supplies,Art,40,2,0,16.27,4.53,Low,2011
ES-2011-4864498,2011-04-12,2011-04-16,Second Class,Becky Castell,Home Office,Spain,EU,South,OFF-AR-10000124,Office Supplies,Art,54,3,0,4.23,3.19,Medium,2011
MX-2011-124688,2011-04-12,2011-04-18,Standard Class,Carol Adams,Corporate,Mexico,LATAM,North,OFF-BI-10001002,Office Supplies,Binders,38,5,0,17.9,2.81,Medium,2011
ES-2011-4864498,2011-04-12,2011-04-16,Second Class,Becky Castell,Home Office,Spain,EU,South,OFF-BI-10000894,Office Supplies,Binders,21,2,0,4.8,2.43,Medium,2011
US-2011-153521,2011-04-12,2011-04-16,Standard Class,Jason Fortune-,Consumer,Argentina,LATAM,South,TEC-AC-10002712,Technology,Accessories,33,1,0.4,-16.27,2.28,Medium,2011
ES-2011-4864498,2011-04-12,2011-04-16,Second Class,Becky Castell,Home Office,Spain,EU,South,OFF-BI-10000312,Office Supplies,Binders,24,2,0,0.96,2.24,Medium,2011
US-2011-158365,2011-04-12,2011-04-17,Standard Class,Stewart Visinsky,Consumer,United States,US,Central,OFF-PA-10000289,Office Supplies,Paper,32,5,0,15.55,2.22,Medium,2011
MX-2011-124688,2011-04-12,2011-04-18,Standard Class,Carol Adams,Corporate,Mexico,LATAM,North,OFF-BI-10001430,Office Supplies,Binders,22,5,0,9.8,1.14,Medium,2011
CA-2011-154599,2011-04-12,2011-04-17,Standard Class,Kean Nguyen,Corporate,United States,US,West,OFF-BI-10002764,Office Supplies,Binders,18,7,0.2,6.56,1.07,Medium,2011
CA-2011-122336,2011-04-13,2011-04-17,Second Class,Jonathan Doherty,Corporate,United States,US,East,OFF-BI-10003656,Office Supplies,Binders,510,10,0.7,-407.98,38.87,Medium,2011
RS-2011-8340,2011-04-13,2011-04-13,Same Day,Duane Huffman,Home Office,Russia,EMEA,EMEA,TEC-LOG-10002589,Technology,Accessories,414,4,0,66.24,28.68,Medium,2011
IN-2011-76842,2011-04-13,2011-04-17,Standard Class,Stewart Visinsky,Consumer,Indonesia,APAC,Southeast Asia,TEC-CO-10002587,Technology,Copiers,470,3,0.07,202.28,24.86,Medium,2011
LI-2011-9980,2011-04-13,2011-04-15,Second Class,Peter McVee,Home Office,Liberia,Africa,Africa,TEC-BEL-10000485,Technology,Accessories,116,2,0,49.62,21.9,High,2011
US-2011-121636,2011-04-13,2011-04-15,First Class,Julia West,Consumer,Mexico,LATAM,North,FUR-BO-10002968,Furniture,Bookcases,194,1,0.2,-9.7,17.79,Medium,2011
IN-2011-59328,2011-04-13,2011-04-19,Standard Class,Bill Eplett,Home Office,Australia,APAC,Oceania,FUR-FU-10000526,Furniture,Furnishings,193,2,0.1,70.63,11.28,Medium,2011
IN-2011-59328,2011-04-13,2011-04-19,Standard Class,Bill Eplett,Home Office,Australia,APAC,Oceania,OFF-PA-10001720,Office Supplies,Paper,172,13,0.1,53.08,11.22,Medium,2011
RS-2011-8340,2011-04-13,2011-04-13,Same Day,Duane Huffman,Home Office,Russia,EMEA,EMEA,OFF-KRA-10002789,Office Supplies,Envelopes,96,4,0,25.92,10.81,Medium,2011
CA-2011-122336,2011-04-13,2011-04-17,Second Class,Jonathan Doherty,Corporate,United States,US,East,TEC-PH-10000702,Technology,Phones,72,12,0.4,8.39,10.43,Medium,2011
LI-2011-9980,2011-04-13,2011-04-15,Second Class,Peter McVee,Home Office,Liberia,Africa,Africa,FUR-ADV-10000108,Furniture,Furnishings,100,2,0,0.96,9.27,High,2011
IN-2011-76842,2011-04-13,2011-04-17,Standard Class,Stewart Visinsky,Consumer,Indonesia,APAC,Southeast Asia,FUR-CH-10001695,Furniture,Chairs,108,2,0.27,-38.66,7.06,Medium,2011
US-2011-121636,2011-04-13,2011-04-15,First Class,Julia West,Consumer,Mexico,LATAM,North,FUR-CH-10002846,Furniture,Chairs,84,2,0.2,4.18,6.94,Medium,2011
LI-2011-9980,2011-04-13,2011-04-15,Second Class,Peter McVee,Home Office,Liberia,Africa,Africa,TEC-BEL-10002178,Technology,Accessories,43,1,0,4.32,6.27,High,2011
RS-2011-8340,2011-04-13,2011-04-13,Same Day,Duane Huffman,Home Office,Russia,EMEA,EMEA,OFF-BIC-10002722,Office Supplies,Art,70,4,0,28.56,5.93,Medium,2011
IN-2011-59328,2011-04-13,2011-04-19,Standard Class,Bill Eplett,Home Office,Australia,APAC,Oceania,OFF-SU-10004705,Office Supplies,Supplies,90,9,0.1,2.94,4.82,Medium,2011
MX-2011-107349,2011-04-13,2011-04-18,Second Class,Craig Carreira,Consumer,Mexico,LATAM,North,OFF-PA-10004854,Office Supplies,Paper,64,2,0,12.2,4.79,Medium,2011
IN-2011-59328,2011-04-13,2011-04-19,Standard Class,Bill Eplett,Home Office,Australia,APAC,Oceania,FUR-CH-10002631,Furniture,Chairs,48,1,0.1,-0.53,4.41,Medium,2011
RS-2011-8340,2011-04-13,2011-04-13,Same Day,Duane Huffman,Home Office,Russia,EMEA,EMEA,OFF-WIL-10000164,Office Supplies,Binders,50,1,0,0.99,3.06,Medium,2011
MX-2011-107349,2011-04-13,2011-04-18,Second Class,Craig Carreira,Consumer,Mexico,LATAM,North,OFF-BI-10003472,Office Supplies,Binders,19,4,0,8.88,2.49,Medium,2011
IN-2011-76842,2011-04-13,2011-04-17,Standard Class,Stewart Visinsky,Consumer,Indonesia,APAC,Southeast Asia,OFF-AR-10000780,Office Supplies,Art,28,2,0.27,3.43,1.41,Medium,2011
LI-2011-9980,2011-04-13,2011-04-15,Second Class,Peter McVee,Home Office,Liberia,Africa,Africa,OFF-STO-10000924,Office Supplies,Fasteners,17,1,0,7.98,1.33,High,2011
RS-2011-8340,2011-04-13,2011-04-13,Same Day,Duane Huffman,Home Office,Russia,EMEA,EMEA,OFF-JIF-10002184,Office Supplies,Envelopes,18,1,0,3.3,1.2,Medium,2011
CA-2011-122336,2011-04-13,2011-04-17,Second Class,Jonathan Doherty,Corporate,United States,US,East,OFF-AR-10000122,Office Supplies,Art,18,4,0.2,1.12,1.14,Medium,2011
CA-2011-167724,2011-04-13,2011-04-18,Standard Class,Ben Ferrer,Home Office,United States,US,East,OFF-LA-10002368,Office Supplies,Labels,8,3,0,3.6,0.55,Medium,2011
CA-2011-122336,2011-04-13,2011-04-17,Second Class,Jonathan Doherty,Corporate,United States,US,East,OFF-FA-10002780,Office Supplies,Fasteners,31,13,0.2,10.07,0.48,Medium,2011
LI-2011-9980,2011-04-13,2011-04-15,Second Class,Peter McVee,Home Office,Liberia,Africa,Africa,OFF-HON-10001508,Office Supplies,Labels,10,1,0,0.18,0.35,High,2011
IN-2011-76842,2011-04-13,2011-04-17,Standard Class,Stewart Visinsky,Consumer,Indonesia,APAC,Southeast Asia,OFF-EN-10001975,Office Supplies,Envelopes,9,1,0.47,-5.6,0.27,Medium,2011
EG-2011-1800,2011-04-14,2011-04-19,Standard Class,Hunter Glantz,Consumer,Egypt,Africa,Africa,OFF-BRE-10001343,Office Supplies,Appliances,541,6,0,91.98,92.94,High,2011
ES-2011-2266607,2011-04-14,2011-04-18,Standard Class,John Huston,Consumer,United Kingdom,EU,North,TEC-MA-10001494,Technology,Machines,625,2,0,6.24,87.93,High,2011
ES-2011-5680692,2011-04-14,2011-04-17,First Class,Scot Wooten,Consumer,Germany,EU,Central,OFF-ST-10003995,Office Supplies,Storage,576,5,0.1,51.09,75.87,High,2011
IN-2011-23264,2011-04-14,2011-04-21,Standard Class,Lindsay Williams,Corporate,Australia,APAC,Oceania,TEC-PH-10002602,Technology,Phones,615,9,0.1,225.4,53.43,Medium,2011
MX-2011-123995,2011-04-14,2011-04-19,Standard Class,Corey-Lock,Consumer,Brazil,LATAM,South,FUR-BO-10002679,Furniture,Bookcases,250,3,0,80.04,44.91,High,2011
MX-2011-123995,2011-04-14,2011-04-19,Standard Class,Corey-Lock,Consumer,Brazil,LATAM,South,OFF-AR-10002745,Office Supplies,Art,179,5,0,30.4,27.21,High,2011
IN-2011-70171,2011-04-14,2011-04-17,First Class,Michael Grace,Home Office,Australia,APAC,Oceania,OFF-BI-10000340,Office Supplies,Binders,174,4,0.1,0,21.32,Medium,2011
IN-2011-44593,2011-04-14,2011-04-14,Same Day,Lena Radford,Consumer,India,APAC,Central Asia,OFF-ST-10003243,Office Supplies,Storage,106,4,0,39,20.95,Medium,2011
ES-2011-2266607,2011-04-14,2011-04-18,Standard Class,John Huston,Consumer,United Kingdom,EU,North,OFF-AR-10002991,Office Supplies,Art,169,7,0,31.92,20.31,High,2011
MX-2011-124338,2011-04-14,2011-04-19,Standard Class,Mike Pelletier,Home Office,Brazil,LATAM,South,OFF-ST-10002471,Office Supplies,Storage,397,3,0,182.52,17.2,High,2011
MX-2011-123995,2011-04-14,2011-04-19,Standard Class,Corey-Lock,Consumer,Brazil,LATAM,South,TEC-AC-10001688,Technology,Accessories,113,2,0,10.16,12.07,High,2011
EG-2011-1800,2011-04-14,2011-04-19,Standard Class,Hunter Glantz,Consumer,Egypt,Africa,Africa,OFF-SME-10002823,Office Supplies,Storage,97,2,0,12.6,11.59,High,2011
EG-2011-1800,2011-04-14,2011-04-19,Standard Class,Hunter Glantz,Consumer,Egypt,Africa,Africa,FUR-DAN-10001993,Furniture,Bookcases,144,1,0,10.05,10.21,High,2011
IN-2011-44593,2011-04-14,2011-04-14,Same Day,Lena Radford,Consumer,India,APAC,Central Asia,OFF-PA-10000302,Office Supplies,Paper,56,2,0,20.64,7.86,Medium,2011
EG-2011-1800,2011-04-14,2011-04-19,Standard Class,Hunter Glantz,Consumer,Egypt,Africa,Africa,OFF-SAN-10002015,Office Supplies,Art,86,6,0,39.24,7.04,High,2011
EG-2011-1800,2011-04-14,2011-04-19,Standard Class,Hunter Glantz,Consumer,Egypt,Africa,Africa,OFF-AVE-10004308,Office Supplies,Binders,58,4,0,2.88,6.89,High,2011
LH-2011-900,2011-04-14,2011-04-20,Standard Class,Scott Williamson,Consumer,Lithuania,EMEA,EMEA,OFF-FEL-10001630,Office Supplies,Storage,62,1,0.7,-54.06,6.28,Medium,2011
EG-2011-1800,2011-04-14,2011-04-19,Standard Class,Hunter Glantz,Consumer,Egypt,Africa,Africa,OFF-CAR-10004229,Office Supplies,Binders,29,4,0,10.08,4.38,High,2011
IN-2011-44593,2011-04-14,2011-04-14,Same Day,Lena Radford,Consumer,India,APAC,Central Asia,OFF-AP-10000304,Office Supplies,Appliances,1841,6,0,846.54,2.97,Medium,2011
EG-2011-1800,2011-04-14,2011-04-19,Standard Class,Hunter Glantz,Consumer,Egypt,Africa,Africa,OFF-OIC-10002266,Office Supplies,Fasteners,22,2,0,1.02,2.84,High,2011
CA-2011-9390,2011-04-14,2011-04-20,Standard Class,Gary Zandusky,Consumer,Canada,Canada,Canada,OFF-STO-10001671,Office Supplies,Fasteners,31,4,0,11.28,2.54,Low,2011
CA-2011-9390,2011-04-14,2011-04-20,Standard Class,Gary Zandusky,Consumer,Canada,Canada,Canada,OFF-NOV-10001568,Office Supplies,Labels,23,2,0,8.16,2.16,Low,2011
MX-2011-123995,2011-04-14,2011-04-19,Standard Class,Corey-Lock,Consumer,Brazil,LATAM,South,OFF-FA-10003985,Office Supplies,Fasteners,17,3,0,7.2,2.09,High,2011
MX-2011-123995,2011-04-14,2011-04-19,Standard Class,Corey-Lock,Consumer,Brazil,LATAM,South,OFF-ST-10003172,Office Supplies,Storage,12,2,0,4.84,1.61,High,2011
CA-2011-9390,2011-04-14,2011-04-20,Standard Class,Gary Zandusky,Consumer,Canada,Canada,Canada,OFF-SME-10004519,Office Supplies,Labels,8,1,0,0.06,1.31,Low,2011
EG-2011-1800,2011-04-14,2011-04-19,Standard Class,Hunter Glantz,Consumer,Egypt,Africa,Africa,OFF-IBI-10001494,Office Supplies,Binders,19,2,0,8.1,1.18,High,2011
LH-2011-900,2011-04-14,2011-04-20,Standard Class,Scott Williamson,Consumer,Lithuania,EMEA,EMEA,OFF-IBI-10001951,Office Supplies,Binders,2,1,0.7,-2.03,0.08,Medium,2011
MX-2011-122728,2011-04-15,2011-04-16,First Class,Heather Kirkland,Corporate,Cuba,LATAM,Caribbean,FUR-CH-10004478,Furniture,Chairs,336,6,0,63.72,65.36,High,2011
US-2011-120740,2011-04-15,2011-04-15,Same Day,Paul Stevenson,Home Office,United States,US,West,FUR-FU-10004091,Furniture,Furnishings,188,4,0,76.98,52.79,Critical,2011
MX-2011-126893,2011-04-15,2011-04-17,First Class,Steve Nguyen,Home Office,Honduras,LATAM,Central,FUR-BO-10002008,Furniture,Bookcases,98,2,0.4,-37.74,38.15,Critical,2011
MO-2011-4910,2011-04-15,2011-04-18,First Class,Bryan Mills,Consumer,Morocco,Africa,Africa,OFF-ELD-10003038,Office Supplies,Storage,97,2,0,26.1,27.2,High,2011
MX-2011-141894,2011-04-15,2011-04-18,First Class,Dave Hallsten,Corporate,Nicaragua,LATAM,Central,FUR-BO-10004423,Furniture,Bookcases,166,2,0,79.6,25.28,High,2011
US-2011-120740,2011-04-15,2011-04-15,Same Day,Paul Stevenson,Home Office,United States,US,West,OFF-AP-10000240,Office Supplies,Appliances,107,2,0,31.02,20.75,Critical,2011
IN-2011-70584,2011-04-15,2011-04-17,Second Class,Patrick Ryan,Consumer,India,APAC,Central Asia,FUR-CH-10003965,Furniture,Chairs,261,2,0,101.88,18.48,Medium,2011
MO-2011-4910,2011-04-15,2011-04-18,First Class,Bryan Mills,Consumer,Morocco,Africa,Africa,OFF-WIL-10003774,Office Supplies,Binders,65,10,0,16.5,15.16,High,2011
MX-2011-126893,2011-04-15,2011-04-17,First Class,Steve Nguyen,Home Office,Honduras,LATAM,Central,FUR-CH-10002653,Furniture,Chairs,57,1,0.4,-19.12,15.01,Critical,2011
MO-2011-4910,2011-04-15,2011-04-18,First Class,Bryan Mills,Consumer,Morocco,Africa,Africa,OFF-ACC-10003422,Office Supplies,Binders,100,6,0,27.9,12.9,High,2011
MX-2011-126893,2011-04-15,2011-04-17,First Class,Steve Nguyen,Home Office,Honduras,LATAM,Central,OFF-FA-10002552,Office Supplies,Fasteners,33,7,0.4,-12.8,12.73,Critical,2011
MO-2011-4910,2011-04-15,2011-04-18,First Class,Bryan Mills,Consumer,Morocco,Africa,Africa,OFF-CUI-10002314,Office Supplies,Appliances,39,1,0,7.86,7.59,High,2011
MX-2011-147284,2011-04-15,2011-04-19,Standard Class,Maria Zettner,Home Office,Mexico,LATAM,North,OFF-PA-10002372,Office Supplies,Paper,99,5,0,13.8,6.29,Medium,2011
IZ-2011-4060,2011-04-15,2011-04-16,First Class,Annie Zypern,Consumer,Iraq,EMEA,EMEA,TEC-MEM-10002524,Technology,Accessories,28,1,0,5.37,4.4,High,2011
ES-2011-1525428,2011-04-15,2011-04-17,Second Class,Alice McCarthy,Corporate,France,EU,Central,OFF-AR-10002939,Office Supplies,Art,36,2,0,12.12,3.82,Critical,2011
TU-2011-2530,2011-04-15,2011-04-18,Second Class,Vicky Freymann,Home Office,Turkey,EMEA,EMEA,OFF-ACM-10002713,Office Supplies,Supplies,15,1,0.6,-9.3,1.78,Medium,2011
MX-2011-126893,2011-04-15,2011-04-17,First Class,Steve Nguyen,Home Office,Honduras,LATAM,Central,OFF-LA-10002015,Office Supplies,Labels,3,1,0.4,0.33,0.71,Critical,2011
IN-2011-74490,2011-04-16,2011-04-17,First Class,Penelope Sewall,Home Office,China,APAC,North Asia,FUR-CH-10003009,Furniture,Chairs,1002,6,0,250.38,314.7,High,2011
ES-2011-2095931,2011-04-16,2011-04-21,Standard Class,Tonja Turnell,Home Office,France,EU,Central,TEC-AC-10003577,Technology,Accessories,1232,5,0,98.55,137.53,High,2011
IN-2011-74490,2011-04-16,2011-04-17,First Class,Penelope Sewall,Home Office,China,APAC,North Asia,TEC-CO-10000764,Technology,Copiers,640,2,0,76.74,55.34,High,2011
IN-2011-74490,2011-04-16,2011-04-17,First Class,Penelope Sewall,Home Office,China,APAC,North Asia,FUR-FU-10004876,Furniture,Furnishings,345,3,0,44.73,49.98,High,2011
IN-2011-74490,2011-04-16,2011-04-17,First Class,Penelope Sewall,Home Office,China,APAC,North Asia,OFF-PA-10002520,Office Supplies,Paper,145,3,0,70.92,36.53,High,2011
IN-2011-74490,2011-04-16,2011-04-17,First Class,Penelope Sewall,Home Office,China,APAC,North Asia,TEC-AC-10002221,Technology,Accessories,169,6,0,20.16,21.29,High,2011
IN-2011-74490,2011-04-16,2011-04-17,First Class,Penelope Sewall,Home Office,China,APAC,North Asia,OFF-EN-10003413,Office Supplies,Envelopes,200,4,0,57.96,10.67,High,2011
NI-2011-6340,2011-04-16,2011-04-21,Standard Class,Dianna Wilson,Home Office,Nigeria,Africa,Africa,OFF-BOS-10001348,Office Supplies,Art,135,14,0.7,-90.17,10.61,Medium,2011
IN-2011-74490,2011-04-16,2011-04-17,First Class,Penelope Sewall,Home Office,China,APAC,North Asia,OFF-BI-10004868,Office Supplies,Binders,18,3,0,0.54,4.2,High,2011
IN-2011-83940,2011-04-16,2011-04-23,Standard Class,Andy Yotov,Corporate,Australia,APAC,Oceania,OFF-PA-10000758,Office Supplies,Paper,68,2,0,0,3.83,Medium,2011
CA-2011-155208,2011-04-16,2011-04-20,Standard Class,Stephanie Phelps,Corporate,United States,US,South,OFF-AR-10003478,Office Supplies,Art,39,6,0.2,9.77,3.21,High,2011
MX-2011-150728,2011-04-16,2011-04-23,Standard Class,Liz MacKendrick,Consumer,Nicaragua,LATAM,Central,OFF-PA-10001170,Office Supplies,Paper,31,1,0,4,3.06,Medium,2011
IT-2011-2779559,2011-04-16,2011-04-21,Standard Class,Mary Zewe,Corporate,Netherlands,EU,Central,OFF-PA-10004111,Office Supplies,Paper,17,2,0.5,-6.72,0.96,Medium,2011
ES-2011-2835499,2011-04-18,2011-04-20,Second Class,Tom Stivers,Corporate,Italy,EU,South,OFF-ST-10003785,Office Supplies,Storage,475,4,0.4,-237.58,163.42,Critical,2011
IT-2011-5063480,2011-04-18,2011-04-25,Standard Class,Candace McMahon,Corporate,France,EU,Central,TEC-MA-10003515,Technology,Machines,2017,9,0.15,-0.05,160.41,Medium,2011
ES-2011-2835499,2011-04-18,2011-04-20,Second Class,Tom Stivers,Corporate,Italy,EU,South,TEC-AC-10003711,Technology,Accessories,312,12,0,12.24,57.74,Critical,2011
ID-2011-10706,2011-04-18,2011-04-22,Standard Class,Lori Olson,Corporate,Philippines,APAC,Southeast Asia,FUR-FU-10001246,Furniture,Furnishings,730,9,0.25,-38.95,57.02,High,2011
IN-2011-24727,2011-04-18,2011-04-22,Standard Class,Neil Französisch,Home Office,China,APAC,North Asia,OFF-PA-10004756,Office Supplies,Paper,349,7,0,24.36,38.22,High,2011
CA-2011-100678,2011-04-18,2011-04-22,Standard Class,Kunst Miller,Consumer,United States,US,Central,FUR-CH-10002602,Furniture,Chairs,317,3,0.3,-18.12,30.33,Medium,2011
IN-2011-24727,2011-04-18,2011-04-22,Standard Class,Neil Französisch,Home Office,China,APAC,North Asia,OFF-ST-10000220,Office Supplies,Storage,125,2,0,22.5,22.06,High,2011
ES-2011-2835499,2011-04-18,2011-04-20,Second Class,Tom Stivers,Corporate,Italy,EU,South,OFF-PA-10003868,Office Supplies,Paper,242,5,0,9.6,19.59,Critical,2011
CA-2011-110849,2011-04-18,2011-04-23,Standard Class,John Lee,Consumer,United States,US,West,TEC-MA-10002859,Technology,Machines,288,4,0.2,97.19,18.09,High,2011
CA-2011-100678,2011-04-18,2011-04-22,Standard Class,Kunst Miller,Consumer,United States,US,Central,OFF-EN-10000056,Office Supplies,Envelopes,149,3,0.2,50.41,14.15,Medium,2011
ES-2011-2835499,2011-04-18,2011-04-20,Second Class,Tom Stivers,Corporate,Italy,EU,South,OFF-AR-10002672,Office Supplies,Art,57,3,0,14.13,14.11,Critical,2011
ES-2011-2835499,2011-04-18,2011-04-20,Second Class,Tom Stivers,Corporate,Italy,EU,South,OFF-ST-10003305,Office Supplies,Storage,58,4,0.4,-36.55,10.86,Critical,2011
MX-2011-111920,2011-04-18,2011-04-22,Standard Class,Dean Katz,Corporate,Guatemala,LATAM,Central,OFF-AR-10000227,Office Supplies,Art,133,4,0,50.56,8.7,Medium,2011
CA-2011-100678,2011-04-18,2011-04-22,Standard Class,Kunst Miller,Consumer,United States,US,Central,TEC-AC-10000474,Technology,Accessories,228,3,0.2,28.5,7.22,Medium,2011
ES-2011-2835499,2011-04-18,2011-04-20,Second Class,Tom Stivers,Corporate,Italy,EU,South,OFF-FA-10001892,Office Supplies,Fasteners,39,2,0,17.82,4.24,Critical,2011
ES-2011-5178055,2011-04-18,2011-04-22,Standard Class,Dan Reichenbach,Corporate,Germany,EU,Central,OFF-LA-10001607,Office Supplies,Labels,65,6,0,32.4,4.21,Medium,2011
ES-2011-2835499,2011-04-18,2011-04-20,Second Class,Tom Stivers,Corporate,Italy,EU,South,OFF-BI-10000312,Office Supplies,Binders,24,2,0,0.96,3.93,Critical,2011
ES-2011-5178055,2011-04-18,2011-04-22,Standard Class,Dan Reichenbach,Corporate,Germany,EU,Central,OFF-SU-10003211,Office Supplies,Supplies,81,5,0,24.15,3.84,Medium,2011
ES-2011-5178055,2011-04-18,2011-04-22,Standard Class,Dan Reichenbach,Corporate,Germany,EU,Central,OFF-ST-10002042,Office Supplies,Storage,48,2,0.1,6.98,3.6,Medium,2011
IN-2011-50774,2011-04-18,2011-04-24,Standard Class,Nancy Lomonaco,Home Office,China,APAC,North Asia,OFF-LA-10000624,Office Supplies,Labels,54,6,0,19.98,3.5,Medium,2011
ES-2011-5178055,2011-04-18,2011-04-22,Standard Class,Dan Reichenbach,Corporate,Germany,EU,Central,OFF-BI-10000115,Office Supplies,Binders,31,5,0,1.2,2.68,Medium,2011
IN-2011-24727,2011-04-18,2011-04-22,Standard Class,Neil Französisch,Home Office,China,APAC,North Asia,OFF-PA-10003139,Office Supplies,Paper,33,2,0,12.24,2.1,High,2011
CA-2011-110849,2011-04-18,2011-04-23,Standard Class,John Lee,Consumer,United States,US,West,OFF-AR-10000657,Office Supplies,Art,11,5,0,3.55,1.79,High,2011
NI-2011-2820,2011-04-18,2011-04-20,First Class,Erica Hernandez,Home Office,Nigeria,Africa,Africa,OFF-ACC-10004182,Office Supplies,Binders,5,2,0.7,-8.62,1.56,Critical,2011
IN-2011-24727,2011-04-18,2011-04-22,Standard Class,Neil Französisch,Home Office,China,APAC,North Asia,OFF-BI-10002287,Office Supplies,Binders,8,1,0,2.88,0.99,High,2011
CA-2011-110849,2011-04-18,2011-04-23,Standard Class,John Lee,Consumer,United States,US,West,OFF-FA-10000134,Office Supplies,Fasteners,12,2,0,3.6,0.96,High,2011
CA-2011-110849,2011-04-18,2011-04-23,Standard Class,John Lee,Consumer,United States,US,West,OFF-AR-10002375,Office Supplies,Art,13,4,0,3.8,0.6,High,2011
CA-2011-100678,2011-04-18,2011-04-22,Standard Class,Kunst Miller,Consumer,United States,US,Central,OFF-AR-10001868,Office Supplies,Art,3,2,0.2,1.01,0.1,Medium,2011
IN-2011-38111,2011-04-19,2011-04-21,First Class,Dave Brooks,Consumer,Australia,APAC,Oceania,FUR-FU-10001477,Furniture,Furnishings,880,9,0.1,68.26,72.11,High,2011
MX-2011-112319,2011-04-19,2011-04-25,Standard Class,Kean Takahito,Consumer,Brazil,LATAM,South,FUR-BO-10003438,Furniture,Bookcases,576,7,0,120.82,55.57,Low,2011
US-2011-145177,2011-04-19,2011-04-25,Standard Class,Kean Takahito,Consumer,Brazil,LATAM,South,FUR-BO-10003880,Furniture,Bookcases,230,7,0.6,-224.76,30.41,Low,2011
ID-2011-68834,2011-04-19,2011-04-24,Standard Class,Darrin Sayre,Home Office,Pakistan,APAC,Central Asia,OFF-ST-10004947,Office Supplies,Storage,276,4,0.5,-231.54,24.56,Medium,2011
IN-2011-57704,2011-04-19,2011-04-22,Second Class,Bryan Mills,Consumer,India,APAC,Central Asia,FUR-FU-10002292,Furniture,Furnishings,132,3,0,54.09,18.44,Medium,2011
MX-2011-140340,2011-04-19,2011-04-24,Second Class,Bobby Elias,Consumer,Cuba,LATAM,Caribbean,TEC-PH-10000100,Technology,Phones,195,4,0,60.32,15.24,Medium,2011
CA-2011-158470,2011-04-19,2011-04-23,Second Class,Allen Goldenen,Consumer,United States,US,South,OFF-BI-10003638,Office Supplies,Binders,58,3,0,26.7,8,Medium,2011
IN-2011-69254,2011-04-19,2011-04-22,Second Class,John Lee,Consumer,Australia,APAC,Oceania,OFF-AR-10000762,Office Supplies,Art,94,6,0.1,15.62,7.39,Medium,2011
MX-2011-112319,2011-04-19,2011-04-25,Standard Class,Kean Takahito,Consumer,Brazil,LATAM,South,TEC-AC-10001491,Technology,Accessories,55,2,0,1.64,7.18,Low,2011
CA-2011-158470,2011-04-19,2011-04-23,Second Class,Allen Goldenen,Consumer,United States,US,South,OFF-PA-10001569,Office Supplies,Paper,71,11,0,34.21,6.8,Medium,2011
CA-2011-169460,2011-04-19,2011-04-21,Second Class,Nicole Fjeld,Home Office,United States,US,West,FUR-FU-10004017,Furniture,Furnishings,76,3,0,26.65,5.74,Medium,2011
MX-2011-164917,2011-04-19,2011-04-19,Same Day,Adam Bellavance,Home Office,El Salvador,LATAM,Central,OFF-SU-10002032,Office Supplies,Supplies,50,3,0,16.14,4.86,High,2011
ES-2011-2696233,2011-04-19,2011-04-25,Standard Class,Laurel Elliston,Consumer,France,EU,Central,OFF-AR-10003005,Office Supplies,Art,83,3,0,12.42,4.68,Medium,2011
IN-2011-57704,2011-04-19,2011-04-22,Second Class,Bryan Mills,Consumer,India,APAC,Central Asia,OFF-BI-10001659,Office Supplies,Binders,29,4,0,5.16,3.34,Medium,2011
ES-2011-5498995,2011-04-19,2011-04-24,Second Class,Ted Butterfield,Consumer,France,EU,Central,OFF-BI-10000368,Office Supplies,Binders,13,1,0,1.62,1.33,High,2011
US-2011-145177,2011-04-19,2011-04-25,Standard Class,Kean Takahito,Consumer,Brazil,LATAM,South,TEC-AC-10002048,Technology,Accessories,22,2,0.6,-31.58,1.08,Low,2011
IN-2011-38111,2011-04-19,2011-04-21,First Class,Dave Brooks,Consumer,Australia,APAC,Oceania,OFF-BI-10002386,Office Supplies,Binders,15,2,0.1,0.32,1.02,High,2011
NI-2011-5790,2011-04-19,2011-04-25,Standard Class,Daniel Raglin,Home Office,Nigeria,Africa,Africa,OFF-SME-10001149,Office Supplies,Storage,5,1,0.7,-6.83,0.36,Medium,2011
CA-2011-134572,2011-04-20,2011-04-22,Second Class,Seth Vernon,Consumer,United States,US,Central,FUR-TA-10001705,Furniture,Tables,744,5,0.3,-95.67,128.29,High,2011
ES-2011-5707696,2011-04-20,2011-04-26,Standard Class,Denise Leinenbach,Consumer,United Kingdom,EU,North,TEC-PH-10004271,Technology,Phones,693,5,0,228.6,78.24,Medium,2011
OD-2011-3490,2011-04-20,2011-04-26,Standard Class,Frank Carlisle,Home Office,South Sudan,Africa,Africa,TEC-SAM-10000345,Technology,Phones,667,4,0,19.92,70,Low,2011
CA-2011-134572,2011-04-20,2011-04-22,Second Class,Seth Vernon,Consumer,United States,US,Central,FUR-TA-10004442,Furniture,Tables,402,2,0.3,-131.95,33.53,High,2011
IT-2011-1904026,2011-04-20,2011-04-27,Standard Class,Dan Lawera,Consumer,Ireland,EU,North,TEC-PH-10001382,Technology,Phones,238,7,0.5,-0.11,20.35,Medium,2011
ES-2011-5707696,2011-04-20,2011-04-26,Standard Class,Denise Leinenbach,Consumer,United Kingdom,EU,North,OFF-PA-10001445,Office Supplies,Paper,186,4,0,89.4,16.21,Medium,2011
ES-2011-1520567,2011-04-20,2011-04-26,Standard Class,Scott Williamson,Consumer,Germany,EU,Central,OFF-ST-10000430,Office Supplies,Storage,360,3,0.1,31.95,12.89,Medium,2011
AU-2011-5790,2011-04-20,2011-04-24,Second Class,Brendan Sweed,Corporate,Austria,EMEA,EMEA,FUR-RUB-10003724,Furniture,Furnishings,110,1,0,12.09,9.25,Medium,2011
CA-2011-134572,2011-04-20,2011-04-22,Second Class,Seth Vernon,Consumer,United States,US,Central,OFF-ST-10004634,Office Supplies,Storage,45,5,0.2,5.61,8.58,High,2011
NI-2011-430,2011-04-20,2011-04-25,Second Class,Edward Hooks,Corporate,Nigeria,Africa,Africa,FUR-OFF-10001125,Furniture,Chairs,86,2,0.7,-97.56,8.56,Medium,2011
RO-2011-730,2011-04-20,2011-04-27,Standard Class,Evan Bailliet,Consumer,Romania,EMEA,EMEA,OFF-ELD-10000151,Office Supplies,Storage,128,1,0,15.33,7.34,Low,2011
TU-2011-7850,2011-04-20,2011-04-22,Second Class,Sara Luxemburg,Home Office,Turkey,EMEA,EMEA,OFF-BIC-10002440,Office Supplies,Art,19,1,0.6,-20.47,5.07,Critical,2011
MX-2011-124170,2011-04-20,2011-04-23,Second Class,Bill Eplett,Home Office,Mexico,LATAM,North,OFF-AR-10004348,Office Supplies,Art,33,1,0,3.58,4.98,Medium,2011
ES-2011-5707696,2011-04-20,2011-04-26,Standard Class,Denise Leinenbach,Consumer,United Kingdom,EU,North,OFF-AR-10000091,Office Supplies,Art,66,3,0,11.88,4.6,Medium,2011
NI-2011-430,2011-04-20,2011-04-25,Second Class,Edward Hooks,Corporate,Nigeria,Africa,Africa,FUR-SAU-10002714,Furniture,Bookcases,45,1,0.7,-74.33,4.37,Medium,2011
CA-2011-101462,2011-04-20,2011-04-25,Standard Class,Benjamin Patterson,Consumer,United States,US,West,FUR-FU-10000409,Furniture,Furnishings,60,4,0,27.56,3.94,Medium,2011
US-2011-111374,2011-04-20,2011-04-24,Second Class,Stefanie Holloman,Corporate,Haiti,LATAM,Caribbean,OFF-AR-10003245,Office Supplies,Art,41,2,0.4,-10.27,3.24,Medium,2011
ES-2011-5707696,2011-04-20,2011-04-26,Standard Class,Denise Leinenbach,Consumer,United Kingdom,EU,North,OFF-LA-10002559,Office Supplies,Labels,26,3,0,11.97,2.62,Medium,2011
MX-2011-132815,2011-04-20,2011-04-22,Second Class,Stewart Carmichael,Corporate,Nicaragua,LATAM,Central,OFF-BI-10000501,Office Supplies,Binders,20,2,0,2.44,2.14,Medium,2011
MX-2011-124170,2011-04-20,2011-04-23,Second Class,Bill Eplett,Home Office,Mexico,LATAM,North,TEC-AC-10001364,Technology,Accessories,128,4,0,58.64,1.78,Medium,2011
MO-2011-8850,2011-04-20,2011-04-24,Standard Class,Tony Sayre,Consumer,Morocco,Africa,Africa,OFF-ACC-10004322,Office Supplies,Binders,15,1,0,4.8,1.59,High,2011
MO-2011-8850,2011-04-20,2011-04-24,Standard Class,Tony Sayre,Consumer,Morocco,Africa,Africa,OFF-IBI-10002486,Office Supplies,Binders,9,1,0,1.59,1.04,High,2011
TU-2011-7850,2011-04-20,2011-04-22,Second Class,Sara Luxemburg,Home Office,Turkey,EMEA,EMEA,OFF-SME-10001718,Office Supplies,Storage,5,1,0.6,-5.85,0.89,Critical,2011
US-2011-111374,2011-04-20,2011-04-24,Second Class,Stefanie Holloman,Corporate,Haiti,LATAM,Caribbean,FUR-FU-10000342,Furniture,Furnishings,10,3,0.7,-22.13,0.42,Medium,2011
NI-2011-430,2011-04-20,2011-04-25,Second Class,Edward Hooks,Corporate,Nigeria,Africa,Africa,OFF-CAR-10001428,Office Supplies,Binders,2,1,0.7,-1.91,0.27,Medium,2011
US-2011-133130,2011-04-21,2011-04-24,First Class,Anemone Ratner,Consumer,Honduras,LATAM,Central,TEC-PH-10000990,Technology,Phones,486,8,0.4,-81.02,110.51,High,2011
ID-2011-75981,2011-04-21,2011-04-25,Second Class,Janet Molinari,Corporate,Pakistan,APAC,Central Asia,FUR-CH-10000432,Furniture,Chairs,584,4,0.2,-102.29,68.68,High,2011
US-2011-152240,2011-04-21,2011-04-27,Standard Class,Vivek Gonzalez,Consumer,Haiti,LATAM,Caribbean,FUR-CH-10000885,Furniture,Chairs,552,3,0.4,-101.12,52.26,Low,2011
US-2011-144673,2011-04-21,2011-04-23,Second Class,Patricia Hirasaki,Home Office,Dominican Republic,LATAM,Caribbean,FUR-BO-10001646,Furniture,Bookcases,238,4,0.4,-7.97,38.42,Critical,2011
CA-2011-136336,2011-04-21,2011-04-26,Standard Class,Dorothy Badders,Corporate,United States,US,South,OFF-ST-10002574,Office Supplies,Storage,829,6,0,0,35.24,Medium,2011
ES-2011-1443340,2011-04-21,2011-04-26,Standard Class,Joy Smith,Consumer,Spain,EU,South,TEC-PH-10002932,Technology,Phones,444,4,0.1,88.79,28.59,Medium,2011
US-2011-131807,2011-04-21,2011-04-27,Standard Class,Vivek Gonzalez,Consumer,Brazil,LATAM,South,FUR-CH-10002481,Furniture,Chairs,368,3,0.6,-284.98,26.23,Medium,2011
MX-2011-139815,2011-04-21,2011-04-24,First Class,Speros Goranitis,Consumer,El Salvador,LATAM,Central,TEC-PH-10003560,Technology,Phones,247,2,0,17.24,22.26,Medium,2011
MX-2011-139815,2011-04-21,2011-04-24,First Class,Speros Goranitis,Consumer,El Salvador,LATAM,Central,OFF-AP-10004425,Office Supplies,Appliances,89,2,0,38.36,19.11,Medium,2011
US-2011-133130,2011-04-21,2011-04-24,First Class,Anemone Ratner,Consumer,Honduras,LATAM,Central,FUR-CH-10004827,Furniture,Chairs,92,4,0.4,-33.7,17.68,High,2011
ID-2011-75981,2011-04-21,2011-04-25,Second Class,Janet Molinari,Corporate,Pakistan,APAC,Central Asia,OFF-ST-10004871,Office Supplies,Storage,123,4,0.5,-59.28,16.82,High,2011
MX-2011-139815,2011-04-21,2011-04-24,First Class,Speros Goranitis,Consumer,El Salvador,LATAM,Central,OFF-ST-10002176,Office Supplies,Storage,86,1,0,39.38,11.09,Medium,2011
ID-2011-75981,2011-04-21,2011-04-25,Second Class,Janet Molinari,Corporate,Pakistan,APAC,Central Asia,TEC-PH-10004680,Technology,Phones,62,1,0.5,-6.18,9.4,High,2011
CA-2011-370,2011-04-21,2011-04-28,Standard Class,Eric Hoffmann,Consumer,Canada,Canada,Canada,TEC-HEW-10004833,Technology,Copiers,150,1,0,21,8.56,Medium,2011
MX-2011-139815,2011-04-21,2011-04-24,First Class,Speros Goranitis,Consumer,El Salvador,LATAM,Central,OFF-AR-10003913,Office Supplies,Art,33,3,0,5.94,6.77,Medium,2011
ID-2011-75981,2011-04-21,2011-04-25,Second Class,Janet Molinari,Corporate,Pakistan,APAC,Central Asia,OFF-SU-10000954,Office Supplies,Supplies,38,3,0.5,-14.58,5.34,High,2011
ES-2011-1443340,2011-04-21,2011-04-26,Standard Class,Joy Smith,Consumer,Spain,EU,South,OFF-BI-10000620,Office Supplies,Binders,39,6,0,9.9,3.36,Medium,2011
ID-2011-75981,2011-04-21,2011-04-25,Second Class,Janet Molinari,Corporate,Pakistan,APAC,Central Asia,OFF-ST-10000752,Office Supplies,Storage,68,1,0.5,-12.3,2.82,High,2011
PL-2011-200,2011-04-21,2011-04-26,Standard Class,Anemone Ratner,Consumer,Poland,EMEA,EMEA,OFF-HAR-10004896,Office Supplies,Labels,52,4,0,10.8,2.1,Medium,2011
IN-2011-60406,2011-04-21,2011-04-24,First Class,Herbert Flentye,Consumer,Australia,APAC,Oceania,OFF-LA-10002139,Office Supplies,Labels,33,3,0.1,2.9,1.34,Medium,2011
CA-2011-370,2011-04-21,2011-04-28,Standard Class,Eric Hoffmann,Consumer,Canada,Canada,Canada,OFF-STA-10000298,Office Supplies,Art,49,1,0,7.89,1.22,Medium,2011
CA-2011-158064,2011-04-21,2011-04-25,Standard Class,Allen Armold,Consumer,United States,US,West,OFF-BI-10002976,Office Supplies,Binders,17,5,0.2,5.58,0.97,Medium,2011
CA-2011-370,2011-04-21,2011-04-28,Standard Class,Eric Hoffmann,Consumer,Canada,Canada,Canada,FUR-DEF-10002814,Furniture,Furnishings,24,1,0,6.69,0.88,Medium,2011
ES-2011-4240706,2011-04-22,2011-04-26,Standard Class,Brendan Sweed,Corporate,France,EU,Central,TEC-PH-10004263,Technology,Phones,645,5,0.15,75.88,113.86,High,2011
SG-2011-6280,2011-04-22,2011-04-23,First Class,Carol Darley,Consumer,Senegal,Africa,Africa,OFF-FEL-10004665,Office Supplies,Storage,415,2,0,107.76,99.68,Critical,2011
ID-2011-50991,2011-04-22,2011-04-26,Standard Class,Grant Thornton,Corporate,Indonesia,APAC,Southeast Asia,OFF-AP-10001621,Office Supplies,Appliances,1244,3,0.17,-134.9,71.29,Medium,2011
CA-2011-122070,2011-04-22,2011-04-24,Second Class,Aaron Hawkins,Corporate,United States,US,East,OFF-EN-10004773,Office Supplies,Envelopes,248,8,0,121.44,55.2,Critical,2011
ES-2011-3897276,2011-04-22,2011-04-26,Standard Class,Bill Donatelli,Consumer,United Kingdom,EU,North,OFF-ST-10004855,Office Supplies,Storage,398,2,0,111.36,52.6,High,2011
MZ-2011-8050,2011-04-22,2011-04-27,Standard Class,Cindy Stewart,Consumer,Mozambique,Africa,Africa,FUR-IKE-10000649,Furniture,Bookcases,365,1,0,120.36,49.8,High,2011
AG-2011-9610,2011-04-22,2011-04-25,First Class,Anna Andreadi,Consumer,Algeria,Africa,Africa,FUR-HAR-10002178,Furniture,Chairs,299,2,0,53.76,47.5,High,2011
IN-2011-12806,2011-04-22,2011-04-25,First Class,Brendan Sweed,Corporate,China,APAC,North Asia,OFF-AR-10004009,Office Supplies,Art,211,11,0,41.91,32.96,Medium,2011
IN-2011-12806,2011-04-22,2011-04-25,First Class,Brendan Sweed,Corporate,China,APAC,North Asia,OFF-SU-10001308,Office Supplies,Supplies,195,5,0,33.15,31.84,Medium,2011
TX-2011-5720,2011-04-22,2011-04-24,Second Class,Tracy Zic,Consumer,Turkmenistan,EMEA,EMEA,FUR-IKE-10002894,Furniture,Bookcases,218,2,0.7,-189.01,27.32,High,2011
MZ-2011-8050,2011-04-22,2011-04-27,Standard Class,Cindy Stewart,Consumer,Mozambique,Africa,Africa,FUR-ELD-10000857,Furniture,Furnishings,293,6,0,37.98,27.13,High,2011
IN-2011-12806,2011-04-22,2011-04-25,First Class,Brendan Sweed,Corporate,China,APAC,North Asia,OFF-EN-10004424,Office Supplies,Envelopes,239,5,0,35.85,26.44,Medium,2011
SG-2011-6280,2011-04-22,2011-04-23,First Class,Carol Darley,Consumer,Senegal,Africa,Africa,OFF-FEL-10000998,Office Supplies,Storage,79,4,0,4.68,22.35,Critical,2011
ES-2011-3897276,2011-04-22,2011-04-26,Standard Class,Bill Donatelli,Consumer,United Kingdom,EU,North,TEC-MA-10003185,Technology,Machines,234,3,0,35.1,22.1,High,2011
ES-2011-3897276,2011-04-22,2011-04-26,Standard Class,Bill Donatelli,Consumer,United Kingdom,EU,North,FUR-FU-10001424,Furniture,Furnishings,154,4,0.3,-4.49,19.89,High,2011
ID-2011-50991,2011-04-22,2011-04-26,Standard Class,Grant Thornton,Corporate,Indonesia,APAC,Southeast Asia,FUR-FU-10004158,Furniture,Furnishings,402,5,0.27,55,19.33,Medium,2011
IN-2011-12806,2011-04-22,2011-04-25,First Class,Brendan Sweed,Corporate,China,APAC,North Asia,FUR-CH-10004306,Furniture,Chairs,99,2,0,21.72,18.83,Medium,2011
IN-2011-12806,2011-04-22,2011-04-25,First Class,Brendan Sweed,Corporate,China,APAC,North Asia,FUR-CH-10000117,Furniture,Chairs,160,2,0,28.68,13.36,Medium,2011
IN-2011-12806,2011-04-22,2011-04-25,First Class,Brendan Sweed,Corporate,China,APAC,North Asia,OFF-AR-10000539,Office Supplies,Art,80,3,0,5.58,13.03,Medium,2011
ID-2011-83506,2011-04-22,2011-04-26,Standard Class,Gary Hansen,Home Office,New Zealand,APAC,Oceania,FUR-CH-10002793,Furniture,Chairs,70,2,0.4,-10.46,10.21,High,2011
ID-2011-50991,2011-04-22,2011-04-26,Standard Class,Grant Thornton,Corporate,Indonesia,APAC,Southeast Asia,TEC-AC-10002243,Technology,Accessories,176,4,0.47,-56.52,10.09,Medium,2011
ES-2011-3897276,2011-04-22,2011-04-26,Standard Class,Bill Donatelli,Consumer,United Kingdom,EU,North,OFF-SU-10003697,Office Supplies,Supplies,90,4,0,43.2,8.78,High,2011
MZ-2011-8050,2011-04-22,2011-04-27,Standard Class,Cindy Stewart,Consumer,Mozambique,Africa,Africa,FUR-ELD-10002511,Furniture,Furnishings,58,1,0,3.48,7.76,High,2011
ID-2011-50991,2011-04-22,2011-04-26,Standard Class,Grant Thornton,Corporate,Indonesia,APAC,Southeast Asia,FUR-CH-10002940,Furniture,Chairs,305,6,0.27,-66.8,7.63,Medium,2011
TX-2011-5720,2011-04-22,2011-04-24,Second Class,Tracy Zic,Consumer,Turkmenistan,EMEA,EMEA,TEC-STA-10001232,Technology,Machines,45,2,0.7,-92.56,6.82,High,2011
ES-2011-3897276,2011-04-22,2011-04-26,Standard Class,Bill Donatelli,Consumer,United Kingdom,EU,North,OFF-AR-10000799,Office Supplies,Art,80,5,0,3.15,5.65,High,2011
IN-2011-12806,2011-04-22,2011-04-25,First Class,Brendan Sweed,Corporate,China,APAC,North Asia,OFF-PA-10002974,Office Supplies,Paper,85,3,0,16.11,4.85,Medium,2011
MX-2011-164322,2011-04-22,2011-04-28,Standard Class,Sean ODonnell,Consumer,Cuba,LATAM,Caribbean,OFF-BI-10000816,Office Supplies,Binders,41,2,0,13.96,3.98,Medium,2011
ID-2011-83506,2011-04-22,2011-04-26,Standard Class,Gary Hansen,Home Office,New Zealand,APAC,Oceania,OFF-EN-10002936,Office Supplies,Envelopes,25,2,0.4,-3.8,3.36,High,2011
MZ-2011-8050,2011-04-22,2011-04-27,Standard Class,Cindy Stewart,Consumer,Mozambique,Africa,Africa,OFF-CAM-10004002,Office Supplies,Envelopes,20,1,0,8.19,2.04,High,2011
IN-2011-12806,2011-04-22,2011-04-25,First Class,Brendan Sweed,Corporate,China,APAC,North Asia,OFF-FA-10001246,Office Supplies,Fasteners,11,1,0,5.49,1.93,Medium,2011
MX-2011-164322,2011-04-22,2011-04-28,Standard Class,Sean ODonnell,Consumer,Cuba,LATAM,Caribbean,OFF-EN-10000139,Office Supplies,Envelopes,31,2,0,5.32,1.45,Medium,2011
MX-2011-147984,2011-04-22,2011-04-27,Standard Class,Christine Kargatis,Home Office,Nicaragua,LATAM,Central,OFF-BI-10000827,Office Supplies,Binders,21,2,0,5.56,1.33,Medium,2011
CA-2011-122070,2011-04-22,2011-04-24,Second Class,Aaron Hawkins,Corporate,United States,US,East,OFF-BI-10004970,Office Supplies,Binders,10,3,0.2,3.35,1.2,Critical,2011
ES-2011-4240706,2011-04-22,2011-04-26,Standard Class,Brendan Sweed,Corporate,France,EU,Central,OFF-LA-10001618,Office Supplies,Labels,18,2,0,2.76,1.16,High,2011
US-2011-150119,2011-04-23,2011-04-27,Standard Class,Laurel Beltran,Home Office,United States,US,East,FUR-CH-10002965,Furniture,Chairs,281,2,0.3,-12.06,21.59,Medium,2011
IN-2011-35808,2011-04-23,2011-04-27,Standard Class,Becky Castell,Home Office,Australia,APAC,Oceania,OFF-EN-10003508,Office Supplies,Envelopes,45,2,0.1,18.41,4.72,High,2011
CA-2011-111857,2011-04-23,2011-04-26,Second Class,Nathan Mautz,Home Office,United States,US,West,OFF-PA-10001878,Office Supplies,Paper,49,1,0,22.99,4.34,Medium,2011
MX-2011-121244,2011-04-23,2011-04-27,Standard Class,Penelope Sewall,Home Office,Mexico,LATAM,North,TEC-PH-10002755,Technology,Phones,49,1,0,17.6,3.5,Medium,2011
US-2011-150119,2011-04-23,2011-04-27,Standard Class,Laurel Beltran,Home Office,United States,US,East,FUR-CH-10002965,Furniture,Chairs,281,2,0.3,-12.06,3.46,Medium,2011
US-2011-153472,2011-04-23,2011-04-27,Standard Class,Deborah Brumfield,Home Office,Dominican Republic,LATAM,Caribbean,FUR-FU-10003237,Furniture,Furnishings,29,3,0.5,-21.69,1.92,High,2011
US-2011-150119,2011-04-23,2011-04-27,Standard Class,Laurel Beltran,Home Office,United States,US,East,FUR-FU-10002191,Furniture,Furnishings,22,4,0.2,7.82,1.03,Medium,2011
US-2011-112564,2011-04-23,2011-04-24,First Class,Theresa Swint,Corporate,United States,US,East,OFF-BI-10004876,Office Supplies,Binders,3,3,0.7,-1.75,0.75,Critical,2011
TU-2011-800,2011-04-23,2011-04-23,Same Day,Mick Brown,Consumer,Turkey,EMEA,EMEA,OFF-JIF-10004777,Office Supplies,Envelopes,6,2,0.6,-1.64,0.75,High,2011
US-2011-150119,2011-04-23,2011-04-27,Standard Class,Laurel Beltran,Home Office,United States,US,East,OFF-BI-10000145,Office Supplies,Binders,7,8,0.7,-5.24,0.47,Medium,2011
TU-2011-2990,2011-04-24,2011-04-29,Standard Class,Astrea Jones,Consumer,Turkey,EMEA,EMEA,OFF-ACM-10002816,Office Supplies,Supplies,166,14,0.6,-79.04,14.94,Medium,2011
CA-2011-166954,2011-04-25,2011-04-30,Standard Class,Beth Thompson,Home Office,United States,US,West,FUR-CH-10003973,Furniture,Chairs,1487,5,0.2,148.7,205.45,High,2011
IS-2011-1180,2011-04-25,2011-04-30,Standard Class,Chuck Magee,Consumer,Israel,EMEA,EMEA,FUR-ELD-10003131,Furniture,Furnishings,453,4,0,117.72,79.49,High,2011
NG-2011-9540,2011-04-25,2011-04-28,First Class,Barry Franz,Home Office,Niger,Africa,Africa,TEC-NOK-10000784,Technology,Phones,504,4,0,216.72,63.18,High,2011
NG-2011-9540,2011-04-25,2011-04-28,First Class,Barry Franz,Home Office,Niger,Africa,Africa,OFF-BOS-10002558,Office Supplies,Art,181,6,0,28.98,47.29,High,2011
CA-2011-166954,2011-04-25,2011-04-30,Standard Class,Beth Thompson,Home Office,United States,US,West,OFF-AP-10001391,Office Supplies,Appliances,271,3,0,78.51,45.48,High,2011
CA-2011-110100,2011-04-25,2011-04-29,Standard Class,Lena Creighton,Consumer,United States,US,South,TEC-PH-10004531,Technology,Phones,302,3,0.2,37.8,37.53,High,2011
ID-2011-74091,2011-04-25,2011-05-01,Standard Class,Ivan Gibson,Consumer,Philippines,APAC,Southeast Asia,TEC-AC-10002914,Technology,Accessories,409,3,0.45,-104.1,37.25,Medium,2011
TU-2011-3360,2011-04-25,2011-04-27,First Class,Joni Sundaresam,Home Office,Turkey,EMEA,EMEA,OFF-ELD-10004324,Office Supplies,Storage,51,1,0.6,-73.66,16.21,Critical,2011
IN-2011-67000,2011-04-25,2011-04-28,First Class,Fred Wasserman,Corporate,Bangladesh,APAC,Central Asia,OFF-AR-10000054,Office Supplies,Art,52,2,0,18.78,15.8,Critical,2011
TU-2011-3360,2011-04-25,2011-04-27,First Class,Joni Sundaresam,Home Office,Turkey,EMEA,EMEA,OFF-IBI-10002637,Office Supplies,Binders,42,2,0.6,-14.84,11.46,Critical,2011
CA-2011-166954,2011-04-25,2011-04-30,Standard Class,Beth Thompson,Home Office,United States,US,West,FUR-FU-10003708,Furniture,Furnishings,303,5,0,63.68,11.36,High,2011
MO-2011-9470,2011-04-25,2011-04-29,Standard Class,Lisa Ryan,Corporate,Morocco,Africa,Africa,FUR-DEF-10000346,Furniture,Furnishings,110,1,0,8.79,10.98,Medium,2011
MO-2011-6140,2011-04-25,2011-04-28,First Class,Rachel Payne,Corporate,Morocco,Africa,Africa,FUR-HON-10002424,Furniture,Chairs,81,1,0,38.25,9.44,Medium,2011
US-2011-123120,2011-04-25,2011-04-27,First Class,David Smith,Corporate,Honduras,LATAM,Central,TEC-PH-10000577,Technology,Phones,213,7,0.4,-42.7,9.06,High,2011
MO-2011-9470,2011-04-25,2011-04-29,Standard Class,Lisa Ryan,Corporate,Morocco,Africa,Africa,OFF-AME-10004651,Office Supplies,Envelopes,69,2,0,1.38,5.68,Medium,2011
ID-2011-74091,2011-04-25,2011-05-01,Standard Class,Ivan Gibson,Consumer,Philippines,APAC,Southeast Asia,TEC-AC-10001987,Technology,Accessories,100,4,0.45,-31,5.27,Medium,2011
TU-2011-3360,2011-04-25,2011-04-27,First Class,Joni Sundaresam,Home Office,Turkey,EMEA,EMEA,OFF-ELD-10001037,Office Supplies,Storage,19,1,0.6,-9.89,5.05,Critical,2011
RS-2011-2560,2011-04-25,2011-04-30,Standard Class,Muhammed Yedwab,Corporate,Russia,EMEA,EMEA,TEC-PAN-10000979,Technology,Machines,121,1,0,31.41,4.99,Medium,2011
TU-2011-7670,2011-04-25,2011-04-30,Second Class,Pete Armstrong,Home Office,Turkey,EMEA,EMEA,FUR-HON-10002570,Furniture,Chairs,46,2,0.6,-43.96,3.07,Medium,2011
IS-2011-1180,2011-04-25,2011-04-30,Standard Class,Chuck Magee,Consumer,Israel,EMEA,EMEA,OFF-XER-10001513,Office Supplies,Paper,20,1,0,6.27,2.34,High,2011
IT-2011-2459755,2011-04-25,2011-04-30,Standard Class,Raymond Messe,Consumer,Netherlands,EU,Central,OFF-AR-10000980,Office Supplies,Art,39,3,0.5,-18.81,2.3,Medium,2011
NG-2011-9540,2011-04-25,2011-04-28,First Class,Barry Franz,Home Office,Niger,Africa,Africa,OFF-CAR-10002375,Office Supplies,Binders,14,1,0,4.32,2.2,High,2011
IS-2011-1180,2011-04-25,2011-04-30,Standard Class,Chuck Magee,Consumer,Israel,EMEA,EMEA,OFF-ACC-10003745,Office Supplies,Fasteners,14,1,0,0.84,1.89,High,2011
ID-2011-74091,2011-04-25,2011-05-01,Standard Class,Ivan Gibson,Consumer,Philippines,APAC,Southeast Asia,OFF-ST-10000078,Office Supplies,Storage,26,1,0.45,-18.24,1.62,Medium,2011
KZ-2011-8410,2011-04-25,2011-04-29,Standard Class,Jessica Myrick,Consumer,Kazakhstan,EMEA,EMEA,FUR-DEF-10003315,Furniture,Furnishings,15,1,0.7,-29.87,1.16,Medium,2011
TU-2011-7670,2011-04-25,2011-04-30,Second Class,Pete Armstrong,Home Office,Turkey,EMEA,EMEA,OFF-AME-10002697,Office Supplies,Envelopes,5,1,0.6,-2.96,0.73,Medium,2011
US-2011-157406,2011-04-25,2011-04-29,Standard Class,Dianna Arnett,Home Office,United States,US,Central,OFF-AR-10002221,Office Supplies,Art,6,3,0.2,0.55,0.43,Medium,2011
US-2011-157406,2011-04-25,2011-04-29,Standard Class,Dianna Arnett,Home Office,United States,US,Central,OFF-PA-10003543,Office Supplies,Paper,10,2,0.2,3.63,0.42,Medium,2011
TU-2011-7670,2011-04-25,2011-04-30,Second Class,Pete Armstrong,Home Office,Turkey,EMEA,EMEA,OFF-STA-10003908,Office Supplies,Art,12,2,0.6,-11.76,0.41,Medium,2011
KZ-2011-8410,2011-04-25,2011-04-29,Standard Class,Jessica Myrick,Consumer,Kazakhstan,EMEA,EMEA,OFF-EAT-10001933,Office Supplies,Paper,27,2,0.7,-18.07,0.4,Medium,2011
MO-2011-6140,2011-04-25,2011-04-28,First Class,Rachel Payne,Corporate,Morocco,Africa,Africa,OFF-EAT-10004307,Office Supplies,Paper,18,1,0,4.8,0.37,Medium,2011
KZ-2011-8410,2011-04-25,2011-04-29,Standard Class,Jessica Myrick,Consumer,Kazakhstan,EMEA,EMEA,OFF-AME-10002949,Office Supplies,Envelopes,6,2,0.7,-12.52,0.36,Medium,2011
IT-2011-2185983,2011-04-26,2011-04-27,Same Day,Roy Collins,Consumer,France,EU,Central,TEC-PH-10000070,Technology,Phones,684,11,0.15,-24.27,100.32,Critical,2011
TU-2011-3910,2011-04-26,2011-04-29,Second Class,Lindsay Castell,Home Office,Turkey,EMEA,EMEA,TEC-SAN-10001506,Technology,Accessories,413,4,0.6,-392.04,61.42,High,2011
CA-2011-147298,2011-04-26,2011-05-03,Standard Class,Aleksandra Gannaway,Corporate,United States,US,West,FUR-CH-10004886,Furniture,Chairs,230,3,0.2,23.03,34.42,Low,2011
ES-2011-5090278,2011-04-26,2011-05-01,Standard Class,Phillip Breyer,Corporate,Germany,EU,Central,OFF-SU-10003556,Office Supplies,Supplies,176,4,0,64.92,15.16,Medium,2011
ID-2011-20989,2011-04-26,2011-04-27,First Class,Jill Matthias,Consumer,Philippines,APAC,Southeast Asia,TEC-AC-10004566,Technology,Accessories,90,4,0.45,-18.1,13.55,High,2011
ID-2011-20989,2011-04-26,2011-04-27,First Class,Jill Matthias,Consumer,Philippines,APAC,Southeast Asia,TEC-AC-10000354,Technology,Accessories,61,2,0.45,-50,12.25,High,2011
ES-2011-4016076,2011-04-26,2011-04-30,Standard Class,Ted Trevino,Consumer,United Kingdom,EU,North,OFF-ST-10000020,Office Supplies,Storage,159,6,0,64.98,9.62,Medium,2011
MX-2011-164973,2011-04-26,2011-04-28,First Class,Christine Abelman,Corporate,Guatemala,LATAM,Central,OFF-LA-10002544,Office Supplies,Labels,49,6,0,6.84,8.2,Medium,2011
IR-2011-3300,2011-04-26,2011-04-29,Second Class,Anthony Rawles,Corporate,Iran,EMEA,EMEA,TEC-MEM-10003743,Technology,Accessories,45,1,0,13.56,5.44,Medium,2011
IT-2011-2852736,2011-04-26,2011-05-02,Standard Class,Linda Southworth,Corporate,Italy,EU,South,FUR-CH-10003062,Furniture,Chairs,45,2,0.6,-33.83,4.56,Medium,2011
IR-2011-3300,2011-04-26,2011-04-29,Second Class,Anthony Rawles,Corporate,Iran,EMEA,EMEA,OFF-JIF-10002184,Office Supplies,Envelopes,37,2,0,6.6,4.26,Medium,2011
CA-2011-116785,2011-04-26,2011-04-30,Standard Class,Marc Harrigan,Home Office,United States,US,West,OFF-AR-10003504,Office Supplies,Art,21,5,0,6.21,3.37,High,2011
CA-2011-116785,2011-04-26,2011-04-30,Standard Class,Marc Harrigan,Home Office,United States,US,West,OFF-LA-10000305,Office Supplies,Labels,13,2,0,5.8,1.8,High,2011
CA-2011-147298,2011-04-26,2011-05-03,Standard Class,Aleksandra Gannaway,Corporate,United States,US,West,OFF-BI-10001525,Office Supplies,Binders,18,6,0.2,5.72,1.54,Low,2011
IR-2011-3300,2011-04-26,2011-04-29,Second Class,Anthony Rawles,Corporate,Iran,EMEA,EMEA,OFF-STI-10000286,Office Supplies,Supplies,14,1,0,7.14,1.07,Medium,2011
MX-2011-164973,2011-04-26,2011-04-28,First Class,Christine Abelman,Corporate,Guatemala,LATAM,Central,FUR-FU-10002637,Furniture,Furnishings,32,2,0,7.32,0.88,Medium,2011
LT-2011-270,2011-04-27,2011-04-30,First Class,Cynthia Voltz,Corporate,Lesotho,Africa,Africa,TEC-NOK-10004339,Technology,Phones,2545,4,0,814.2,383.01,High,2011
ES-2011-4852530,2011-04-27,2011-05-03,Standard Class,Patrick OBrill,Consumer,France,EU,Central,FUR-CH-10002477,Furniture,Chairs,1713,4,0.1,551.98,191.2,Medium,2011
US-2011-158435,2011-04-27,2011-05-02,Standard Class,Max Jones,Consumer,Honduras,LATAM,Central,FUR-CH-10001490,Furniture,Chairs,920,5,0.4,46,47.23,High,2011
ES-2011-2729747,2011-04-27,2011-05-02,Standard Class,Matt Collister,Corporate,Spain,EU,South,FUR-BO-10004199,Furniture,Bookcases,719,5,0,21.45,38.67,Medium,2011
ES-2011-4852530,2011-04-27,2011-05-03,Standard Class,Patrick OBrill,Consumer,France,EU,Central,FUR-CH-10002002,Furniture,Chairs,808,7,0.1,251.1,31.08,Medium,2011
US-2011-158435,2011-04-27,2011-05-02,Standard Class,Max Jones,Consumer,Honduras,LATAM,Central,TEC-MA-10003779,Technology,Machines,214,4,0.7,-142.91,30.77,High,2011
LT-2011-270,2011-04-27,2011-04-30,First Class,Cynthia Voltz,Corporate,Lesotho,Africa,Africa,OFF-ELD-10002199,Office Supplies,Storage,128,1,0,55.17,29.32,High,2011
ES-2011-2729747,2011-04-27,2011-05-02,Standard Class,Matt Collister,Corporate,Spain,EU,South,OFF-AP-10004869,Office Supplies,Appliances,334,4,0,133.44,16.94,Medium,2011
ES-2011-4852530,2011-04-27,2011-05-03,Standard Class,Patrick OBrill,Consumer,France,EU,Central,OFF-ST-10001818,Office Supplies,Storage,218,5,0.1,7.26,16.75,Medium,2011
RS-2011-8990,2011-04-27,2011-05-01,Standard Class,Mike Gockenbach,Consumer,Russia,EMEA,EMEA,OFF-ROG-10004646,Office Supplies,Storage,281,2,0,2.76,14.99,Medium,2011
IT-2011-3896198,2011-04-27,2011-05-03,Standard Class,Roy Französisch,Consumer,France,EU,Central,OFF-AR-10000079,Office Supplies,Art,124,5,0,39.6,11.97,Medium,2011
IT-2011-3896198,2011-04-27,2011-05-03,Standard Class,Roy Französisch,Consumer,France,EU,Central,OFF-BI-10001192,Office Supplies,Binders,120,9,0,3.51,11.61,Medium,2011
LT-2011-270,2011-04-27,2011-04-30,First Class,Cynthia Voltz,Corporate,Lesotho,Africa,Africa,OFF-CAM-10004269,Office Supplies,Envelopes,68,4,0,24.36,11.44,High,2011
RS-2011-8990,2011-04-27,2011-05-01,Standard Class,Mike Gockenbach,Consumer,Russia,EMEA,EMEA,OFF-ACC-10003422,Office Supplies,Binders,67,4,0,18.6,4.66,Medium,2011
US-2011-158435,2011-04-27,2011-05-02,Standard Class,Max Jones,Consumer,Honduras,LATAM,Central,OFF-EN-10001311,Office Supplies,Envelopes,42,5,0.4,-27.24,4.54,High,2011
IT-2011-2075149,2011-04-27,2011-05-02,Standard Class,Noah Childs,Corporate,Netherlands,EU,Central,OFF-EN-10000788,Office Supplies,Envelopes,53,5,0.5,-35.7,3.48,Medium,2011
ES-2011-4852530,2011-04-27,2011-05-03,Standard Class,Patrick OBrill,Consumer,France,EU,Central,OFF-LA-10004832,Office Supplies,Labels,31,3,0,6.12,2.44,Medium,2011
US-2011-158435,2011-04-27,2011-05-02,Standard Class,Max Jones,Consumer,Honduras,LATAM,Central,OFF-BI-10004632,Office Supplies,Binders,11,1,0.4,-6.03,1.95,High,2011
IT-2011-3896198,2011-04-27,2011-05-03,Standard Class,Roy Französisch,Consumer,France,EU,Central,OFF-FA-10001113,Office Supplies,Fasteners,25,2,0,4.92,1.26,Medium,2011
US-2011-158435,2011-04-27,2011-05-02,Standard Class,Max Jones,Consumer,Honduras,LATAM,Central,OFF-PA-10001685,Office Supplies,Paper,11,2,0.4,-0.38,0.83,High,2011
ES-2011-4852530,2011-04-27,2011-05-03,Standard Class,Patrick OBrill,Consumer,France,EU,Central,OFF-BI-10004712,Office Supplies,Binders,5,1,0,2.19,0.5,Medium,2011
CA-2011-131387,2011-04-28,2011-04-30,First Class,Arianne Irving,Consumer,United States,US,West,TEC-PH-10001459,Technology,Phones,1680,5,0.2,126,175.16,High,2011
CA-2011-118976,2011-04-28,2011-05-03,Standard Class,Muhammed Yedwab,Corporate,United States,US,East,OFF-ST-10000877,Office Supplies,Storage,498,9,0,129.38,33.3,Medium,2011
MX-2011-141705,2011-04-28,2011-05-02,Standard Class,Debra Catini,Consumer,Mexico,LATAM,North,TEC-PH-10003405,Technology,Phones,178,4,0,7.04,20.05,High,2011
IN-2011-42024,2011-04-28,2011-05-03,Standard Class,Gary Hwang,Consumer,China,APAC,North Asia,OFF-AP-10001076,Office Supplies,Appliances,299,7,0,44.73,16.11,Medium,2011
CA-2011-140228,2011-04-28,2011-05-03,Standard Class,George Bell,Corporate,United States,US,East,OFF-ST-10001128,Office Supplies,Storage,178,2,0.2,-37.73,14.21,Medium,2011
MX-2011-128111,2011-04-28,2011-05-02,Second Class,Odella Nelson,Corporate,Mexico,LATAM,North,FUR-CH-10001819,Furniture,Chairs,109,3,0.2,29.89,12.24,Medium,2011
CA-2011-132983,2011-04-28,2011-05-03,Standard Class,David Smith,Corporate,United States,US,East,TEC-AC-10000736,Technology,Accessories,160,2,0,57.59,9.71,Medium,2011
US-2011-149839,2011-04-28,2011-05-02,Standard Class,David Philippe,Consumer,Mexico,LATAM,North,FUR-FU-10003874,Furniture,Furnishings,87,5,0.4,-36.4,8.24,Medium,2011
US-2011-149839,2011-04-28,2011-05-02,Standard Class,David Philippe,Consumer,Mexico,LATAM,North,TEC-PH-10002332,Technology,Phones,116,1,0,0,6.73,Medium,2011
US-2011-149839,2011-04-28,2011-05-02,Standard Class,David Philippe,Consumer,Mexico,LATAM,North,OFF-AR-10001812,Office Supplies,Art,114,7,0,54.46,5.43,Medium,2011
NI-2011-2720,2011-04-28,2011-05-04,Standard Class,Kean Thornton,Consumer,Nigeria,Africa,Africa,OFF-CUI-10003670,Office Supplies,Appliances,62,4,0.7,-101.16,3.85,Medium,2011
US-2011-149839,2011-04-28,2011-05-02,Standard Class,David Philippe,Consumer,Mexico,LATAM,North,OFF-FA-10000467,Office Supplies,Fasteners,64,7,0,20.58,3.77,Medium,2011
US-2011-149839,2011-04-28,2011-05-02,Standard Class,David Philippe,Consumer,Mexico,LATAM,North,FUR-FU-10004915,Furniture,Furnishings,86,2,0.4,-55.62,3.29,Medium,2011
US-2011-149839,2011-04-28,2011-05-02,Standard Class,David Philippe,Consumer,Mexico,LATAM,North,OFF-ST-10003750,Office Supplies,Storage,72,2,0,7.88,3.24,Medium,2011
MX-2011-141705,2011-04-28,2011-05-02,Standard Class,Debra Catini,Consumer,Mexico,LATAM,North,OFF-FA-10004946,Office Supplies,Fasteners,22,3,0,2.82,2.89,High,2011
CA-2011-140228,2011-04-28,2011-05-03,Standard Class,George Bell,Corporate,United States,US,East,OFF-ST-10002214,Office Supplies,Storage,27,3,0.2,2.03,2.63,Medium,2011
NI-2011-2720,2011-04-28,2011-05-04,Standard Class,Kean Thornton,Consumer,Nigeria,Africa,Africa,OFF-KLE-10001794,Office Supplies,Supplies,42,4,0.7,-97.02,2.51,Medium,2011
ES-2011-2813459,2011-04-28,2011-05-04,Standard Class,Andy Reiter,Consumer,France,EU,Central,OFF-BI-10001643,Office Supplies,Binders,16,1,0,0.45,2.49,Low,2011
US-2011-149839,2011-04-28,2011-05-02,Standard Class,David Philippe,Consumer,Mexico,LATAM,North,OFF-BI-10002681,Office Supplies,Binders,50,5,0,17.9,2.24,Medium,2011
CA-2011-118976,2011-04-28,2011-05-03,Standard Class,Muhammed Yedwab,Corporate,United States,US,East,OFF-BI-10001628,Office Supplies,Binders,21,2,0,9.39,1.58,Medium,2011
BN-2011-2620,2011-04-28,2011-05-02,Standard Class,Brendan Sweed,Corporate,Benin,Africa,Africa,OFF-WIL-10003308,Office Supplies,Binders,12,1,0,2.76,0.71,High,2011
CA-2011-118976,2011-04-28,2011-05-03,Standard Class,Muhammed Yedwab,Corporate,United States,US,East,OFF-AR-10004752,Office Supplies,Art,5,2,0,1.5,0.32,Medium,2011
CA-2011-118976,2011-04-28,2011-05-03,Standard Class,Muhammed Yedwab,Corporate,United States,US,East,OFF-LA-10000452,Office Supplies,Labels,3,1,0,1.51,0.25,Medium,2011
NI-2011-2720,2011-04-28,2011-05-04,Standard Class,Kean Thornton,Consumer,Nigeria,Africa,Africa,OFF-IBI-10001640,Office Supplies,Binders,4,2,0.7,-2.95,0.17,Medium,2011
CA-2011-140228,2011-04-28,2011-05-03,Standard Class,George Bell,Corporate,United States,US,East,OFF-LA-10001613,Office Supplies,Labels,7,3,0.2,2.51,0.14,Medium,2011
ES-2011-5268439,2011-04-29,2011-05-01,Second Class,Heather Jas,Home Office,France,EU,Central,OFF-AR-10004519,Office Supplies,Art,384,7,0,69.09,65.18,High,2011
CA-2011-107811,2011-04-29,2011-05-03,Standard Class,Laura Armstrong,Corporate,United States,US,South,FUR-CH-10001394,Furniture,Chairs,562,2,0.2,70.2,59.11,Medium,2011
ES-2011-5957871,2011-04-29,2011-05-01,First Class,Carol Triggs,Consumer,Belgium,EU,Central,OFF-AR-10002816,Office Supplies,Art,161,3,0,40.23,37.03,High,2011
MX-2011-118731,2011-04-29,2011-05-03,Standard Class,Eudokia Martin,Corporate,Mexico,LATAM,North,FUR-BO-10001646,Furniture,Bookcases,834,4,0.2,208.59,34.54,Medium,2011
MX-2011-154326,2011-04-29,2011-05-06,Standard Class,Eric Hoffmann,Consumer,Nicaragua,LATAM,Central,TEC-PH-10001095,Technology,Phones,244,5,0,21.9,20.31,Medium,2011
CA-2011-107811,2011-04-29,2011-05-03,Standard Class,Laura Armstrong,Corporate,United States,US,South,OFF-ST-10000798,Office Supplies,Storage,100,5,0.2,-1.25,10.56,Medium,2011
ES-2011-5268439,2011-04-29,2011-05-01,Second Class,Heather Jas,Home Office,France,EU,Central,OFF-BI-10003899,Office Supplies,Binders,56,2,0,0,8.52,High,2011
ID-2011-34996,2011-04-29,2011-05-03,Standard Class,Charles Sheldon,Corporate,Australia,APAC,Oceania,OFF-PA-10002109,Office Supplies,Paper,150,7,0.1,-16.67,8.44,Medium,2011
CA-2011-142727,2011-04-29,2011-05-01,Second Class,Harry Greene,Consumer,United States,US,South,FUR-CH-10002304,Furniture,Chairs,52,2,0,12.99,7.56,Medium,2011
ES-2011-4920475,2011-04-29,2011-05-03,Standard Class,Greg Maxwell,Corporate,France,EU,Central,OFF-SU-10004087,Office Supplies,Supplies,66,3,0,14.4,7.15,Medium,2011
ES-2011-2994694,2011-04-29,2011-05-03,Standard Class,Saphhira Shifley,Corporate,Italy,EU,South,OFF-AR-10001759,Office Supplies,Art,93,2,0,43.92,6.11,High,2011
ES-2011-2776937,2011-04-29,2011-05-03,Standard Class,Chad McGuire,Consumer,Italy,EU,South,OFF-BI-10003616,Office Supplies,Binders,145,3,0,17.37,6.01,Medium,2011
ES-2011-5957871,2011-04-29,2011-05-01,First Class,Carol Triggs,Consumer,Belgium,EU,Central,OFF-AR-10003117,Office Supplies,Art,29,1,0,11.88,5.58,High,2011
ES-2011-2755002,2011-04-29,2011-05-03,Standard Class,Speros Goranitis,Consumer,France,EU,Central,OFF-ST-10004702,Office Supplies,Storage,37,4,0.1,7.76,4.86,High,2011
MX-2011-154326,2011-04-29,2011-05-06,Standard Class,Eric Hoffmann,Consumer,Nicaragua,LATAM,Central,OFF-AR-10004109,Office Supplies,Art,66,2,0,26.56,4.38,Medium,2011
CA-2011-118304,2011-04-29,2011-05-04,Standard Class,Katherine Hughes,Consumer,United States,US,East,TEC-PH-10000376,Technology,Phones,20,2,0,5.19,1.92,Medium,2011
CA-2011-142727,2011-04-29,2011-05-01,Second Class,Harry Greene,Consumer,United States,US,South,OFF-BI-10000136,Office Supplies,Binders,18,3,0,8.61,1.9,Medium,2011
CA-2011-134061,2011-04-29,2011-05-04,Standard Class,Lauren Leatherbury,Consumer,United States,US,East,FUR-FU-10001424,Furniture,Furnishings,17,2,0,5.94,1.76,Medium,2011
ES-2011-5268439,2011-04-29,2011-05-01,Second Class,Heather Jas,Home Office,France,EU,Central,OFF-BI-10003763,Office Supplies,Binders,21,2,0,7.02,1.46,High,2011
ES-2011-1140474,2011-04-29,2011-05-05,Standard Class,Russell DAscenzo,Consumer,Switzerland,EU,Central,OFF-LA-10001284,Office Supplies,Labels,15,2,0,0.72,0.55,Medium,2011
CA-2011-160094,2011-04-30,2011-05-02,First Class,Justin MacKendrick,Consumer,United States,US,South,OFF-ST-10000585,Office Supplies,Storage,826,5,0,214.76,194.34,Critical,2011
IN-2011-40652,2011-04-30,2011-05-03,First Class,Russell DAscenzo,Consumer,Australia,APAC,Oceania,FUR-FU-10001933,Furniture,Furnishings,182,8,0.1,40.25,26.36,High,2011
UP-2011-870,2011-04-30,2011-05-06,Standard Class,Ann Chong,Corporate,Ukraine,EMEA,EMEA,FUR-NOV-10003053,Furniture,Chairs,96,2,0,23.1,10.01,Low,2011
NI-2011-5380,2011-04-30,2011-05-04,Standard Class,Brooke Gillingham,Corporate,Nigeria,Africa,Africa,FUR-ELD-10002511,Furniture,Furnishings,70,4,0.7,-148.96,6.18,Medium,2011
CA-2011-156006,2011-04-30,2011-05-02,Second Class,Tamara Manning,Consumer,United States,US,South,TEC-AC-10002550,Technology,Accessories,48,3,0,16.25,3.79,High,2011
CA-2011-160094,2011-04-30,2011-05-02,First Class,Justin MacKendrick,Consumer,United States,US,South,OFF-AR-10004010,Office Supplies,Art,175,5,0,45.49,3.59,Critical,2011
NI-2011-5380,2011-04-30,2011-05-04,Standard Class,Brooke Gillingham,Corporate,Nigeria,Africa,Africa,FUR-NOV-10004563,Furniture,Chairs,52,4,0.7,-45.32,3.48,Medium,2011
IN-2011-40652,2011-04-30,2011-05-03,First Class,Russell DAscenzo,Consumer,Australia,APAC,Oceania,FUR-CH-10004306,Furniture,Chairs,44,1,0.1,5.92,2.87,High,2011
IN-2011-44803,2011-05-02,2011-05-03,First Class,Jason Klamczynski,Corporate,China,APAC,North Asia,FUR-CH-10000027,Furniture,Chairs,2754,6,0,358.02,752.47,Critical,2011
IN-2011-44803,2011-05-02,2011-05-03,First Class,Jason Klamczynski,Corporate,China,APAC,North Asia,OFF-AP-10002306,Office Supplies,Appliances,1057,2,0,454.62,162.08,Critical,2011
CA-2011-124618,2011-05-02,2011-05-04,Second Class,Cari Schnelling,Consumer,United States,US,South,TEC-CO-10004202,Technology,Copiers,480,2,0.2,90,122.9,Critical,2011
ES-2011-2111237,2011-05-02,2011-05-06,Standard Class,Bill Donatelli,Consumer,France,EU,Central,OFF-AP-10002361,Office Supplies,Appliances,1389,5,0.1,154.23,102.56,Medium,2011
IN-2011-44803,2011-05-02,2011-05-03,First Class,Jason Klamczynski,Corporate,China,APAC,North Asia,FUR-CH-10004572,Furniture,Chairs,246,4,0,93.6,80.66,Critical,2011
UP-2011-3170,2011-05-02,2011-05-04,First Class,Richard Bierner,Consumer,Ukraine,EMEA,EMEA,TEC-CIS-10000351,Technology,Phones,309,2,0,18.54,75.59,Critical,2011
IN-2011-44656,2011-05-02,2011-05-04,First Class,Roger Demir,Consumer,Singapore,APAC,Southeast Asia,TEC-CO-10003992,Technology,Copiers,521,4,0,36.36,75.19,Critical,2011
IN-2011-44803,2011-05-02,2011-05-03,First Class,Jason Klamczynski,Corporate,China,APAC,North Asia,TEC-AC-10000483,Technology,Accessories,337,3,0,10.08,72.64,Critical,2011
UP-2011-3170,2011-05-02,2011-05-04,First Class,Richard Bierner,Consumer,Ukraine,EMEA,EMEA,TEC-APP-10001965,Technology,Phones,266,4,0,117.12,60.9,Critical,2011
IN-2011-44803,2011-05-02,2011-05-03,First Class,Jason Klamczynski,Corporate,China,APAC,North Asia,FUR-FU-10003939,Furniture,Furnishings,156,3,0,55.98,52.26,Critical,2011
IN-2011-37481,2011-05-02,2011-05-05,Second Class,Rick Hansen,Consumer,Indonesia,APAC,Southeast Asia,OFF-ST-10004365,Office Supplies,Storage,236,5,0.17,85.28,47.87,High,2011
UP-2011-3170,2011-05-02,2011-05-04,First Class,Richard Bierner,Consumer,Ukraine,EMEA,EMEA,FUR-IKE-10003642,Furniture,Bookcases,288,2,0,8.58,28.14,Critical,2011
IN-2011-44803,2011-05-02,2011-05-03,First Class,Jason Klamczynski,Corporate,China,APAC,North Asia,OFF-SU-10001731,Office Supplies,Supplies,81,3,0,30.6,25.85,Critical,2011
IN-2011-17202,2011-05-02,2011-05-07,Standard Class,Valerie Dominguez,Consumer,Myanmar (Burma),APAC,Southeast Asia,FUR-CH-10003965,Furniture,Chairs,477,5,0.27,78.36,24.43,Medium,2011
IN-2011-44803,2011-05-02,2011-05-03,First Class,Jason Klamczynski,Corporate,China,APAC,North Asia,OFF-SU-10001869,Office Supplies,Supplies,115,5,0,2.25,21.48,Critical,2011
NI-2011-2380,2011-05-02,2011-05-04,First Class,Rick Huthwaite,Home Office,Nigeria,Africa,Africa,TEC-MEM-10002005,Technology,Accessories,73,1,0.7,-97.61,20.54,Critical,2011
ES-2011-4549921,2011-05-02,2011-05-09,Standard Class,Jay Fein,Consumer,Germany,EU,Central,TEC-MA-10000686,Technology,Machines,162,2,0,72.84,19.04,Low,2011
CG-2011-5080,2011-05-02,2011-05-07,Standard Class,George Ashbrook,Consumer,Democratic Republic of the Congo,Africa,Africa,OFF-BOS-10001711,Office Supplies,Art,98,2,0,28.32,9.89,High,2011
CA-2011-115056,2011-05-02,2011-05-02,Same Day,Andrew Roberts,Consumer,United States,US,East,OFF-AP-10003971,Office Supplies,Appliances,26,3,0.2,1.96,6.94,High,2011
UP-2011-3170,2011-05-02,2011-05-04,First Class,Richard Bierner,Consumer,Ukraine,EMEA,EMEA,OFF-BIC-10001510,Office Supplies,Art,59,2,0,2.88,6.42,Critical,2011
CG-2011-5080,2011-05-02,2011-05-07,Standard Class,George Ashbrook,Consumer,Democratic Republic of the Congo,Africa,Africa,OFF-CAR-10000202,Office Supplies,Binders,49,1,0,19.68,3.67,High,2011
IN-2011-17202,2011-05-02,2011-05-07,Standard Class,Valerie Dominguez,Consumer,Myanmar (Burma),APAC,Southeast Asia,OFF-LA-10000635,Office Supplies,Labels,49,5,0.17,13.63,3.11,Medium,2011
ID-2011-42031,2011-05-02,2011-05-07,Standard Class,Paul Lucas,Home Office,Philippines,APAC,Southeast Asia,OFF-FA-10001521,Office Supplies,Fasteners,24,4,0.45,-11.48,2.83,High,2011
IN-2011-17202,2011-05-02,2011-05-07,Standard Class,Valerie Dominguez,Consumer,Myanmar (Burma),APAC,Southeast Asia,OFF-FA-10002015,Office Supplies,Fasteners,23,2,0.17,-1.15,1.44,Medium,2011
TZ-2011-4790,2011-05-03,2011-05-05,First Class,Toby Ritter,Consumer,Tanzania,Africa,Africa,TEC-HEW-10001074,Technology,Copiers,643,2,0,224.94,205.74,Critical,2011
ES-2011-2132896,2011-05-03,2011-05-07,Second Class,Muhammed MacIntyre,Corporate,Germany,EU,Central,TEC-PH-10000705,Technology,Phones,533,7,0,111.72,115.66,High,2011
ES-2011-2132896,2011-05-03,2011-05-07,Second Class,Muhammed MacIntyre,Corporate,Germany,EU,Central,OFF-ST-10004060,Office Supplies,Storage,534,3,0.1,231.59,53.73,High,2011
CA-2011-5840,2011-05-03,2011-05-09,Standard Class,Cindy Chapman,Consumer,Canada,Canada,Canada,TEC-STA-10004181,Technology,Machines,600,2,0,66,52.98,Medium,2011
TZ-2011-4790,2011-05-03,2011-05-05,First Class,Toby Ritter,Consumer,Tanzania,Africa,Africa,TEC-EPS-10001644,Technology,Machines,146,2,0.1,6.46,48.25,Critical,2011
TZ-2011-4790,2011-05-03,2011-05-05,First Class,Toby Ritter,Consumer,Tanzania,Africa,Africa,OFF-TEN-10000433,Office Supplies,Storage,183,1,0.1,42.65,34.03,Critical,2011
IN-2011-72215,2011-05-03,2011-05-08,Standard Class,Jim Radford,Consumer,China,APAC,North Asia,FUR-BO-10002308,Furniture,Bookcases,589,3,0,117.72,26.78,Medium,2011
TZ-2011-4790,2011-05-03,2011-05-05,First Class,Toby Ritter,Consumer,Tanzania,Africa,Africa,OFF-ELD-10004625,Office Supplies,Storage,86,2,0.1,7.63,25.32,Critical,2011
ES-2011-2132896,2011-05-03,2011-05-07,Second Class,Muhammed MacIntyre,Corporate,Germany,EU,Central,TEC-MA-10003856,Technology,Machines,99,2,0,28.62,17.35,High,2011
IN-2011-72215,2011-05-03,2011-05-08,Standard Class,Jim Radford,Consumer,China,APAC,North Asia,OFF-ST-10004315,Office Supplies,Storage,423,2,0,21.12,17.25,Medium,2011
CG-2011-9150,2011-05-03,2011-05-07,Standard Class,Erica Hackney,Consumer,Democratic Republic of the Congo,Africa,Africa,OFF-STA-10003756,Office Supplies,Art,89,2,0,29.28,16.76,High,2011
CG-2011-9150,2011-05-03,2011-05-07,Standard Class,Erica Hackney,Consumer,Democratic Republic of the Congo,Africa,Africa,OFF-ADV-10004598,Office Supplies,Fasteners,107,8,0,25.68,15.89,High,2011
IN-2011-81595,2011-05-03,2011-05-08,Standard Class,Anthony Johnson,Corporate,Australia,APAC,Oceania,OFF-ST-10000806,Office Supplies,Storage,117,2,0,17.46,9.78,Medium,2011
MX-2011-112277,2011-05-03,2011-05-08,Standard Class,Anne McFarland,Consumer,Mexico,LATAM,North,OFF-EN-10001771,Office Supplies,Envelopes,176,7,0,50.82,8.3,Medium,2011
MX-2011-131856,2011-05-03,2011-05-07,Standard Class,Joseph Holt,Consumer,Nicaragua,LATAM,Central,OFF-SU-10002169,Office Supplies,Supplies,55,3,0,20.22,7.93,High,2011
MX-2011-131856,2011-05-03,2011-05-07,Standard Class,Joseph Holt,Consumer,Nicaragua,LATAM,Central,OFF-PA-10000935,Office Supplies,Paper,62,3,0,4.98,7.89,High,2011
TZ-2011-4790,2011-05-03,2011-05-05,First Class,Toby Ritter,Consumer,Tanzania,Africa,Africa,FUR-ELD-10003828,Furniture,Furnishings,24,1,0,2.85,7.14,Critical,2011
CA-2011-5840,2011-05-03,2011-05-09,Standard Class,Cindy Chapman,Consumer,Canada,Canada,Canada,OFF-ACC-10000102,Office Supplies,Binders,101,2,0,11.1,6.8,Medium,2011
IN-2011-72215,2011-05-03,2011-05-08,Standard Class,Jim Radford,Consumer,China,APAC,North Asia,OFF-EN-10001975,Office Supplies,Envelopes,49,3,0,6.39,5.85,Medium,2011
BY-2011-3790,2011-05-03,2011-05-07,Standard Class,Mark Van Huff,Consumer,Burundi,Africa,Africa,FUR-DEF-10000810,Furniture,Furnishings,51,2,0,22.8,5.68,High,2011
MX-2011-112277,2011-05-03,2011-05-08,Standard Class,Anne McFarland,Consumer,Mexico,LATAM,North,FUR-CH-10001130,Furniture,Chairs,97,1,0.2,-8.52,4.54,Medium,2011
TZ-2011-4790,2011-05-03,2011-05-05,First Class,Toby Ritter,Consumer,Tanzania,Africa,Africa,OFF-IBI-10004916,Office Supplies,Binders,28,2,0,10.32,3.89,Critical,2011
IN-2011-56486,2011-05-03,2011-05-09,Standard Class,Janet Molinari,Corporate,Vietnam,APAC,Southeast Asia,TEC-PH-10004578,Technology,Phones,54,1,0.17,4.56,2.95,Medium,2011
IN-2011-72215,2011-05-03,2011-05-08,Standard Class,Jim Radford,Consumer,China,APAC,North Asia,OFF-AR-10000097,Office Supplies,Art,146,3,0,4.32,2.88,Medium,2011
MX-2011-131856,2011-05-03,2011-05-07,Standard Class,Joseph Holt,Consumer,Nicaragua,LATAM,Central,OFF-FA-10003058,Office Supplies,Fasteners,27,3,0,1.32,2.78,High,2011
CA-2011-135755,2011-05-03,2011-05-10,Standard Class,Nathan Cano,Consumer,United States,US,East,OFF-BI-10004828,Office Supplies,Binders,40,3,0.2,14.56,2.54,Medium,2011
IN-2011-81595,2011-05-03,2011-05-08,Standard Class,Anthony Johnson,Corporate,Australia,APAC,Oceania,OFF-ST-10004141,Office Supplies,Storage,60,2,0,3.54,2.17,Medium,2011
ID-2011-54176,2011-05-03,2011-05-09,Standard Class,Andrew Roberts,Consumer,Australia,APAC,Oceania,OFF-BI-10001399,Office Supplies,Binders,28,3,0.1,2.15,1.94,Medium,2011
ID-2011-54176,2011-05-03,2011-05-09,Standard Class,Andrew Roberts,Consumer,Australia,APAC,Oceania,OFF-LA-10004430,Office Supplies,Labels,32,3,0.1,13.1,1.6,Medium,2011
CA-2011-130274,2011-05-03,2011-05-05,First Class,Joni Sundaresam,Home Office,United States,US,Central,OFF-LA-10002195,Office Supplies,Labels,22,7,0,10.35,1.21,High,2011
CG-2011-9150,2011-05-03,2011-05-07,Standard Class,Erica Hackney,Consumer,Democratic Republic of the Congo,Africa,Africa,OFF-ELD-10000024,Office Supplies,Storage,17,1,0,2.88,1.21,High,2011
CA-2011-135755,2011-05-03,2011-05-10,Standard Class,Nathan Cano,Consumer,United States,US,East,OFF-BI-10003981,Office Supplies,Binders,11,3,0.2,3.95,0.9,Medium,2011
ID-2011-54176,2011-05-03,2011-05-09,Standard Class,Andrew Roberts,Consumer,Australia,APAC,Oceania,OFF-BI-10000168,Office Supplies,Binders,15,3,0.1,2.52,0.7,Medium,2011
ID-2011-54176,2011-05-03,2011-05-09,Standard Class,Andrew Roberts,Consumer,Australia,APAC,Oceania,OFF-BI-10000168,Office Supplies,Binders,15,3,0.1,2.52,0.64,Medium,2011
MX-2011-134705,2011-05-04,2011-05-08,Standard Class,Xylona Preis,Consumer,El Salvador,LATAM,Central,FUR-TA-10003926,Furniture,Tables,2834,10,0.2,35.36,269.94,High,2011
ES-2011-5276461,2011-05-04,2011-05-10,Standard Class,Denny Joy,Corporate,Germany,EU,Central,FUR-BO-10000279,Furniture,Bookcases,1113,3,0.1,259.59,170.12,Low,2011
ES-2011-3249098,2011-05-04,2011-05-08,Standard Class,Sarah Foster,Consumer,United Kingdom,EU,North,TEC-MA-10000161,Technology,Machines,1413,5,0.1,502.5,161.76,High,2011
ES-2011-3431770,2011-05-04,2011-05-07,Second Class,Stuart Calhoun,Consumer,Germany,EU,Central,TEC-CO-10000500,Technology,Copiers,379,2,0,26.52,58.73,High,2011
ES-2011-4182812,2011-05-04,2011-05-08,Standard Class,Tracy Zic,Consumer,Germany,EU,Central,TEC-MA-10003923,Technology,Machines,369,3,0,14.76,32.71,High,2011
ES-2011-4182812,2011-05-04,2011-05-08,Standard Class,Tracy Zic,Consumer,Germany,EU,Central,OFF-AR-10001533,Office Supplies,Art,229,5,0,105.15,26.68,High,2011
ES-2011-4182812,2011-05-04,2011-05-08,Standard Class,Tracy Zic,Consumer,Germany,EU,Central,OFF-AR-10003829,Office Supplies,Art,188,8,0,63.6,20.83,High,2011
ID-2011-74721,2011-05-04,2011-05-05,First Class,Harry Greene,Consumer,Indonesia,APAC,Southeast Asia,OFF-FA-10001010,Office Supplies,Fasteners,82,8,0.47,-32.68,20.1,High,2011
ES-2011-2087362,2011-05-04,2011-05-09,Standard Class,Marc Harrigan,Home Office,Germany,EU,Central,FUR-FU-10003651,Furniture,Furnishings,112,5,0,4.35,13.26,Medium,2011
ES-2011-3431770,2011-05-04,2011-05-07,Second Class,Stuart Calhoun,Consumer,Germany,EU,Central,OFF-AR-10001777,Office Supplies,Art,99,2,0,32.64,13.19,High,2011
ID-2011-74721,2011-05-04,2011-05-05,First Class,Harry Greene,Consumer,Indonesia,APAC,Southeast Asia,TEC-MA-10004298,Technology,Machines,42,1,0.17,-8.09,12.86,High,2011
ES-2011-5158527,2011-05-04,2011-05-08,Standard Class,Evan Minnotte,Home Office,Germany,EU,Central,TEC-PH-10002586,Technology,Phones,65,1,0,2.58,11.73,High,2011
CA-2011-111899,2011-05-04,2011-05-05,First Class,Nat Carroll,Consumer,United States,US,Central,OFF-AR-10001725,Office Supplies,Art,38,2,0.2,2.84,8.83,Critical,2011
ID-2011-74721,2011-05-04,2011-05-05,First Class,Harry Greene,Consumer,Indonesia,APAC,Southeast Asia,OFF-AP-10002017,Office Supplies,Appliances,56,1,0.17,0.64,7.34,High,2011
ES-2011-5276461,2011-05-04,2011-05-10,Standard Class,Denny Joy,Corporate,Germany,EU,Central,OFF-AR-10000266,Office Supplies,Art,55,2,0,4.38,6.42,Low,2011
CA-2011-155271,2011-05-04,2011-05-04,Same Day,Andrew Allen,Consumer,United States,US,East,FUR-FU-10001473,Furniture,Furnishings,27,2,0,9.89,6.23,High,2011
ES-2011-5158527,2011-05-04,2011-05-08,Standard Class,Evan Minnotte,Home Office,Germany,EU,Central,OFF-LA-10003210,Office Supplies,Labels,35,4,0,10.8,5.92,High,2011
SU-2011-8360,2011-05-04,2011-05-10,Standard Class,Erin Smith,Corporate,Sudan,Africa,Africa,OFF-HOO-10003338,Office Supplies,Appliances,97,1,0,35.94,5.91,Medium,2011
SF-2011-9350,2011-05-04,2011-05-08,Standard Class,Guy Thornton,Consumer,South Africa,Africa,Africa,OFF-STA-10001636,Office Supplies,Art,25,1,0,8.37,4.47,High,2011
CA-2011-117709,2011-05-04,2011-05-08,Standard Class,Paul MacIntyre,Consumer,United States,US,Central,OFF-BI-10001294,Office Supplies,Binders,47,4,0,21.06,2.49,Medium,2011
ES-2011-5276461,2011-05-04,2011-05-10,Standard Class,Denny Joy,Corporate,Germany,EU,Central,OFF-AR-10002433,Office Supplies,Art,31,3,0,13.59,2.47,Low,2011
ES-2011-2087362,2011-05-04,2011-05-09,Standard Class,Marc Harrigan,Home Office,Germany,EU,Central,OFF-LA-10001633,Office Supplies,Labels,26,3,0,10.08,2.37,Medium,2011
ES-2011-3581861,2011-05-04,2011-05-06,Second Class,Andrew Gjertsen,Corporate,Italy,EU,South,FUR-FU-10004313,Furniture,Furnishings,76,3,0,30.24,2.21,Medium,2011
US-2011-148194,2011-05-04,2011-05-07,First Class,Bill Shonely,Corporate,United States,US,West,FUR-FU-10001852,Furniture,Furnishings,12,7,0,3.9,2.13,Medium,2011
CA-2011-111899,2011-05-04,2011-05-05,First Class,Nat Carroll,Consumer,United States,US,Central,OFF-FA-10000840,Office Supplies,Fasteners,5,6,0.2,1.85,1.68,Critical,2011
US-2011-148194,2011-05-04,2011-05-07,First Class,Bill Shonely,Corporate,United States,US,West,OFF-AP-10000696,Office Supplies,Appliances,58,4,0,19.03,1.24,Medium,2011
ES-2011-5793145,2011-05-05,2011-05-10,Standard Class,Steve Chapman,Corporate,Austria,EU,Central,TEC-CO-10000660,Technology,Copiers,1047,4,0,523.68,90.56,Medium,2011
ES-2011-5793145,2011-05-05,2011-05-10,Standard Class,Steve Chapman,Corporate,Austria,EU,Central,TEC-CO-10002601,Technology,Copiers,382,2,0,53.46,27.93,Medium,2011
MX-2011-109596,2011-05-05,2011-05-11,Standard Class,Patrick Jones,Corporate,Nicaragua,LATAM,Central,FUR-BO-10001646,Furniture,Bookcases,298,3,0,113.16,15.87,Medium,2011
IT-2011-2558119,2011-05-05,2011-05-11,Standard Class,Tonja Turnell,Home Office,Germany,EU,Central,FUR-FU-10000135,Furniture,Furnishings,311,6,0,86.94,15.75,Medium,2011
IN-2011-77549,2011-05-05,2011-05-10,Standard Class,Craig Carreira,Consumer,Pakistan,APAC,Central Asia,FUR-CH-10004580,Furniture,Chairs,139,3,0.2,19.06,14.34,Medium,2011
CA-2011-110219,2011-05-05,2011-05-08,First Class,Emily Burns,Consumer,United States,US,Central,FUR-CH-10001146,Furniture,Chairs,128,3,0.3,-9.13,9.93,High,2011
IT-2011-2558119,2011-05-05,2011-05-11,Standard Class,Tonja Turnell,Home Office,Germany,EU,Central,OFF-AR-10001269,Office Supplies,Art,89,3,0,31.05,9.54,Medium,2011
AU-2011-4210,2011-05-05,2011-05-09,Second Class,Paul MacIntyre,Consumer,Austria,EMEA,EMEA,FUR-HON-10003653,Furniture,Chairs,79,1,0,23.67,5.87,Medium,2011
IT-2011-2558119,2011-05-05,2011-05-11,Standard Class,Tonja Turnell,Home Office,Germany,EU,Central,OFF-PA-10003994,Office Supplies,Paper,56,2,0,16.74,5.55,Medium,2011
SF-2011-3360,2011-05-05,2011-05-11,Standard Class,Maribeth Yedwab,Corporate,South Africa,Africa,Africa,OFF-IBI-10000099,Office Supplies,Binders,60,4,0,5.28,5.22,Medium,2011
IT-2011-2558119,2011-05-05,2011-05-11,Standard Class,Tonja Turnell,Home Office,Germany,EU,Central,OFF-AR-10001418,Office Supplies,Art,107,4,0,29.88,5.08,Medium,2011
IT-2011-2558119,2011-05-05,2011-05-11,Standard Class,Tonja Turnell,Home Office,Germany,EU,Central,OFF-EN-10003465,Office Supplies,Envelopes,70,3,0,4.14,4.61,Medium,2011
CA-2011-111934,2011-05-05,2011-05-07,First Class,Giulietta Dortch,Corporate,United States,US,South,OFF-PA-10000474,Office Supplies,Paper,35,1,0,16.66,4.45,High,2011
IT-2011-2558119,2011-05-05,2011-05-11,Standard Class,Tonja Turnell,Home Office,Germany,EU,Central,OFF-ST-10003132,Office Supplies,Storage,53,3,0.1,3.46,4.01,Medium,2011
AU-2011-4210,2011-05-05,2011-05-09,Second Class,Paul MacIntyre,Consumer,Austria,EMEA,EMEA,OFF-ROG-10000332,Office Supplies,Storage,24,1,0,2.88,3,Medium,2011
CA-2011-166457,2011-05-05,2011-05-09,Second Class,Peter Fuller,Consumer,United States,US,South,OFF-PA-10001363,Office Supplies,Paper,25,2,0,11.54,2.4,Medium,2011
CA-2011-111934,2011-05-05,2011-05-07,First Class,Giulietta Dortch,Corporate,United States,US,South,OFF-BI-10004364,Office Supplies,Binders,12,2,0,5.35,1.69,High,2011
CA-2011-160738,2011-05-05,2011-05-10,Standard Class,Katharine Harms,Corporate,United States,US,Central,OFF-ST-10003442,Office Supplies,Storage,45,2,0.2,3.96,1.56,Medium,2011
SF-2011-3360,2011-05-05,2011-05-11,Standard Class,Maribeth Yedwab,Corporate,South Africa,Africa,Africa,OFF-ELI-10001507,Office Supplies,Supplies,22,1,0,4.8,1.46,Medium,2011
CA-2011-166457,2011-05-05,2011-05-09,Second Class,Peter Fuller,Consumer,United States,US,South,OFF-PA-10003016,Office Supplies,Paper,9,3,0,4.24,0.56,Medium,2011
CA-2011-166457,2011-05-05,2011-05-09,Second Class,Peter Fuller,Consumer,United States,US,South,OFF-AR-10003651,Office Supplies,Art,7,2,0,1.9,0.34,Medium,2011
IN-2011-28654,2011-05-06,2011-05-10,Standard Class,Tamara Chand,Corporate,China,APAC,North Asia,TEC-CO-10002697,Technology,Copiers,1131,3,0,327.96,76.57,High,2011
MX-2011-132584,2011-05-06,2011-05-08,First Class,Christine Phan,Corporate,Cuba,LATAM,Caribbean,FUR-BO-10002378,Furniture,Bookcases,188,2,0,16.88,59.76,Critical,2011
MX-2011-132584,2011-05-06,2011-05-08,First Class,Christine Phan,Corporate,Cuba,LATAM,Caribbean,TEC-CO-10001560,Technology,Copiers,200,2,0,55.64,56.73,Critical,2011
IN-2011-28654,2011-05-06,2011-05-10,Standard Class,Tamara Chand,Corporate,China,APAC,North Asia,FUR-BO-10001155,Furniture,Bookcases,424,3,0,25.38,53.34,High,2011
RO-2011-6750,2011-05-06,2011-05-11,Standard Class,Bryan Spruell,Home Office,Romania,EMEA,EMEA,OFF-SME-10004702,Office Supplies,Storage,514,4,0,143.76,47.52,Medium,2011
RO-2011-6750,2011-05-06,2011-05-11,Standard Class,Bryan Spruell,Home Office,Romania,EMEA,EMEA,OFF-KIT-10003611,Office Supplies,Appliances,570,1,0,159.63,38.68,Medium,2011
IN-2011-10419,2011-05-06,2011-05-12,Standard Class,Alejandro Savely,Corporate,China,APAC,North Asia,TEC-MA-10000317,Technology,Machines,323,3,0,6.39,37.29,Medium,2011
QA-2011-3520,2011-05-06,2011-05-08,First Class,Tony Chapman,Home Office,Qatar,EMEA,EMEA,OFF-SAN-10004881,Office Supplies,Art,163,6,0,81.18,34.36,High,2011
RO-2011-6750,2011-05-06,2011-05-11,Standard Class,Bryan Spruell,Home Office,Romania,EMEA,EMEA,FUR-SAU-10004653,Furniture,Bookcases,436,1,0,178.74,18.42,Medium,2011
MX-2011-132584,2011-05-06,2011-05-08,First Class,Christine Phan,Corporate,Cuba,LATAM,Caribbean,OFF-AR-10000399,Office Supplies,Art,48,4,0,9.04,18.28,Critical,2011
IN-2011-25224,2011-05-06,2011-05-10,Standard Class,Lisa DeCherney,Consumer,South Korea,APAC,North Asia,FUR-BO-10001753,Furniture,Bookcases,387,4,0.2,116.16,14.54,High,2011
RO-2011-2520,2011-05-06,2011-05-11,Standard Class,Annie Thurman,Consumer,Romania,EMEA,EMEA,TEC-NOK-10002555,Technology,Phones,167,1,0,46.71,13.93,Medium,2011
CA-2011-121664,2011-05-06,2011-05-10,Standard Class,Harold Pawlan,Home Office,United States,US,West,OFF-BI-10003684,Office Supplies,Binders,141,8,0.2,52.78,12.51,Medium,2011
IN-2011-28654,2011-05-06,2011-05-10,Standard Class,Tamara Chand,Corporate,China,APAC,North Asia,FUR-FU-10004182,Furniture,Furnishings,252,8,0,108.24,11.19,High,2011
IN-2011-10419,2011-05-06,2011-05-12,Standard Class,Alejandro Savely,Corporate,China,APAC,North Asia,TEC-PH-10003927,Technology,Phones,167,1,0,63.36,11.06,Medium,2011
US-2011-154879,2011-05-06,2011-05-11,Standard Class,Steve Nguyen,Home Office,United States,US,West,OFF-AR-10001897,Office Supplies,Art,108,6,0,30.22,10.88,Medium,2011
MX-2011-106159,2011-05-06,2011-05-08,Second Class,Steve Nguyen,Home Office,Nicaragua,LATAM,Central,FUR-CH-10000265,Furniture,Chairs,91,2,0,20.92,10.57,High,2011
ES-2011-3634665,2011-05-06,2011-05-10,Standard Class,Hunter Lopez,Consumer,France,EU,Central,FUR-FU-10001200,Furniture,Furnishings,151,3,0,2.97,10.55,High,2011
IN-2011-10419,2011-05-06,2011-05-12,Standard Class,Alejandro Savely,Corporate,China,APAC,North Asia,TEC-AC-10003895,Technology,Accessories,161,4,0,70.8,8.32,Medium,2011
ES-2011-5867278,2011-05-06,2011-05-08,First Class,Rose OBrian,Consumer,United Kingdom,EU,North,OFF-FA-10001097,Office Supplies,Fasteners,34,3,0,0.27,6.24,High,2011
IN-2011-45041,2011-05-06,2011-05-10,Standard Class,Magdelene Morse,Consumer,India,APAC,Central Asia,OFF-BI-10002446,Office Supplies,Binders,78,6,0,14.76,4.67,Medium,2011
QA-2011-3520,2011-05-06,2011-05-08,First Class,Tony Chapman,Home Office,Qatar,EMEA,EMEA,OFF-STA-10002654,Office Supplies,Art,25,1,0,7.92,4.43,High,2011
UP-2011-6400,2011-05-06,2011-05-10,Standard Class,Craig Yedwab,Corporate,Ukraine,EMEA,EMEA,OFF-IBI-10001123,Office Supplies,Binders,31,1,0,8.61,3.49,Medium,2011
RO-2011-6750,2011-05-06,2011-05-11,Standard Class,Bryan Spruell,Home Office,Romania,EMEA,EMEA,OFF-ACC-10000233,Office Supplies,Binders,61,4,0,8.4,3.06,Medium,2011
IN-2011-10419,2011-05-06,2011-05-12,Standard Class,Alejandro Savely,Corporate,China,APAC,North Asia,OFF-BI-10003475,Office Supplies,Binders,41,6,0,18.72,2.59,Medium,2011
TU-2011-2420,2011-05-06,2011-05-12,Standard Class,Laurel Beltran,Home Office,Turkey,EMEA,EMEA,OFF-GRE-10001521,Office Supplies,Paper,19,2,0.6,-11.4,2.4,Medium,2011
RO-2011-6750,2011-05-06,2011-05-11,Standard Class,Bryan Spruell,Home Office,Romania,EMEA,EMEA,OFF-GRE-10001521,Office Supplies,Paper,24,1,0,8.52,1.3,Medium,2011
ID-2011-82491,2011-05-06,2011-05-10,Standard Class,Lori Olson,Corporate,New Zealand,APAC,Oceania,OFF-ST-10003808,Office Supplies,Storage,11,2,0.4,-3.38,1.09,High,2011
TU-2011-2420,2011-05-06,2011-05-12,Standard Class,Laurel Beltran,Home Office,Turkey,EMEA,EMEA,FUR-DEF-10002865,Furniture,Furnishings,14,2,0.6,-3.55,1.09,Medium,2011
US-2011-154879,2011-05-06,2011-05-11,Standard Class,Steve Nguyen,Home Office,United States,US,West,OFF-LA-10004425,Office Supplies,Labels,6,2,0,2.72,0.33,Medium,2011
CA-2011-166086,2011-05-07,2011-05-12,Standard Class,Carol Triggs,Consumer,United States,US,East,FUR-CH-10004675,Furniture,Chairs,872,4,0,244.25,74.39,High,2011
CG-2011-2090,2011-05-07,2011-05-09,First Class,Roger Barcio,Home Office,Democratic Republic of the Congo,Africa,Africa,FUR-IKE-10000521,Furniture,Bookcases,414,1,0,132.54,48.6,Medium,2011
ES-2011-3403155,2011-05-07,2011-05-09,Second Class,Tracy Blumstein,Consumer,Spain,EU,South,TEC-PH-10004810,Technology,Phones,224,2,0.1,34.85,28.37,Critical,2011
CA-2011-166086,2011-05-07,2011-05-12,Standard Class,Carol Triggs,Consumer,United States,US,East,FUR-TA-10003469,Furniture,Tables,194,2,0.3,-38.85,21.73,High,2011
ES-2011-3403155,2011-05-07,2011-05-09,Second Class,Tracy Blumstein,Consumer,Spain,EU,South,OFF-EN-10003360,Office Supplies,Envelopes,82,2,0,19.74,20.02,Critical,2011
IT-2011-3053644,2011-05-07,2011-05-12,Second Class,Dianna Arnett,Home Office,Netherlands,EU,Central,OFF-BI-10004328,Office Supplies,Binders,171,7,0.5,-48.09,7.48,Medium,2011
CA-2011-166086,2011-05-07,2011-05-12,Standard Class,Carol Triggs,Consumer,United States,US,East,OFF-BI-10001078,Office Supplies,Binders,16,3,0,7.91,2.87,High,2011
CA-2011-166086,2011-05-07,2011-05-12,Standard Class,Carol Triggs,Consumer,United States,US,East,OFF-AR-10002578,Office Supplies,Art,9,3,0,2.51,1.46,High,2011
CA-2011-116666,2011-05-08,2011-05-10,First Class,Kean Thornton,Consumer,United States,US,East,TEC-CO-10001449,Technology,Copiers,1800,5,0.4,240,276.7,Medium,2011
ID-2011-23586,2011-05-08,2011-05-10,Second Class,Mick Crebagga,Consumer,Australia,APAC,Oceania,FUR-TA-10000073,Furniture,Tables,534,3,0.3,-144.89,36.21,High,2011
US-2011-137309,2011-05-08,2011-05-12,Standard Class,Chuck Sachs,Consumer,Honduras,LATAM,Central,TEC-PH-10003935,Technology,Phones,168,3,0.4,-111.82,6.25,Medium,2011
ID-2011-62142,2011-05-09,2011-05-13,Standard Class,James Lanier,Home Office,Thailand,APAC,Southeast Asia,FUR-CH-10002872,Furniture,Chairs,1016,3,0.27,-278.4,78.3,Medium,2011
MX-2011-121251,2011-05-09,2011-05-13,Standard Class,Don Weiss,Consumer,El Salvador,LATAM,Central,TEC-AC-10001341,Technology,Accessories,535,7,0,160.44,69.92,High,2011
MX-2011-121251,2011-05-09,2011-05-13,Standard Class,Don Weiss,Consumer,El Salvador,LATAM,Central,TEC-AC-10001765,Technology,Accessories,534,7,0,26.6,69.08,High,2011
MX-2011-117926,2011-05-09,2011-05-15,Standard Class,Dianna Arnett,Home Office,Mexico,LATAM,North,OFF-ST-10002510,Office Supplies,Storage,677,5,0,33.8,54.83,Medium,2011
MX-2011-122679,2011-05-09,2011-05-13,Standard Class,Greg Matthias,Consumer,Brazil,LATAM,South,TEC-CO-10003002,Technology,Copiers,379,4,0,63.72,32.35,High,2011
TU-2011-4730,2011-05-09,2011-05-13,Standard Class,Nicole Fjeld,Home Office,Turkey,EMEA,EMEA,TEC-EPS-10003962,Technology,Machines,408,6,0.6,-265.39,29.4,Medium,2011
IT-2011-5643162,2011-05-09,2011-05-12,First Class,Kristen Hastings,Corporate,Portugal,EU,South,FUR-FU-10004095,Furniture,Furnishings,170,3,0.5,-81.63,21.98,Medium,2011
ID-2011-62142,2011-05-09,2011-05-13,Standard Class,James Lanier,Home Office,Thailand,APAC,Southeast Asia,FUR-CH-10003354,Furniture,Chairs,159,5,0.27,-56.67,15.97,Medium,2011
CA-2011-158771,2011-05-09,2011-05-09,Same Day,Sean Braxton,Corporate,United States,US,South,OFF-ST-10000107,Office Supplies,Storage,83,3,0,14.99,12.61,Medium,2011
MA-2011-2610,2011-05-09,2011-05-15,Standard Class,Tom Zandusky,Corporate,Madagascar,Africa,Africa,TEC-NOK-10001219,Technology,Phones,139,1,0,41.79,12.34,Medium,2011
ID-2011-62142,2011-05-09,2011-05-13,Standard Class,James Lanier,Home Office,Thailand,APAC,Southeast Asia,FUR-FU-10004283,Furniture,Furnishings,128,4,0.27,-19.39,9.51,Medium,2011
IN-2011-46490,2011-05-09,2011-05-14,Standard Class,Tim Taslimi,Corporate,Australia,APAC,Oceania,OFF-SU-10001762,Office Supplies,Supplies,134,3,0.1,32.79,9.28,Medium,2011
US-2011-102071,2011-05-09,2011-05-15,Standard Class,Patrick Gardner,Consumer,United States,US,West,TEC-AC-10000109,Technology,Accessories,168,3,0,40.31,7.66,Medium,2011
MX-2011-122679,2011-05-09,2011-05-13,Standard Class,Greg Matthias,Consumer,Brazil,LATAM,South,OFF-AR-10004818,Office Supplies,Art,53,3,0,7.44,7.49,High,2011
US-2011-142314,2011-05-09,2011-05-14,Standard Class,Kelly Lampkin,Corporate,Mexico,LATAM,North,FUR-CH-10004725,Furniture,Chairs,62,2,0.2,-2.34,6.55,Medium,2011
US-2011-102071,2011-05-09,2011-05-15,Standard Class,Patrick Gardner,Consumer,United States,US,West,TEC-AC-10003441,Technology,Accessories,68,4,0,4.07,5.66,Medium,2011
TU-2011-4730,2011-05-09,2011-05-13,Standard Class,Nicole Fjeld,Home Office,Turkey,EMEA,EMEA,TEC-BRO-10000463,Technology,Copiers,105,1,0.6,-44.84,5.17,Medium,2011
NI-2011-4460,2011-05-09,2011-05-12,First Class,Kean Nguyen,Corporate,Nigeria,Africa,Africa,OFF-ACC-10001281,Office Supplies,Fasteners,12,2,0.7,-8.95,2.66,Medium,2011
CA-2011-158771,2011-05-09,2011-05-09,Same Day,Sean Braxton,Corporate,United States,US,South,OFF-LA-10003121,Office Supplies,Labels,21,5,0,9.5,2.61,Medium,2011
CA-2011-158771,2011-05-09,2011-05-09,Same Day,Sean Braxton,Corporate,United States,US,South,OFF-PA-10002689,Office Supplies,Paper,45,7,0,21.77,2.47,Medium,2011
IT-2011-2204228,2011-05-09,2011-05-14,Standard Class,Peter Fuller,Consumer,Sweden,EU,North,OFF-AR-10001578,Office Supplies,Art,26,2,0.5,-7.77,2.18,Medium,2011
US-2011-142314,2011-05-09,2011-05-14,Standard Class,Kelly Lampkin,Corporate,Mexico,LATAM,North,OFF-SU-10002670,Office Supplies,Supplies,72,3,0,23.7,2.05,Medium,2011
CA-2011-158771,2011-05-09,2011-05-09,Same Day,Sean Braxton,Corporate,United States,US,South,OFF-LA-10001641,Office Supplies,Labels,9,3,0,4.54,0.53,Medium,2011
ID-2011-25287,2011-05-09,2011-05-15,Standard Class,Shaun Chance,Corporate,Indonesia,APAC,Southeast Asia,OFF-LA-10003236,Office Supplies,Labels,15,6,0.47,-3.68,0.48,Medium,2011
CA-2011-103310,2011-05-10,2011-05-15,Standard Class,Greg Matthias,Consumer,United States,US,West,TEC-PH-10001817,Technology,Phones,1432,5,0.2,125.3,88.7,Medium,2011
IT-2011-2660642,2011-05-10,2011-05-12,Second Class,Michelle Lonsdale,Corporate,Sweden,EU,North,OFF-ST-10002566,Office Supplies,Storage,610,6,0.5,-231.84,71.32,Critical,2011
IT-2011-1460998,2011-05-10,2011-05-10,Same Day,Bart Watters,Corporate,Spain,EU,South,TEC-MA-10003078,Technology,Machines,470,2,0.1,-31.33,54.13,Critical,2011
CA-2011-114181,2011-05-10,2011-05-14,Second Class,Art Foster,Consumer,United States,US,East,FUR-BO-10004467,Furniture,Bookcases,350,7,0.5,-216.98,39.47,Medium,2011
ID-2011-71851,2011-05-10,2011-05-13,First Class,Michael Kennedy,Corporate,India,APAC,Central Asia,TEC-AC-10004012,Technology,Accessories,118,6,0.5,-18.99,33.93,High,2011
SF-2011-4480,2011-05-10,2011-05-14,Standard Class,Resi Pölking,Consumer,South Africa,Africa,Africa,OFF-TEN-10000794,Office Supplies,Storage,322,6,0,38.52,28.26,Medium,2011
IN-2011-82078,2011-05-10,2011-05-17,Standard Class,Evan Minnotte,Home Office,New Zealand,APAC,Oceania,TEC-MA-10003536,Technology,Machines,195,4,0,23.4,24.8,Low,2011
BU-2011-5830,2011-05-10,2011-05-17,Standard Class,Vivek Sundaresam,Consumer,Bulgaria,EMEA,EMEA,OFF-FEL-10002158,Office Supplies,Storage,317,12,0,158.4,20.02,Medium,2011
ES-2011-3793897,2011-05-10,2011-05-15,Standard Class,Clay Cheatham,Consumer,France,EU,Central,TEC-MA-10000003,Technology,Machines,220,3,0.15,69.88,17.33,Medium,2011
CA-2011-103310,2011-05-10,2011-05-15,Standard Class,Greg Matthias,Consumer,United States,US,West,FUR-CH-10002320,Furniture,Chairs,257,1,0.2,32.1,15.16,Medium,2011
IT-2011-2660642,2011-05-10,2011-05-12,Second Class,Michelle Lonsdale,Corporate,Sweden,EU,North,OFF-AR-10002094,Office Supplies,Art,44,3,0.5,-32.49,13.98,Critical,2011
IN-2011-12967,2011-05-10,2011-05-15,Standard Class,Pamela Stobb,Consumer,Australia,APAC,Oceania,OFF-AP-10002128,Office Supplies,Appliances,135,3,0.4,22.41,13.75,Medium,2011
IT-2011-2660642,2011-05-10,2011-05-12,Second Class,Michelle Lonsdale,Corporate,Sweden,EU,North,OFF-PA-10004267,Office Supplies,Paper,39,4,0.5,-17.22,12.78,Critical,2011
CA-2011-159709,2011-05-10,2011-05-15,Standard Class,Arianne Irving,Consumer,United States,US,West,OFF-EN-10001434,Office Supplies,Envelopes,158,3,0,77.48,10.65,Medium,2011
MX-2011-132829,2011-05-10,2011-05-14,Standard Class,Jennifer Halladay,Consumer,Martinique,LATAM,Caribbean,OFF-PA-10002539,Office Supplies,Paper,166,5,0,54.8,9.87,Medium,2011
ES-2011-4021337,2011-05-10,2011-05-14,Standard Class,Michelle Moray,Consumer,United Kingdom,EU,North,FUR-FU-10004579,Furniture,Furnishings,92,3,0.3,7.91,8.66,Medium,2011
ES-2011-3793897,2011-05-10,2011-05-15,Standard Class,Clay Cheatham,Consumer,France,EU,Central,TEC-MA-10003198,Technology,Machines,72,1,0.15,16.92,7.76,Medium,2011
MX-2011-159772,2011-05-10,2011-05-15,Standard Class,Erica Hernandez,Home Office,El Salvador,LATAM,Central,FUR-FU-10002659,Furniture,Furnishings,85,3,0,5.1,7.61,Medium,2011
ES-2011-3793897,2011-05-10,2011-05-15,Standard Class,Clay Cheatham,Consumer,France,EU,Central,OFF-AR-10003466,Office Supplies,Art,51,3,0,18.18,5.76,Medium,2011
NI-2011-4450,2011-05-10,2011-05-12,Second Class,John Lucas,Consumer,Nigeria,Africa,Africa,TEC-MOT-10004111,Technology,Phones,86,4,0.7,-186.65,5.41,Medium,2011
MX-2011-142097,2011-05-10,2011-05-15,Second Class,Stuart Calhoun,Consumer,Mexico,LATAM,North,OFF-BI-10003372,Office Supplies,Binders,71,2,0,0.68,4.58,Medium,2011
BU-2011-5830,2011-05-10,2011-05-17,Standard Class,Vivek Sundaresam,Consumer,Bulgaria,EMEA,EMEA,OFF-BOS-10001511,Office Supplies,Art,55,1,0,9.87,3,Medium,2011
CA-2011-103310,2011-05-10,2011-05-15,Standard Class,Greg Matthias,Consumer,United States,US,West,OFF-PA-10004353,Office Supplies,Paper,40,2,0,19.18,2.45,Medium,2011
MX-2011-159772,2011-05-10,2011-05-15,Standard Class,Erica Hernandez,Home Office,El Salvador,LATAM,Central,OFF-EN-10001538,Office Supplies,Envelopes,38,3,0,7.14,2.24,Medium,2011
BU-2011-5830,2011-05-10,2011-05-17,Standard Class,Vivek Sundaresam,Consumer,Bulgaria,EMEA,EMEA,FUR-DEF-10002814,Furniture,Furnishings,24,1,0,6.69,1.97,Medium,2011
ID-2011-77696,2011-05-10,2011-05-14,Standard Class,Odella Nelson,Corporate,Australia,APAC,Oceania,OFF-LA-10000869,Office Supplies,Labels,26,4,0.4,-2.18,1.95,Medium,2011
CA-2011-103310,2011-05-10,2011-05-15,Standard Class,Greg Matthias,Consumer,United States,US,West,OFF-SU-10004737,Office Supplies,Supplies,41,6,0,11.08,1.8,Medium,2011
IN-2011-12967,2011-05-10,2011-05-15,Standard Class,Pamela Stobb,Consumer,Australia,APAC,Oceania,OFF-AR-10001043,Office Supplies,Art,26,3,0.4,-6.07,1.77,Medium,2011
CA-2011-114181,2011-05-10,2011-05-14,Second Class,Art Foster,Consumer,United States,US,East,OFF-AR-10000716,Office Supplies,Art,22,5,0.2,5.3,1.47,Medium,2011
CA-2011-159709,2011-05-10,2011-05-15,Standard Class,Arianne Irving,Consumer,United States,US,West,TEC-PH-10003988,Technology,Phones,44,5,0.2,4.36,1.39,Medium,2011
MX-2011-132829,2011-05-10,2011-05-14,Standard Class,Jennifer Halladay,Consumer,Martinique,LATAM,Caribbean,OFF-BI-10001892,Office Supplies,Binders,15,3,0,3.48,0.86,Medium,2011
MX-2011-136371,2011-05-10,2011-05-15,Standard Class,Darren Powers,Consumer,Nicaragua,LATAM,Central,OFF-LA-10001294,Office Supplies,Labels,7,1,0,2.72,0.39,Medium,2011
ES-2011-4021337,2011-05-10,2011-05-14,Standard Class,Michelle Moray,Consumer,United Kingdom,EU,North,OFF-AR-10002783,Office Supplies,Art,200,8,0,12,0.03,Medium,2011
CA-2011-152100,2011-05-11,2011-05-16,Standard Class,Victoria Wilson,Corporate,United States,US,Central,FUR-CH-10000015,Furniture,Chairs,1213,8,0.3,-69.31,68.07,Medium,2011
IT-2011-4599620,2011-05-11,2011-05-15,Second Class,Peter Bühler,Consumer,Netherlands,EU,Central,OFF-ST-10001974,Office Supplies,Storage,212,3,0.5,-140.22,22.73,High,2011
IN-2011-24062,2011-05-11,2011-05-18,Standard Class,Alice McCarthy,Corporate,Australia,APAC,Oceania,OFF-BI-10004651,Office Supplies,Binders,133,3,0.1,53.09,18.08,Medium,2011
IN-2011-24062,2011-05-11,2011-05-18,Standard Class,Alice McCarthy,Corporate,Australia,APAC,Oceania,FUR-BO-10004529,Furniture,Bookcases,302,2,0.1,6.71,15.64,Medium,2011
ES-2011-5384617,2011-05-11,2011-05-13,Second Class,Stephanie Phelps,Corporate,France,EU,Central,OFF-PA-10004145,Office Supplies,Paper,49,2,0,11.22,13.4,High,2011
CA-2011-119172,2011-05-11,2011-05-15,Standard Class,Harold Dahlen,Home Office,United States,US,Central,OFF-BI-10002026,Office Supplies,Binders,105,9,0.8,-172.56,12.61,High,2011
IT-2011-4599620,2011-05-11,2011-05-15,Second Class,Peter Bühler,Consumer,Netherlands,EU,Central,FUR-BO-10001387,Furniture,Bookcases,197,2,0.5,-23.64,12.38,High,2011
CA-2011-103849,2011-05-11,2011-05-16,Standard Class,Paul Gonzalez,Consumer,United States,US,Central,TEC-PH-10002597,Technology,Phones,101,1,0.2,6.3,8.21,Medium,2011
IT-2011-4599620,2011-05-11,2011-05-15,Second Class,Peter Bühler,Consumer,Netherlands,EU,Central,OFF-ST-10001562,Office Supplies,Storage,40,4,0.5,-36.36,7.29,High,2011
CA-2011-139017,2011-05-11,2011-05-17,Standard Class,Raymond Messe,Consumer,United States,US,Central,TEC-AC-10001013,Technology,Accessories,47,2,0.2,7.62,6.52,Low,2011
MX-2011-145254,2011-05-11,2011-05-15,Standard Class,Rob Williams,Corporate,Mexico,LATAM,North,OFF-FA-10001435,Office Supplies,Fasteners,33,3,0,3.3,6.42,High,2011
IT-2011-4599620,2011-05-11,2011-05-15,Second Class,Peter Bühler,Consumer,Netherlands,EU,Central,OFF-SU-10001886,Office Supplies,Supplies,35,2,0.5,-18.66,5.99,High,2011
IT-2011-4599620,2011-05-11,2011-05-15,Second Class,Peter Bühler,Consumer,Netherlands,EU,Central,OFF-FA-10002506,Office Supplies,Fasteners,41,5,0.5,-1.65,5.75,High,2011
MX-2011-164875,2011-05-11,2011-05-14,First Class,Beth Fritzler,Corporate,Mexico,LATAM,North,OFF-AR-10001813,Office Supplies,Art,47,3,0,17.34,5.14,Medium,2011
IT-2011-4599620,2011-05-11,2011-05-15,Second Class,Peter Bühler,Consumer,Netherlands,EU,Central,OFF-AP-10003177,Office Supplies,Appliances,56,2,0.5,-7.83,4.29,High,2011
CA-2011-103849,2011-05-11,2011-05-16,Standard Class,Paul Gonzalez,Consumer,United States,US,Central,TEC-AC-10001465,Technology,Accessories,58,2,0.2,7.26,4.08,Medium,2011
CA-2011-127523,2011-05-11,2011-05-18,Standard Class,Brooke Gillingham,Corporate,United States,US,East,OFF-AP-10004249,Office Supplies,Appliances,36,3,0,9.7,3.35,Medium,2011
IT-2011-4599620,2011-05-11,2011-05-15,Second Class,Peter Bühler,Consumer,Netherlands,EU,Central,OFF-ST-10000355,Office Supplies,Storage,19,4,0.5,-6.78,2.48,High,2011
CA-2011-103849,2011-05-11,2011-05-16,Standard Class,Paul Gonzalez,Consumer,United States,US,Central,FUR-FU-10000723,Furniture,Furnishings,66,4,0.6,-84.29,2.37,Medium,2011
ES-2011-5384617,2011-05-11,2011-05-13,Second Class,Stephanie Phelps,Corporate,France,EU,Central,OFF-LA-10001299,Office Supplies,Labels,14,2,0,5.04,2.13,High,2011
CA-2011-119172,2011-05-11,2011-05-15,Standard Class,Harold Dahlen,Home Office,United States,US,Central,OFF-PA-10003036,Office Supplies,Paper,17,3,0.2,5.68,1.4,High,2011
IT-2011-1939979,2011-05-12,2011-05-14,First Class,Mike Pelletier,Home Office,France,EU,Central,FUR-TA-10003527,Furniture,Tables,627,2,0.35,-135.14,206.61,Critical,2011
ES-2011-3805636,2011-05-12,2011-05-15,First Class,Yoseph Carroll,Corporate,Spain,EU,South,OFF-ST-10004855,Office Supplies,Storage,1074,6,0.1,214.74,94.2,Critical,2011
CA-2011-155887,2011-05-12,2011-05-17,Standard Class,Kean Thornton,Consumer,United States,US,East,FUR-TA-10002228,Furniture,Tables,700,3,0.3,-130.01,38.47,Medium,2011
ID-2011-39721,2011-05-12,2011-05-17,Standard Class,Phillip Breyer,Corporate,Indonesia,APAC,Southeast Asia,FUR-BO-10004399,Furniture,Bookcases,482,3,0.07,-5.2,30.93,Medium,2011
SF-2011-740,2011-05-12,2011-05-17,Standard Class,Craig Molinari,Corporate,South Africa,Africa,Africa,TEC-LOG-10003896,Technology,Accessories,245,1,0,44.1,23.15,Medium,2011
ID-2011-39721,2011-05-12,2011-05-17,Standard Class,Phillip Breyer,Corporate,Indonesia,APAC,Southeast Asia,TEC-MA-10004533,Technology,Machines,609,6,0.17,65.98,22.84,Medium,2011
ID-2011-39721,2011-05-12,2011-05-17,Standard Class,Phillip Breyer,Corporate,Indonesia,APAC,Southeast Asia,FUR-TA-10003222,Furniture,Tables,274,1,0.47,-139.58,21.33,Medium,2011
KZ-2011-5830,2011-05-12,2011-05-14,Second Class,Lela Donovan,Corporate,Kazakhstan,EMEA,EMEA,FUR-NOV-10002453,Furniture,Chairs,232,6,0.7,-448.92,19.17,Medium,2011
SF-2011-740,2011-05-12,2011-05-17,Standard Class,Craig Molinari,Corporate,South Africa,Africa,Africa,TEC-MOT-10003366,Technology,Phones,175,1,0,52.38,18.58,Medium,2011
CA-2011-127159,2011-05-12,2011-05-15,First Class,Hunter Lopez,Consumer,United States,US,Central,FUR-FU-10000010,Furniture,Furnishings,35,7,0,10.78,9.56,Medium,2011
IN-2011-65796,2011-05-12,2011-05-17,Standard Class,Maribeth Schnelling,Consumer,Australia,APAC,Oceania,OFF-PA-10004727,Office Supplies,Paper,143,6,0.1,34.87,8.09,Medium,2011
IN-2011-64466,2011-05-12,2011-05-17,Standard Class,Sanjit Chand,Consumer,Taiwan,APAC,North Asia,FUR-FU-10004820,Furniture,Furnishings,258,5,0,110.85,7.58,Medium,2011
ID-2011-39721,2011-05-12,2011-05-17,Standard Class,Phillip Breyer,Corporate,Indonesia,APAC,Southeast Asia,FUR-CH-10004694,Furniture,Chairs,101,1,0.27,12.44,6.99,Medium,2011
KZ-2011-5830,2011-05-12,2011-05-14,Second Class,Lela Donovan,Corporate,Kazakhstan,EMEA,EMEA,OFF-BOS-10002472,Office Supplies,Art,58,4,0.7,-52.56,5.64,Medium,2011
ID-2011-39721,2011-05-12,2011-05-17,Standard Class,Phillip Breyer,Corporate,Indonesia,APAC,Southeast Asia,OFF-EN-10004744,Office Supplies,Envelopes,89,4,0.47,-45.53,4.8,Medium,2011
MX-2011-150469,2011-05-12,2011-05-16,Standard Class,Barry Pond,Corporate,Dominican Republic,LATAM,Caribbean,OFF-SU-10004643,Office Supplies,Supplies,92,4,0.2,5.71,4.51,Medium,2011
ES-2011-1351543,2011-05-12,2011-05-17,Standard Class,David Philippe,Consumer,Germany,EU,Central,OFF-BI-10001384,Office Supplies,Binders,25,2,0.1,7.43,4.2,High,2011
IN-2011-64466,2011-05-12,2011-05-17,Standard Class,Sanjit Chand,Consumer,Taiwan,APAC,North Asia,OFF-EN-10004503,Office Supplies,Envelopes,48,2,0,18.06,3.86,Medium,2011
IN-2011-35486,2011-05-12,2011-05-14,Second Class,Jonathan Howell,Consumer,Australia,APAC,Oceania,OFF-FA-10001304,Office Supplies,Fasteners,51,5,0.1,7.94,3.55,Medium,2011
ID-2011-39721,2011-05-12,2011-05-17,Standard Class,Phillip Breyer,Corporate,Indonesia,APAC,Southeast Asia,OFF-EN-10002806,Office Supplies,Envelopes,54,5,0.47,-0.05,3.37,Medium,2011
ES-2011-3051209,2011-05-12,2011-05-17,Standard Class,Karen Bern,Corporate,Netherlands,EU,Central,OFF-PA-10000522,Office Supplies,Paper,53,4,0.5,-17.94,2.34,Medium,2011
ZI-2011-2600,2011-05-12,2011-05-14,First Class,Chuck Sachs,Consumer,Zimbabwe,Africa,Africa,OFF-SAN-10001237,Office Supplies,Paper,29,2,0.7,-31.01,2.25,Medium,2011
ZI-2011-2600,2011-05-12,2011-05-14,First Class,Chuck Sachs,Consumer,Zimbabwe,Africa,Africa,OFF-SAN-10001345,Office Supplies,Art,32,2,0.7,-75.18,2,Medium,2011
ZI-2011-2600,2011-05-12,2011-05-14,First Class,Chuck Sachs,Consumer,Zimbabwe,Africa,Africa,OFF-JIF-10003115,Office Supplies,Envelopes,14,1,0.7,-19.46,0.71,Medium,2011
ZI-2011-2600,2011-05-12,2011-05-14,First Class,Chuck Sachs,Consumer,Zimbabwe,Africa,Africa,OFF-ROG-10001549,Office Supplies,Storage,19,1,0.7,-40.4,0.58,Medium,2011
IN-2011-30292,2011-05-13,2011-05-17,Standard Class,Noah Childs,Corporate,Bangladesh,APAC,Central Asia,TEC-AC-10000866,Technology,Accessories,3079,12,0,523.08,474.44,High,2011
CA-2011-140165,2011-05-13,2011-05-15,First Class,Erica Hernandez,Home Office,United States,US,South,OFF-BI-10004519,Office Supplies,Binders,398,8,0.7,-331.96,146.04,Critical,2011
ES-2011-1589842,2011-05-13,2011-05-15,Second Class,Anthony Rawles,Corporate,Italy,EU,South,TEC-AC-10000089,Technology,Accessories,1025,4,0,399.84,97.02,High,2011
MX-2011-140809,2011-05-13,2011-05-13,Same Day,Bradley Drucker,Consumer,Nicaragua,LATAM,Central,OFF-ST-10002598,Office Supplies,Storage,147,4,0,32.32,28.42,Medium,2011
MX-2011-140809,2011-05-13,2011-05-13,Same Day,Bradley Drucker,Consumer,Nicaragua,LATAM,Central,FUR-CH-10001647,Furniture,Chairs,540,5,0,54,22.03,Medium,2011
RS-2011-2910,2011-05-13,2011-05-17,Standard Class,Benjamin Patterson,Consumer,Russia,EMEA,EMEA,TEC-BEL-10001189,Technology,Accessories,257,1,0,120.57,20.04,Medium,2011
LT-2011-7860,2011-05-13,2011-05-17,Second Class,Mark Haberlin,Corporate,Lesotho,Africa,Africa,TEC-BEL-10002106,Technology,Accessories,115,1,0,25.23,13.3,High,2011
MX-2011-140809,2011-05-13,2011-05-13,Same Day,Bradley Drucker,Consumer,Nicaragua,LATAM,Central,OFF-EN-10000714,Office Supplies,Envelopes,72,3,0,2.82,12.97,Medium,2011
ES-2011-1589842,2011-05-13,2011-05-15,Second Class,Anthony Rawles,Corporate,Italy,EU,South,OFF-AR-10002454,Office Supplies,Art,109,2,0,52.32,12.06,High,2011
CA-2011-113768,2011-05-13,2011-05-19,Standard Class,Aaron Hawkins,Corporate,United States,US,West,FUR-CH-10002439,Furniture,Chairs,279,6,0.2,20.96,11.69,Medium,2011
ES-2011-3814733,2011-05-13,2011-05-17,Standard Class,Eugene Hildebrand,Home Office,France,EU,Central,OFF-AR-10000110,Office Supplies,Art,139,3,0,36.09,9.58,High,2011
MX-2011-140809,2011-05-13,2011-05-13,Same Day,Bradley Drucker,Consumer,Nicaragua,LATAM,Central,OFF-BI-10001533,Office Supplies,Binders,99,3,0,6.9,8.53,Medium,2011
CA-2011-114433,2011-05-13,2011-05-17,Standard Class,Naresj Patel,Consumer,United States,US,West,TEC-AC-10002800,Technology,Accessories,150,3,0,52.49,8.22,Medium,2011
LT-2011-7860,2011-05-13,2011-05-17,Second Class,Mark Haberlin,Corporate,Lesotho,Africa,Africa,TEC-ENE-10003873,Technology,Accessories,57,1,0,23.49,7.1,High,2011
TU-2011-940,2011-05-13,2011-05-16,Second Class,Michelle Huthwaite,Consumer,Turkey,EMEA,EMEA,TEC-SHA-10001231,Technology,Copiers,143,1,0.6,-96.52,6.21,High,2011
RS-2011-2910,2011-05-13,2011-05-17,Standard Class,Benjamin Patterson,Consumer,Russia,EMEA,EMEA,OFF-EAT-10002463,Office Supplies,Paper,53,2,0,21.24,2.49,Medium,2011
CA-2011-167164,2011-05-13,2011-05-15,Second Class,Alejandro Grove,Consumer,United States,US,West,OFF-ST-10000107,Office Supplies,Storage,56,2,0,9.99,1.82,Medium,2011
CA-2011-140165,2011-05-13,2011-05-15,First Class,Erica Hernandez,Home Office,United States,US,South,OFF-FA-10002815,Office Supplies,Fasteners,7,2,0.2,2.4,1.62,Critical,2011
HR-2011-3540,2011-05-13,2011-05-18,Standard Class,Lena Hernandez,Consumer,Croatia,EMEA,EMEA,FUR-DEF-10000349,Furniture,Furnishings,25,1,0,1.26,1.52,Medium,2011
RS-2011-2910,2011-05-13,2011-05-17,Standard Class,Benjamin Patterson,Consumer,Russia,EMEA,EMEA,OFF-SAN-10002441,Office Supplies,Art,16,1,0,1.71,0.46,Medium,2011
CA-2011-113768,2011-05-13,2011-05-19,Standard Class,Aaron Hawkins,Corporate,United States,US,West,OFF-PA-10003063,Office Supplies,Paper,8,2,0,3.84,0.15,Medium,2011
IN-2011-86103,2011-05-14,2011-05-18,Second Class,Jill Matthias,Consumer,New Zealand,APAC,Oceania,FUR-CH-10001559,Furniture,Chairs,1836,4,0,238.68,176.37,Medium,2011
RO-2011-1590,2011-05-14,2011-05-14,Same Day,Brian Stugart,Consumer,Romania,EMEA,EMEA,FUR-DAN-10003065,Furniture,Bookcases,725,2,0,79.68,96.56,High,2011
MX-2011-160108,2011-05-14,2011-05-19,Standard Class,Sandra Glassco,Consumer,El Salvador,LATAM,Central,OFF-ST-10003929,Office Supplies,Storage,953,7,0,104.72,74.59,Medium,2011
CA-2011-106810,2011-05-14,2011-05-20,Standard Class,Anthony Johnson,Corporate,United States,US,South,FUR-FU-10004306,Furniture,Furnishings,311,2,0.2,23.32,20.94,Medium,2011
RS-2011-3330,2011-05-14,2011-05-21,Standard Class,Brian DeCherney,Consumer,Russia,EMEA,EMEA,TEC-SAM-10000345,Technology,Phones,334,2,0,9.96,17.64,Medium,2011
RO-2011-1590,2011-05-14,2011-05-14,Same Day,Brian Stugart,Consumer,Romania,EMEA,EMEA,FUR-SAF-10002557,Furniture,Chairs,86,1,0,40.26,17.04,High,2011
IN-2011-86103,2011-05-14,2011-05-18,Second Class,Jill Matthias,Consumer,New Zealand,APAC,Oceania,FUR-FU-10001843,Furniture,Furnishings,84,2,0,31.92,13.16,Medium,2011
MX-2011-160108,2011-05-14,2011-05-19,Standard Class,Sandra Glassco,Consumer,El Salvador,LATAM,Central,FUR-CH-10001810,Furniture,Chairs,96,2,0,3.84,7.78,Medium,2011
RO-2011-1590,2011-05-14,2011-05-14,Same Day,Brian Stugart,Consumer,Romania,EMEA,EMEA,OFF-CAR-10004886,Office Supplies,Binders,28,2,0,10.2,4.02,High,2011
RS-2011-3330,2011-05-14,2011-05-21,Standard Class,Brian DeCherney,Consumer,Russia,EMEA,EMEA,OFF-ACM-10002816,Office Supplies,Supplies,59,2,0,24.24,2.85,Medium,2011
MX-2011-160108,2011-05-14,2011-05-19,Standard Class,Sandra Glassco,Consumer,El Salvador,LATAM,Central,OFF-PA-10001878,Office Supplies,Paper,31,1,0,3.76,1.24,Medium,2011
ES-2011-3933819,2011-05-15,2011-05-19,Second Class,Kelly Williams,Consumer,France,EU,Central,TEC-PH-10004827,Technology,Phones,194,3,0.15,72.97,26.23,High,2011
MX-2011-155397,2011-05-16,2011-05-20,Standard Class,Barry Weirich,Consumer,Panama,LATAM,Central,TEC-AC-10002257,Technology,Accessories,310,3,0.4,-118.88,48.76,High,2011
IN-2011-16236,2011-05-16,2011-05-20,Standard Class,Nat Carroll,Consumer,China,APAC,North Asia,OFF-ST-10003020,Office Supplies,Storage,409,2,0,102.3,45.83,High,2011
CA-2011-125150,2011-05-16,2011-05-23,Standard Class,Pauline Webber,Corporate,United States,US,West,FUR-CH-10002439,Furniture,Chairs,233,5,0.2,17.47,24.94,Medium,2011
CG-2011-1620,2011-05-16,2011-05-20,Standard Class,Odella Nelson,Corporate,Democratic Republic of the Congo,Africa,Africa,TEC-HEW-10004652,Technology,Copiers,289,2,0,17.28,17.73,Medium,2011
IT-2011-3667641,2011-05-16,2011-05-21,Standard Class,William Brown,Consumer,Ireland,EU,North,OFF-AP-10001847,Office Supplies,Appliances,115,3,0.5,-39.2,9.01,Medium,2011
MX-2011-155397,2011-05-16,2011-05-20,Standard Class,Barry Weirich,Consumer,Panama,LATAM,Central,OFF-ST-10003164,Office Supplies,Storage,53,7,0.4,2.52,6.92,High,2011
MX-2011-110212,2011-05-16,2011-05-18,Second Class,Jane Waco,Corporate,Panama,LATAM,Central,OFF-AP-10003610,Office Supplies,Appliances,52,3,0.4,2.59,4.82,Critical,2011
MX-2011-155397,2011-05-16,2011-05-20,Standard Class,Barry Weirich,Consumer,Panama,LATAM,Central,OFF-FA-10002719,Office Supplies,Fasteners,41,6,0.4,-26.71,3.9,High,2011
TU-2011-1510,2011-05-16,2011-05-19,Second Class,Roger Demir,Consumer,Turkey,EMEA,EMEA,OFF-FEL-10004974,Office Supplies,Storage,11,1,0.6,-9.95,1.03,Medium,2011
MX-2011-137897,2011-05-17,2011-05-20,Second Class,Jill Matthias,Consumer,Mexico,LATAM,North,TEC-PH-10000018,Technology,Phones,2125,5,0,488.6,447.66,High,2011
US-2011-132591,2011-05-17,2011-05-20,Second Class,Jill Matthias,Consumer,Brazil,LATAM,South,TEC-PH-10001146,Technology,Phones,850,5,0.6,-786.1,123,High,2011
NI-2011-5870,2011-05-17,2011-05-17,Same Day,Anna Gayman,Consumer,Nigeria,Africa,Africa,OFF-ROG-10000566,Office Supplies,Storage,148,8,0.7,-311.26,24.03,High,2011
NI-2011-5870,2011-05-17,2011-05-17,Same Day,Anna Gayman,Consumer,Nigeria,Africa,Africa,TEC-HEW-10002435,Technology,Copiers,43,1,0.7,-74.85,7.66,High,2011
CA-2011-148761,2011-05-17,2011-05-21,Standard Class,Pete Armstrong,Home Office,United States,US,Central,OFF-BI-10000666,Office Supplies,Binders,92,3,0,45.84,5.72,Medium,2011
MX-2011-166737,2011-05-17,2011-05-21,Second Class,Craig Carreira,Consumer,El Salvador,LATAM,Central,OFF-ST-10004412,Office Supplies,Storage,32,1,0,1.6,5.18,High,2011
ES-2011-5953080,2011-05-17,2011-05-23,Standard Class,Dana Kaydos,Consumer,Italy,EU,South,OFF-PA-10004589,Office Supplies,Paper,62,2,0,14.28,4.67,Medium,2011
ES-2011-5953080,2011-05-17,2011-05-23,Standard Class,Dana Kaydos,Consumer,Italy,EU,South,TEC-PH-10002586,Technology,Phones,78,2,0.4,-46.94,3.91,Medium,2011
NI-2011-5870,2011-05-17,2011-05-17,Same Day,Anna Gayman,Consumer,Nigeria,Africa,Africa,OFF-ELD-10000124,Office Supplies,Storage,14,1,0.7,-17.76,3.45,High,2011
NI-2011-5870,2011-05-17,2011-05-17,Same Day,Anna Gayman,Consumer,Nigeria,Africa,Africa,TEC-ENE-10003801,Technology,Accessories,25,2,0.7,-25.9,2.88,High,2011
NI-2011-5870,2011-05-17,2011-05-17,Same Day,Anna Gayman,Consumer,Nigeria,Africa,Africa,OFF-BIN-10000711,Office Supplies,Art,8,1,0.7,-10.91,2.13,High,2011
ES-2011-5953080,2011-05-17,2011-05-23,Standard Class,Dana Kaydos,Consumer,Italy,EU,South,OFF-BI-10000289,Office Supplies,Binders,35,3,0,8.28,1.39,Medium,2011
NI-2011-5870,2011-05-17,2011-05-17,Same Day,Anna Gayman,Consumer,Nigeria,Africa,Africa,OFF-HAR-10003514,Office Supplies,Labels,6,2,0.7,-5.12,0.78,High,2011
NI-2011-5870,2011-05-17,2011-05-17,Same Day,Anna Gayman,Consumer,Nigeria,Africa,Africa,FUR-ADV-10003326,Furniture,Furnishings,6,1,0.7,-4.63,0.39,High,2011
IN-2011-46728,2011-05-18,2011-05-20,Second Class,Ken Brennan,Corporate,India,APAC,Central Asia,TEC-CO-10003777,Technology,Copiers,786,3,0,157.05,108.6,High,2011
ES-2011-4932761,2011-05-18,2011-05-24,Standard Class,Sean ODonnell,Consumer,Austria,EU,Central,FUR-CH-10003362,Furniture,Chairs,1059,6,0,105.84,86.92,Low,2011
US-2011-166436,2011-05-18,2011-05-23,Standard Class,Tom Zandusky,Corporate,Dominican Republic,LATAM,Caribbean,OFF-AP-10000751,Office Supplies,Appliances,1383,5,0.2,-224.84,76.05,Medium,2011
ES-2011-4932761,2011-05-18,2011-05-24,Standard Class,Sean ODonnell,Consumer,Austria,EU,Central,OFF-ST-10000095,Office Supplies,Storage,965,7,0,125.37,71.29,Low,2011
US-2011-166436,2011-05-18,2011-05-23,Standard Class,Tom Zandusky,Corporate,Dominican Republic,LATAM,Caribbean,FUR-BO-10000567,Furniture,Bookcases,698,4,0.4,-209.3,67.79,Medium,2011
CA-2011-103373,2011-05-18,2011-05-24,Standard Class,Bruce Stewart,Consumer,United States,US,East,TEC-PH-10002885,Technology,Phones,780,2,0.4,-168.96,56.75,Medium,2011
MZ-2011-290,2011-05-18,2011-05-22,Standard Class,Troy Staebel,Consumer,Mozambique,Africa,Africa,OFF-SME-10004553,Office Supplies,Storage,397,2,0,67.44,49.51,High,2011
CA-2011-164224,2011-05-18,2011-05-20,Second Class,Ted Trevino,Consumer,United States,US,East,FUR-FU-10000308,Furniture,Furnishings,149,3,0.2,3.73,47.02,Critical,2011
US-2011-166436,2011-05-18,2011-05-23,Standard Class,Tom Zandusky,Corporate,Dominican Republic,LATAM,Caribbean,TEC-PH-10004235,Technology,Phones,437,6,0.2,-38.35,41.15,Medium,2011
ES-2011-2210233,2011-05-18,2011-05-18,Same Day,Dennis Pardue,Home Office,France,EU,Central,OFF-EN-10003780,Office Supplies,Envelopes,94,5,0,15.9,26.81,Medium,2011
IN-2011-62499,2011-05-18,2011-05-22,Standard Class,Mark Haberlin,Corporate,India,APAC,Central Asia,OFF-PA-10002047,Office Supplies,Paper,263,5,0,31.5,24.85,High,2011
MX-2011-140886,2011-05-18,2011-05-21,First Class,Maxwell Schwartz,Consumer,Mexico,LATAM,North,OFF-PA-10004027,Office Supplies,Paper,120,4,0,55.04,22.14,High,2011
ES-2011-2210233,2011-05-18,2011-05-18,Same Day,Dennis Pardue,Home Office,France,EU,Central,OFF-AR-10000110,Office Supplies,Art,510,11,0,132.33,20.78,Medium,2011
IN-2011-29788,2011-05-18,2011-05-24,Standard Class,Jennifer Jackson,Consumer,Thailand,APAC,Southeast Asia,FUR-CH-10002188,Furniture,Chairs,193,3,0.27,39.54,20.11,Medium,2011
MX-2011-163629,2011-05-18,2011-05-24,Standard Class,Michelle Arnett,Home Office,Mexico,LATAM,North,OFF-AR-10002605,Office Supplies,Art,156,5,0,51.4,16.37,Low,2011
ID-2011-13436,2011-05-18,2011-05-23,Standard Class,Guy Phonely,Corporate,Pakistan,APAC,Central Asia,FUR-TA-10001935,Furniture,Tables,127,2,0.8,-488.77,14.94,High,2011
US-2011-125395,2011-05-18,2011-05-21,Second Class,Shirley Daniels,Home Office,Venezuela,LATAM,South,FUR-BO-10001358,Furniture,Bookcases,172,3,0.4,-106.12,14.33,Medium,2011
ES-2011-4932761,2011-05-18,2011-05-24,Standard Class,Sean ODonnell,Consumer,Austria,EU,Central,FUR-FU-10004608,Furniture,Furnishings,87,2,0,27.06,11.53,Low,2011
RS-2011-1890,2011-05-18,2011-05-25,Standard Class,Ed Braxton,Corporate,Russia,EMEA,EMEA,TEC-LOG-10004419,Technology,Accessories,123,4,0,36.84,10.45,Medium,2011
GH-2011-3310,2011-05-18,2011-05-23,Standard Class,Adrian Barton,Consumer,Ghana,Africa,Africa,TEC-STA-10001487,Technology,Machines,77,2,0,1.5,8.73,High,2011
RS-2011-1890,2011-05-18,2011-05-25,Standard Class,Ed Braxton,Corporate,Russia,EMEA,EMEA,TEC-NOK-10001319,Technology,Phones,149,2,0,2.94,7.97,Medium,2011
IZ-2011-3130,2011-05-18,2011-05-22,Second Class,Sandra Glassco,Consumer,Iraq,EMEA,EMEA,OFF-FIS-10000063,Office Supplies,Supplies,48,1,0,23.34,7.89,High,2011
RS-2011-1890,2011-05-18,2011-05-25,Standard Class,Ed Braxton,Corporate,Russia,EMEA,EMEA,FUR-HAR-10000441,Furniture,Chairs,150,1,0,47.85,7.57,Medium,2011
IT-2011-5001014,2011-05-18,2011-05-25,Standard Class,Ed Jacobs,Consumer,Italy,EU,South,OFF-ST-10002905,Office Supplies,Storage,43,3,0.4,-20.16,6.82,Low,2011
CA-2011-164224,2011-05-18,2011-05-20,Second Class,Ted Trevino,Consumer,United States,US,East,OFF-PA-10001526,Office Supplies,Paper,16,4,0.2,5.78,3.85,Critical,2011
ID-2011-74679,2011-05-18,2011-05-23,Standard Class,Ed Ludwig,Home Office,Australia,APAC,Oceania,OFF-ST-10001366,Office Supplies,Storage,54,2,0.1,-2.41,3.46,Medium,2011
ES-2011-2942755,2011-05-18,2011-05-22,Standard Class,Matt Hagelstein,Corporate,Germany,EU,Central,OFF-FA-10004878,Office Supplies,Fasteners,51,3,0.1,-1.15,3.26,Medium,2011
US-2011-166436,2011-05-18,2011-05-23,Standard Class,Tom Zandusky,Corporate,Dominican Republic,LATAM,Caribbean,FUR-FU-10003874,Furniture,Furnishings,44,3,0.5,-30.57,3.22,Medium,2011
UP-2011-7210,2011-05-18,2011-05-20,First Class,Aaron Bergman,Consumer,Ukraine,EMEA,EMEA,OFF-ELI-10000711,Office Supplies,Supplies,19,1,0,1.14,2.19,High,2011
IR-2011-7730,2011-05-18,2011-05-22,Standard Class,Alan Schoenberger,Corporate,Iran,EMEA,EMEA,OFF-SME-10001745,Office Supplies,Storage,49,1,0,14.67,1.54,Medium,2011
US-2011-166436,2011-05-18,2011-05-23,Standard Class,Tom Zandusky,Corporate,Dominican Republic,LATAM,Caribbean,OFF-LA-10003327,Office Supplies,Labels,14,3,0.2,-1.1,1.52,Medium,2011
US-2011-166436,2011-05-18,2011-05-23,Standard Class,Tom Zandusky,Corporate,Dominican Republic,LATAM,Caribbean,TEC-AC-10002370,Technology,Accessories,21,1,0.2,2.89,1.34,Medium,2011
CA-2011-133963,2011-05-18,2011-05-22,Second Class,George Ashbrook,Consumer,United States,US,Central,OFF-PA-10001526,Office Supplies,Paper,4,1,0.2,1.44,0.2,Medium,2011
IN-2011-64340,2011-05-19,2011-05-19,Same Day,Liz Pelletier,Consumer,Australia,APAC,Oceania,FUR-BO-10004633,Furniture,Bookcases,935,7,0.1,20.62,198.28,Critical,2011
IN-2011-45867,2011-05-19,2011-05-23,Standard Class,Karen Carlisle,Corporate,Australia,APAC,Oceania,TEC-CO-10001703,Technology,Copiers,786,5,0.4,91.59,81.18,High,2011
IN-2011-64340,2011-05-19,2011-05-19,Same Day,Liz Pelletier,Consumer,Australia,APAC,Oceania,OFF-SU-10003665,Office Supplies,Supplies,69,2,0.1,2.27,30.44,Critical,2011
ES-2011-3321216,2011-05-19,2011-05-23,Standard Class,Pamela Coakley,Corporate,Spain,EU,South,OFF-PA-10001662,Office Supplies,Paper,238,8,0,85.68,19.64,Medium,2011
ES-2011-3321216,2011-05-19,2011-05-23,Standard Class,Pamela Coakley,Corporate,Spain,EU,South,OFF-AR-10000409,Office Supplies,Art,457,9,0,59.4,18,Medium,2011
ES-2011-4517621,2011-05-19,2011-05-21,Second Class,Katherine Murray,Home Office,France,EU,Central,OFF-SU-10004524,Office Supplies,Supplies,139,4,0,0,11.29,High,2011
IN-2011-45867,2011-05-19,2011-05-23,Standard Class,Karen Carlisle,Corporate,Australia,APAC,Oceania,FUR-CH-10004312,Furniture,Chairs,85,3,0.4,-22.77,8.88,High,2011
CA-2011-130155,2011-05-19,2011-05-22,First Class,Tamara Dahlen,Consumer,United States,US,South,OFF-SU-10004737,Office Supplies,Supplies,34,5,0,9.23,6.86,Medium,2011
MX-2011-151876,2011-05-19,2011-05-24,Standard Class,Maribeth Schnelling,Consumer,Brazil,LATAM,South,OFF-EN-10003623,Office Supplies,Envelopes,64,2,0,12.72,6.55,Medium,2011
IN-2011-19603,2011-05-19,2011-05-19,Same Day,Tiffany House,Corporate,China,APAC,North Asia,OFF-LA-10001731,Office Supplies,Labels,32,3,0,6.3,4.79,High,2011
IN-2011-57109,2011-05-19,2011-05-24,Second Class,Erica Smith,Consumer,Thailand,APAC,Southeast Asia,OFF-SU-10001709,Office Supplies,Supplies,35,3,0.47,-2.72,4.33,Medium,2011
US-2011-107699,2011-05-19,2011-05-23,Standard Class,John Huston,Consumer,United States,US,Central,OFF-BI-10001249,Office Supplies,Binders,57,9,0,26.41,4.29,Medium,2011
IN-2011-57109,2011-05-19,2011-05-24,Second Class,Erica Smith,Consumer,Thailand,APAC,Southeast Asia,OFF-EN-10002679,Office Supplies,Envelopes,65,3,0.47,1.23,3.05,Medium,2011
MX-2011-154984,2011-05-19,2011-05-23,Standard Class,Thomas Brumley,Home Office,Mexico,LATAM,North,OFF-BI-10003856,Office Supplies,Binders,18,3,0,0.3,2.69,High,2011
IN-2011-51327,2011-05-19,2011-05-26,Standard Class,Patrick Gardner,Consumer,Australia,APAC,Oceania,OFF-LA-10003505,Office Supplies,Labels,10,1,0.1,0.34,1.26,Low,2011
ES-2011-3321216,2011-05-19,2011-05-23,Standard Class,Pamela Coakley,Corporate,Spain,EU,South,OFF-PA-10004923,Office Supplies,Paper,15,1,0,0.42,0.99,Medium,2011
MX-2011-147718,2011-05-20,2011-05-27,Standard Class,Ed Braxton,Corporate,El Salvador,LATAM,Central,OFF-ST-10002371,Office Supplies,Storage,661,7,0,6.58,78.06,Low,2011
US-2011-114188,2011-05-20,2011-05-22,Second Class,Randy Ferguson,Corporate,United States,US,East,FUR-FU-10000076,Furniture,Furnishings,140,7,0,60.14,17.13,High,2011
CA-2011-130673,2011-05-20,2011-05-22,Second Class,Matt Collister,Corporate,United States,US,Central,OFF-ST-10000636,Office Supplies,Storage,67,5,0.2,-13.39,16.58,High,2011
MX-2011-147718,2011-05-20,2011-05-27,Standard Class,Ed Braxton,Corporate,El Salvador,LATAM,Central,OFF-SU-10002466,Office Supplies,Supplies,130,4,0,18.08,15.37,Low,2011
US-2011-114188,2011-05-20,2011-05-22,Second Class,Randy Ferguson,Corporate,United States,US,East,OFF-AR-10004511,Office Supplies,Art,39,9,0,11.94,7.82,High,2011
US-2011-114188,2011-05-20,2011-05-22,Second Class,Randy Ferguson,Corporate,United States,US,East,OFF-AP-10000124,Office Supplies,Appliances,33,4,0,9.32,6.21,High,2011
MX-2011-147718,2011-05-20,2011-05-27,Standard Class,Ed Braxton,Corporate,El Salvador,LATAM,Central,OFF-PA-10003718,Office Supplies,Paper,27,3,0,12.06,4.83,Low,2011
CA-2011-6800,2011-05-20,2011-05-22,First Class,Lynn Smith,Consumer,Canada,Canada,Canada,FUR-DEF-10003676,Furniture,Furnishings,22,1,0,0.87,4.06,High,2011
ID-2011-69772,2011-05-20,2011-05-27,Standard Class,Matt Abelman,Home Office,Philippines,APAC,Southeast Asia,FUR-FU-10002928,Furniture,Furnishings,71,2,0.25,9.41,3.4,Medium,2011
ID-2011-69772,2011-05-20,2011-05-27,Standard Class,Matt Abelman,Home Office,Philippines,APAC,Southeast Asia,OFF-AR-10002847,Office Supplies,Art,29,4,0.45,-16.49,3.15,Medium,2011
MX-2011-147718,2011-05-20,2011-05-27,Standard Class,Ed Braxton,Corporate,El Salvador,LATAM,Central,OFF-SU-10002215,Office Supplies,Supplies,18,2,0,5.32,3.03,Low,2011
CA-2011-130673,2011-05-20,2011-05-22,Second Class,Matt Collister,Corporate,United States,US,Central,TEC-AC-10004227,Technology,Accessories,21,2,0.2,-3.64,2.29,High,2011
CA-2011-130673,2011-05-20,2011-05-22,Second Class,Matt Collister,Corporate,United States,US,Central,OFF-PA-10000289,Office Supplies,Paper,10,2,0.2,3.63,2.13,High,2011
MX-2011-115651,2011-05-20,2011-05-22,Second Class,Deborah Brumfield,Home Office,Peru,LATAM,South,OFF-BI-10000517,Office Supplies,Binders,13,2,0.4,2.2,1.63,High,2011
CA-2011-130673,2011-05-20,2011-05-22,Second Class,Matt Collister,Corporate,United States,US,Central,FUR-FU-10003489,Furniture,Furnishings,10,3,0.6,-5.94,1.19,High,2011
IN-2011-67651,2011-05-21,2011-05-25,Second Class,Emily Phan,Consumer,Indonesia,APAC,Southeast Asia,FUR-BO-10002444,Furniture,Bookcases,2540,7,0.07,709.94,393.58,High,2011
CA-2011-117639,2011-05-21,2011-05-25,Standard Class,Mitch Willingham,Corporate,United States,US,South,OFF-BI-10003925,Office Supplies,Binders,2716,7,0,1276.49,378.83,High,2011
IT-2011-1521406,2011-05-21,2011-05-25,Second Class,Adam Shillingsburg,Consumer,Netherlands,EU,Central,FUR-BO-10003028,Furniture,Bookcases,508,6,0.5,-91.44,97.85,High,2011
CA-2011-117639,2011-05-21,2011-05-25,Standard Class,Mitch Willingham,Corporate,United States,US,South,TEC-PH-10001530,Technology,Phones,618,3,0,173.03,95.28,High,2011
MX-2011-145870,2011-05-21,2011-05-26,Standard Class,Sonia Cooley,Consumer,Cuba,LATAM,Caribbean,OFF-ST-10002371,Office Supplies,Storage,755,8,0,7.52,86.03,Medium,2011
US-2011-144078,2011-05-21,2011-05-24,First Class,Eugene Moren,Home Office,Venezuela,LATAM,South,OFF-AP-10003588,Office Supplies,Appliances,1054,5,0.4,-316.28,45.24,Medium,2011
CA-2011-152443,2011-05-21,2011-05-26,Standard Class,Frank Gastineau,Home Office,United States,US,East,OFF-BI-10001071,Office Supplies,Binders,448,7,0,219.45,29.7,Medium,2011
US-2011-144078,2011-05-21,2011-05-24,First Class,Eugene Moren,Home Office,Venezuela,LATAM,South,OFF-SU-10004316,Office Supplies,Supplies,207,11,0.4,-131.08,29.13,Medium,2011
US-2011-144078,2011-05-21,2011-05-24,First Class,Eugene Moren,Home Office,Venezuela,LATAM,South,TEC-AC-10003857,Technology,Accessories,117,4,0.4,1.9,25.88,Medium,2011
CA-2011-152443,2011-05-21,2011-05-26,Standard Class,Frank Gastineau,Home Office,United States,US,East,OFF-AP-10001293,Office Supplies,Appliances,246,6,0,68.85,22.76,Medium,2011
CA-2011-127166,2011-05-21,2011-05-23,Second Class,Katherine Hughes,Consumer,United States,US,Central,FUR-CH-10003396,Furniture,Chairs,108,2,0.3,-29.25,22.28,Critical,2011
CA-2011-127166,2011-05-21,2011-05-23,Second Class,Katherine Hughes,Consumer,United States,US,Central,OFF-EN-10003134,Office Supplies,Envelopes,56,6,0.2,21.02,17.72,Critical,2011
ID-2011-57494,2011-05-21,2011-05-23,Second Class,Mary Zewe,Corporate,Myanmar (Burma),APAC,Southeast Asia,TEC-MA-10003338,Technology,Machines,476,7,0.17,63.08,17.69,High,2011
ID-2011-57494,2011-05-21,2011-05-23,Second Class,Mary Zewe,Corporate,Myanmar (Burma),APAC,Southeast Asia,FUR-FU-10004797,Furniture,Furnishings,114,7,0.27,-15.61,11.29,High,2011
TU-2011-160,2011-05-21,2011-05-25,Standard Class,Speros Goranitis,Consumer,Turkey,EMEA,EMEA,TEC-BEL-10003985,Technology,Accessories,104,1,0.6,-33.67,9.17,Medium,2011
US-2011-144078,2011-05-21,2011-05-24,First Class,Eugene Moren,Home Office,Venezuela,LATAM,South,FUR-CH-10003077,Furniture,Chairs,62,3,0.4,-0.02,8.56,Medium,2011
MX-2011-145870,2011-05-21,2011-05-26,Standard Class,Sonia Cooley,Consumer,Cuba,LATAM,Caribbean,OFF-SU-10002215,Office Supplies,Supplies,64,7,0,18.62,6.13,Medium,2011
MX-2011-145870,2011-05-21,2011-05-26,Standard Class,Sonia Cooley,Consumer,Cuba,LATAM,Caribbean,OFF-BI-10004491,Office Supplies,Binders,59,7,0,21.7,5.3,Medium,2011
US-2011-144078,2011-05-21,2011-05-24,First Class,Eugene Moren,Home Office,Venezuela,LATAM,South,OFF-ST-10002463,Office Supplies,Storage,58,3,0.4,-9.6,5.07,Medium,2011
US-2011-144078,2011-05-21,2011-05-24,First Class,Eugene Moren,Home Office,Venezuela,LATAM,South,FUR-CH-10004387,Furniture,Chairs,67,3,0.4,-20,4.91,Medium,2011
CA-2011-127166,2011-05-21,2011-05-23,Second Class,Katherine Hughes,Consumer,United States,US,Central,OFF-BI-10000977,Office Supplies,Binders,18,3,0.8,-31.01,4.52,Critical,2011
CA-2011-2590,2011-05-21,2011-05-28,Standard Class,Carlos Soltero,Consumer,Canada,Canada,Canada,OFF-AVE-10002892,Office Supplies,Binders,28,1,0,0,3.39,Medium,2011
CA-2011-104780,2011-05-21,2011-05-25,Standard Class,Bradley Talbott,Home Office,United States,US,West,OFF-AR-10003514,Office Supplies,Art,32,8,0,10.51,3.17,Medium,2011
ES-2011-2333773,2011-05-21,2011-05-27,Standard Class,Grant Thornton,Corporate,Italy,EU,South,OFF-BI-10002083,Office Supplies,Binders,47,7,0,3.99,2.83,Medium,2011
TU-2011-160,2011-05-21,2011-05-25,Standard Class,Speros Goranitis,Consumer,Turkey,EMEA,EMEA,TEC-MOT-10001535,Technology,Phones,32,1,0.6,-31.16,1.98,Medium,2011
TU-2011-160,2011-05-21,2011-05-25,Standard Class,Speros Goranitis,Consumer,Turkey,EMEA,EMEA,OFF-SAN-10003226,Office Supplies,Paper,19,2,0.6,-7.18,1.78,Medium,2011
ES-2011-2333773,2011-05-21,2011-05-27,Standard Class,Grant Thornton,Corporate,Italy,EU,South,OFF-BI-10000115,Office Supplies,Binders,24,4,0,0.96,1.73,Medium,2011
IT-2011-1521406,2011-05-21,2011-05-25,Second Class,Adam Shillingsburg,Consumer,Netherlands,EU,Central,OFF-FA-10001724,Office Supplies,Fasteners,11,2,0.5,-7.98,1.58,High,2011
CA-2011-152443,2011-05-21,2011-05-26,Standard Class,Frank Gastineau,Home Office,United States,US,East,OFF-PA-10003022,Office Supplies,Paper,18,3,0,8.79,1.22,Medium,2011
TU-2011-160,2011-05-21,2011-05-25,Standard Class,Speros Goranitis,Consumer,Turkey,EMEA,EMEA,OFF-SAN-10002484,Office Supplies,Art,20,1,0.6,-15.67,1.21,Medium,2011
CA-2011-127166,2011-05-21,2011-05-23,Second Class,Katherine Hughes,Consumer,United States,US,Central,OFF-PA-10001560,Office Supplies,Paper,5,1,0.2,1.63,0.81,Critical,2011
IT-2011-1521406,2011-05-21,2011-05-25,Second Class,Adam Shillingsburg,Consumer,Netherlands,EU,Central,OFF-BI-10000844,Office Supplies,Binders,5,2,0.5,-0.03,0.66,High,2011
TU-2011-160,2011-05-21,2011-05-25,Standard Class,Speros Goranitis,Consumer,Turkey,EMEA,EMEA,OFF-ROG-10002279,Office Supplies,Storage,10,1,0.6,-13.93,0.37,Medium,2011
MX-2011-118017,2011-05-22,2011-05-24,Second Class,Denny Blanton,Consumer,El Salvador,LATAM,Central,OFF-AR-10003816,Office Supplies,Art,45,4,0,12.08,7.5,High,2011
CA-2011-143840,2011-05-22,2011-05-29,Standard Class,Evan Henry,Consumer,United States,US,South,TEC-PH-10002660,Technology,Phones,136,2,0,34,6,Medium,2011
CA-2011-143840,2011-05-22,2011-05-29,Standard Class,Evan Henry,Consumer,United States,US,South,TEC-PH-10003171,Technology,Phones,45,1,0,12.59,2.24,Medium,2011
IN-2011-54120,2011-05-23,2011-05-23,Same Day,Kunst Miller,Consumer,Malaysia,APAC,Southeast Asia,TEC-PH-10002320,Technology,Phones,1121,9,0,55.89,235.28,High,2011
ID-2011-83982,2011-05-23,2011-05-26,Second Class,Shaun Weien,Consumer,New Zealand,APAC,Oceania,TEC-CO-10001196,Technology,Copiers,768,4,0.4,-358.49,111.94,Medium,2011
IN-2011-54120,2011-05-23,2011-05-23,Same Day,Kunst Miller,Consumer,Malaysia,APAC,Southeast Asia,FUR-CH-10000027,Furniture,Chairs,918,2,0,119.34,105.11,High,2011
IN-2011-83583,2011-05-23,2011-05-29,Standard Class,Bart Watters,Corporate,New Zealand,APAC,Oceania,TEC-PH-10000036,Technology,Phones,1272,2,0,152.64,70.16,Medium,2011
IN-2011-54120,2011-05-23,2011-05-23,Same Day,Kunst Miller,Consumer,Malaysia,APAC,Southeast Asia,FUR-CH-10002117,Furniture,Chairs,244,3,0,92.79,44.63,High,2011
IN-2011-83583,2011-05-23,2011-05-29,Standard Class,Bart Watters,Corporate,New Zealand,APAC,Oceania,TEC-AC-10000212,Technology,Accessories,441,4,0,39.6,28.8,Medium,2011
IN-2011-54120,2011-05-23,2011-05-23,Same Day,Kunst Miller,Consumer,Malaysia,APAC,Southeast Asia,TEC-AC-10001835,Technology,Accessories,84,2,0,11.76,27.65,High,2011
IN-2011-83583,2011-05-23,2011-05-29,Standard Class,Bart Watters,Corporate,New Zealand,APAC,Oceania,FUR-BO-10004681,Furniture,Bookcases,244,2,0,68.34,23.4,Medium,2011
US-2011-130379,2011-05-23,2011-05-28,Standard Class,Susan Gilcrest,Corporate,Argentina,LATAM,South,OFF-AR-10001850,Office Supplies,Art,290,14,0.4,-164.47,22.11,Medium,2011
US-2011-135881,2011-05-23,2011-05-27,Standard Class,Greg Tran,Consumer,United States,US,East,OFF-AP-10002118,Office Supplies,Appliances,208,1,0,56.2,17.78,Medium,2011
US-2011-155103,2011-05-23,2011-05-28,Standard Class,Sam Craven,Consumer,Brazil,LATAM,South,TEC-MA-10001731,Technology,Machines,186,4,0.6,-106.94,8.7,Medium,2011
MX-2011-165337,2011-05-23,2011-05-28,Standard Class,Sam Craven,Consumer,Mexico,LATAM,North,TEC-MA-10001305,Technology,Machines,465,4,0,171.84,8.22,Medium,2011
US-2011-105767,2011-05-23,2011-05-27,Standard Class,Andrew Roberts,Consumer,United States,US,East,TEC-PH-10003092,Technology,Phones,55,2,0.4,-10.12,4.88,Medium,2011
IN-2011-62331,2011-05-23,2011-05-29,Standard Class,Ricardo Emerson,Consumer,Australia,APAC,Oceania,OFF-LA-10000436,Office Supplies,Labels,39,5,0.1,-0.12,3.43,Medium,2011
IN-2011-83583,2011-05-23,2011-05-29,Standard Class,Bart Watters,Corporate,New Zealand,APAC,Oceania,OFF-LA-10003674,Office Supplies,Labels,64,6,0,21.06,3.05,Medium,2011
US-2011-135881,2011-05-23,2011-05-27,Standard Class,Greg Tran,Consumer,United States,US,East,OFF-BI-10000829,Office Supplies,Binders,18,5,0.2,5.84,2.02,Medium,2011
CA-2011-138513,2011-05-23,2011-05-27,Standard Class,Erica Hackney,Consumer,United States,US,West,OFF-PA-10003177,Office Supplies,Paper,13,2,0,6.22,1.85,High,2011
IN-2011-83583,2011-05-23,2011-05-29,Standard Class,Bart Watters,Corporate,New Zealand,APAC,Oceania,OFF-BI-10000287,Office Supplies,Binders,27,4,0,12.48,1.75,Medium,2011
US-2011-130379,2011-05-23,2011-05-28,Standard Class,Susan Gilcrest,Corporate,Argentina,LATAM,South,TEC-MA-10000122,Technology,Machines,40,2,0.4,-11.89,1.52,Medium,2011
US-2011-105767,2011-05-23,2011-05-27,Standard Class,Andrew Roberts,Consumer,United States,US,East,OFF-AR-10001246,Office Supplies,Art,21,9,0.2,2.38,1.26,Medium,2011
IN-2011-62331,2011-05-23,2011-05-29,Standard Class,Ricardo Emerson,Consumer,Australia,APAC,Oceania,OFF-EN-10000219,Office Supplies,Envelopes,7,1,0.1,1.31,0.5,Medium,2011
US-2011-105767,2011-05-23,2011-05-27,Standard Class,Andrew Roberts,Consumer,United States,US,East,OFF-BI-10000848,Office Supplies,Binders,3,2,0.7,-2.63,0.2,Medium,2011
US-2011-135881,2011-05-23,2011-05-27,Standard Class,Greg Tran,Consumer,United States,US,East,OFF-SU-10003002,Office Supplies,Supplies,5,2,0,0.15,0.07,Medium,2011
IN-2011-18385,2011-05-24,2011-05-26,Second Class,Rose OBrian,Consumer,China,APAC,North Asia,OFF-AP-10000647,Office Supplies,Appliances,3671,7,0,367.08,510.72,High,2011
IN-2011-18385,2011-05-24,2011-05-26,Second Class,Rose OBrian,Consumer,China,APAC,North Asia,FUR-TA-10001360,Furniture,Tables,1444,4,0.3,330.05,94.45,High,2011
MX-2011-148033,2011-05-24,2011-05-28,Standard Class,Corey Roper,Home Office,Brazil,LATAM,South,TEC-PH-10000106,Technology,Phones,850,2,0,119,94.06,Medium,2011
AG-2011-7710,2011-05-24,2011-05-27,First Class,Bryan Mills,Consumer,Algeria,Africa,Africa,FUR-SAU-10002255,Furniture,Bookcases,875,2,0,148.68,78.7,Critical,2011
IN-2011-11889,2011-05-24,2011-05-28,Standard Class,Doug OConnell,Consumer,Japan,APAC,North Asia,TEC-CO-10003759,Technology,Copiers,955,3,0,429.75,65.91,Medium,2011
IN-2011-11889,2011-05-24,2011-05-28,Standard Class,Doug OConnell,Consumer,Japan,APAC,North Asia,TEC-PH-10001321,Technology,Phones,978,7,0,205.38,40.25,Medium,2011
IN-2011-62184,2011-05-24,2011-05-28,Standard Class,Denny Blanton,Consumer,Indonesia,APAC,Southeast Asia,OFF-ST-10004228,Office Supplies,Storage,366,8,0.17,61.57,28.42,Medium,2011
IN-2011-36753,2011-05-24,2011-05-28,Standard Class,Mitch Willingham,Corporate,Australia,APAC,Oceania,TEC-AC-10002883,Technology,Accessories,253,4,0.1,87.1,25.62,High,2011
IN-2011-74616,2011-05-24,2011-05-26,Second Class,Erica Hackney,Consumer,Bangladesh,APAC,Central Asia,OFF-FA-10000581,Office Supplies,Fasteners,82,6,0,27,22.99,Critical,2011
IN-2011-18385,2011-05-24,2011-05-26,Second Class,Rose OBrian,Consumer,China,APAC,North Asia,OFF-PA-10003906,Office Supplies,Paper,82,6,0,37.08,21.16,High,2011
IN-2011-18385,2011-05-24,2011-05-26,Second Class,Rose OBrian,Consumer,China,APAC,North Asia,TEC-CO-10000778,Technology,Copiers,170,1,0,16.98,20.72,High,2011
IN-2011-36753,2011-05-24,2011-05-28,Standard Class,Mitch Willingham,Corporate,Australia,APAC,Oceania,OFF-AR-10001278,Office Supplies,Art,191,14,0.1,63.25,19.02,High,2011
MX-2011-148033,2011-05-24,2011-05-28,Standard Class,Corey Roper,Home Office,Brazil,LATAM,South,TEC-AC-10004051,Technology,Accessories,201,7,0,62.16,14.91,Medium,2011
CA-2011-143413,2011-05-24,2011-05-30,Standard Class,Resi Pölking,Consumer,United States,US,East,OFF-PA-10002319,Office Supplies,Paper,116,3,0,56.98,14.48,Low,2011
IN-2011-81658,2011-05-24,2011-05-27,Second Class,Helen Andreada,Consumer,New Zealand,APAC,Oceania,OFF-SU-10004791,Office Supplies,Supplies,112,4,0,37.92,12.58,High,2011
IN-2011-36753,2011-05-24,2011-05-28,Standard Class,Mitch Willingham,Corporate,Australia,APAC,Oceania,TEC-AC-10000860,Technology,Accessories,50,1,0.1,1.09,7.61,High,2011
IN-2011-81658,2011-05-24,2011-05-27,Second Class,Helen Andreada,Consumer,New Zealand,APAC,Oceania,OFF-LA-10003297,Office Supplies,Labels,22,2,0,7.98,4.89,High,2011
IN-2011-81658,2011-05-24,2011-05-27,Second Class,Helen Andreada,Consumer,New Zealand,APAC,Oceania,OFF-PA-10001733,Office Supplies,Paper,27,2,0,9.9,4.3,High,2011
UP-2011-1250,2011-05-24,2011-05-30,Standard Class,Larry Blacks,Consumer,Ukraine,EMEA,EMEA,OFF-AVE-10004909,Office Supplies,Binders,29,1,0,10.26,1.98,Medium,2011
IT-2011-1780558,2011-05-25,2011-05-29,Standard Class,Julie Creighton,Corporate,Italy,EU,South,TEC-AC-10002738,Technology,Accessories,698,6,0,209.34,42.03,Medium,2011
US-2011-123701,2011-05-25,2011-06-01,Standard Class,Frank Atkinson,Corporate,Honduras,LATAM,Central,FUR-CH-10004054,Furniture,Chairs,213,4,0.4,-77.97,28.69,Low,2011
MO-2011-5440,2011-05-25,2011-05-30,Second Class,Corey-Lock,Consumer,Morocco,Africa,Africa,OFF-FEL-10001865,Office Supplies,Storage,273,2,0,57.24,27.61,Medium,2011
IT-2011-1780558,2011-05-25,2011-05-29,Standard Class,Julie Creighton,Corporate,Italy,EU,South,TEC-PH-10002312,Technology,Phones,601,6,0.4,-370.51,26.54,Medium,2011
IT-2011-1780558,2011-05-25,2011-05-29,Standard Class,Julie Creighton,Corporate,Italy,EU,South,OFF-ST-10000085,Office Supplies,Storage,256,3,0.4,-102.37,17.28,Medium,2011
SF-2011-4660,2011-05-25,2011-05-30,Standard Class,Lauren Leatherbury,Consumer,South Africa,Africa,Africa,OFF-TEN-10002835,Office Supplies,Storage,205,1,0,57.27,15.07,Medium,2011
US-2011-155810,2011-05-25,2011-05-30,Standard Class,Phillip Breyer,Corporate,Honduras,LATAM,Central,FUR-TA-10004353,Furniture,Tables,193,2,0.7,-334.55,11.95,Medium,2011
SF-2011-4660,2011-05-25,2011-05-30,Standard Class,Lauren Leatherbury,Consumer,South Africa,Africa,Africa,OFF-KRA-10001807,Office Supplies,Envelopes,116,4,0,9.24,11.24,Medium,2011
SF-2011-4660,2011-05-25,2011-05-30,Standard Class,Lauren Leatherbury,Consumer,South Africa,Africa,Africa,OFF-BIN-10000712,Office Supplies,Art,103,2,0,19.5,9.87,Medium,2011
US-2011-130379,2011-05-25,2011-05-29,Standard Class,Janet Lee,Consumer,United States,US,Central,OFF-AP-10001394,Office Supplies,Appliances,76,2,0.8,-166.32,8.27,Medium,2011
SF-2011-4660,2011-05-25,2011-05-30,Standard Class,Lauren Leatherbury,Consumer,South Africa,Africa,Africa,OFF-SAN-10001634,Office Supplies,Art,102,2,0,13.2,7.52,Medium,2011
IT-2011-1780558,2011-05-25,2011-05-29,Standard Class,Julie Creighton,Corporate,Italy,EU,South,OFF-AR-10000833,Office Supplies,Art,60,2,0,13.68,6.03,Medium,2011
MO-2011-5440,2011-05-25,2011-05-30,Second Class,Corey-Lock,Consumer,Morocco,Africa,Africa,TEC-BEL-10003177,Technology,Accessories,82,1,0,4.89,2.47,Medium,2011
US-2011-130379,2011-05-25,2011-05-29,Standard Class,Janet Lee,Consumer,United States,US,Central,FUR-FU-10002553,Furniture,Furnishings,29,2,0.6,-24.19,2.45,Medium,2011
IT-2011-1780558,2011-05-25,2011-05-29,Standard Class,Julie Creighton,Corporate,Italy,EU,South,OFF-AR-10002991,Office Supplies,Art,24,1,0,4.56,0.98,Medium,2011
CA-2011-100391,2011-05-25,2011-05-29,Standard Class,Barry Weirich,Consumer,United States,US,East,OFF-PA-10001471,Office Supplies,Paper,15,2,0,6.73,0.31,Medium,2011
ES-2011-3517120,2011-05-26,2011-05-30,Standard Class,Gene Hale,Corporate,United Kingdom,EU,North,OFF-ST-10004020,Office Supplies,Storage,2859,14,0,171.36,83.05,Medium,2011
ES-2011-5540627,2011-05-26,2011-06-02,Standard Class,Cari Schnelling,Consumer,United Kingdom,EU,North,FUR-BO-10001287,Furniture,Bookcases,608,4,0.1,189.04,51.52,Low,2011
CA-2011-144029,2011-05-26,2011-05-31,Standard Class,Michelle Moray,Consumer,United States,US,Central,FUR-CH-10003981,Furniture,Chairs,360,2,0.3,-5.14,41.4,Medium,2011
ES-2011-5540627,2011-05-26,2011-06-02,Standard Class,Cari Schnelling,Consumer,United Kingdom,EU,North,OFF-AR-10000091,Office Supplies,Art,159,8,0.1,13.99,21.1,Low,2011
CA-2011-156349,2011-05-26,2011-05-30,Standard Class,Marina Lichtenstein,Corporate,United States,US,West,TEC-PH-10000441,Technology,Phones,202,2,0.2,20.16,20.96,High,2011
ES-2011-5540627,2011-05-26,2011-06-02,Standard Class,Cari Schnelling,Consumer,United Kingdom,EU,North,OFF-ST-10004377,Office Supplies,Storage,255,2,0.1,45.29,19.24,Low,2011
CA-2011-156349,2011-05-26,2011-05-30,Standard Class,Marina Lichtenstein,Corporate,United States,US,West,FUR-BO-10000362,Furniture,Bookcases,291,2,0.15,27.36,15.3,High,2011
IN-2011-74994,2011-05-26,2011-05-31,Standard Class,Andrew Gjertsen,Corporate,India,APAC,Central Asia,TEC-AC-10004016,Technology,Accessories,185,6,0,44.46,13.48,Medium,2011
CA-2011-129574,2011-05-26,2011-05-29,First Class,Dean percer,Home Office,United States,US,West,OFF-PA-10002893,Office Supplies,Paper,48,5,0,23.23,12.93,High,2011
CA-2011-156349,2011-05-26,2011-05-30,Standard Class,Marina Lichtenstein,Corporate,United States,US,West,TEC-PH-10002726,Technology,Phones,84,2,0.2,31.49,11.34,High,2011
MX-2011-151897,2011-05-26,2011-05-28,Second Class,Sheri Gordon,Consumer,Brazil,LATAM,South,OFF-BI-10000827,Office Supplies,Binders,52,5,0,13.9,8.7,High,2011
CA-2011-158029,2011-05-26,2011-05-30,Standard Class,Herbert Flentye,Consumer,United States,US,West,FUR-CH-10000988,Furniture,Chairs,225,2,0.2,22.53,8.34,Medium,2011
ES-2011-5540627,2011-05-26,2011-06-02,Standard Class,Cari Schnelling,Consumer,United Kingdom,EU,North,OFF-BI-10002511,Office Supplies,Binders,123,5,0.1,4.04,7.96,Low,2011
CA-2011-144029,2011-05-26,2011-05-31,Standard Class,Michelle Moray,Consumer,United States,US,Central,OFF-ST-10001837,Office Supplies,Storage,103,3,0.2,7.7,7.26,Medium,2011
ES-2011-3517120,2011-05-26,2011-05-30,Standard Class,Gene Hale,Corporate,United Kingdom,EU,North,OFF-SU-10002379,Office Supplies,Supplies,164,6,0,6.48,7.16,Medium,2011
IN-2011-47533,2011-05-26,2011-06-01,Standard Class,Bryan Davis,Consumer,India,APAC,Central Asia,OFF-SU-10001709,Office Supplies,Supplies,45,2,0,19.14,5.32,Low,2011
ES-2011-3366039,2011-05-26,2011-05-28,First Class,Shahid Hopkins,Consumer,France,EU,Central,OFF-AR-10002640,Office Supplies,Art,43,3,0,0.81,5.31,Medium,2011
IN-2011-74994,2011-05-26,2011-05-31,Standard Class,Andrew Gjertsen,Corporate,India,APAC,Central Asia,OFF-BI-10003265,Office Supplies,Binders,100,8,0,8.88,4.64,Medium,2011
ES-2011-3517120,2011-05-26,2011-05-30,Standard Class,Gene Hale,Corporate,United Kingdom,EU,North,OFF-ST-10001576,Office Supplies,Storage,46,2,0,15.3,4.35,Medium,2011
CA-2011-144029,2011-05-26,2011-05-31,Standard Class,Michelle Moray,Consumer,United States,US,Central,OFF-AR-10000716,Office Supplies,Art,13,3,0.2,3.18,1.02,Medium,2011
CA-2011-139192,2011-05-27,2011-06-01,Second Class,Lena Creighton,Consumer,United States,US,West,TEC-PH-10000486,Technology,Phones,1114,12,0.2,125.27,180.89,Medium,2011
CA-2011-124429,2011-05-27,2011-05-27,Same Day,Maya Herman,Corporate,United States,US,West,OFF-ST-10001809,Office Supplies,Storage,359,4,0,7.19,92.1,High,2011
ES-2011-1657853,2011-05-27,2011-05-30,First Class,David Philippe,Consumer,Germany,EU,Central,FUR-BO-10002182,Furniture,Bookcases,713,4,0.1,39.56,75.91,Medium,2011
ID-2011-46049,2011-05-27,2011-05-31,Standard Class,Rick Wilson,Corporate,Australia,APAC,Oceania,TEC-PH-10004358,Technology,Phones,735,12,0.1,-0.32,74.35,Medium,2011
ES-2011-1657853,2011-05-27,2011-05-30,First Class,David Philippe,Consumer,Germany,EU,Central,OFF-AP-10003717,Office Supplies,Appliances,324,6,0.1,-25.2,66.37,Medium,2011
ES-2011-1657853,2011-05-27,2011-05-30,First Class,David Philippe,Consumer,Germany,EU,Central,FUR-TA-10004132,Furniture,Tables,827,4,0.35,-394.57,64.87,Medium,2011
CA-2011-124429,2011-05-27,2011-05-27,Same Day,Maya Herman,Corporate,United States,US,West,FUR-TA-10002607,Furniture,Tables,567,10,0.2,-28.36,64.25,High,2011
ID-2011-46049,2011-05-27,2011-05-31,Standard Class,Rick Wilson,Corporate,Australia,APAC,Oceania,TEC-AC-10000398,Technology,Accessories,205,2,0.1,-22.78,13.7,Medium,2011
MX-2011-152597,2011-05-27,2011-06-02,Standard Class,Roy Collins,Consumer,Mexico,LATAM,North,FUR-FU-10003066,Furniture,Furnishings,88,2,0.4,-42.6,7.9,Medium,2011
ES-2011-3846264,2011-05-27,2011-05-31,Standard Class,Lisa Hazard,Consumer,Germany,EU,Central,OFF-FA-10004734,Office Supplies,Fasteners,100,6,0,32.76,7.79,Medium,2011
MX-2011-155530,2011-05-27,2011-05-30,First Class,Craig Carreira,Consumer,Mexico,LATAM,North,FUR-FU-10004823,Furniture,Furnishings,60,3,0.4,-25.01,7.6,High,2011
MX-2011-152597,2011-05-27,2011-06-02,Standard Class,Roy Collins,Consumer,Mexico,LATAM,North,OFF-ST-10001051,Office Supplies,Storage,130,4,0,32.56,7.02,Medium,2011
ES-2011-1657853,2011-05-27,2011-05-30,First Class,David Philippe,Consumer,Germany,EU,Central,OFF-BI-10001833,Office Supplies,Binders,44,6,0,13.5,5.79,Medium,2011
CA-2011-139192,2011-05-27,2011-06-01,Second Class,Lena Creighton,Consumer,United States,US,West,TEC-AC-10001606,Technology,Accessories,100,1,0,38,4.82,Medium,2011
US-2011-117058,2011-05-27,2011-05-30,First Class,Laurel Elliston,Consumer,United States,US,Central,OFF-BI-10004139,Office Supplies,Binders,17,6,0.8,-30.56,4.47,High,2011
ES-2011-1657853,2011-05-27,2011-05-30,First Class,David Philippe,Consumer,Germany,EU,Central,OFF-BI-10002570,Office Supplies,Binders,141,5,0,29.55,4.37,Medium,2011
RO-2011-7220,2011-05-27,2011-06-02,Standard Class,Mitch Gastineau,Corporate,Romania,EMEA,EMEA,FUR-TEN-10003349,Furniture,Furnishings,49,1,0,16.59,3.97,Medium,2011
MX-2011-152597,2011-05-27,2011-06-02,Standard Class,Roy Collins,Consumer,Mexico,LATAM,North,OFF-EN-10002674,Office Supplies,Envelopes,63,2,0,24,3.69,Medium,2011
MX-2011-152597,2011-05-27,2011-06-02,Standard Class,Roy Collins,Consumer,Mexico,LATAM,North,OFF-PA-10000745,Office Supplies,Paper,67,6,0,19.44,3.38,Medium,2011
MX-2011-152597,2011-05-27,2011-06-02,Standard Class,Roy Collins,Consumer,Mexico,LATAM,North,OFF-SU-10003040,Office Supplies,Supplies,44,2,0,6.52,2.76,Medium,2011
MX-2011-155530,2011-05-27,2011-05-30,First Class,Craig Carreira,Consumer,Mexico,LATAM,North,OFF-LA-10001484,Office Supplies,Labels,24,4,0,10.56,2.59,High,2011
MX-2011-152597,2011-05-27,2011-06-02,Standard Class,Roy Collins,Consumer,Mexico,LATAM,North,OFF-AR-10004173,Office Supplies,Art,14,2,0,6.16,1.32,Medium,2011
RO-2011-7220,2011-05-27,2011-06-02,Standard Class,Mitch Gastineau,Corporate,Romania,EMEA,EMEA,OFF-STO-10003098,Office Supplies,Fasteners,13,1,0,4.5,0.53,Medium,2011
MX-2011-152597,2011-05-27,2011-06-02,Standard Class,Roy Collins,Consumer,Mexico,LATAM,North,OFF-BI-10002222,Office Supplies,Binders,23,3,0,2.94,0.39,Medium,2011
IT-2011-3515682,2011-05-27,2011-05-30,First Class,Matt Collister,Corporate,Sweden,EU,North,OFF-EN-10003977,Office Supplies,Envelopes,46,11,0.5,-38.45,0.29,Medium,2011
MX-2011-155999,2011-05-28,2011-06-02,Standard Class,Harold Pawlan,Home Office,Mexico,LATAM,North,TEC-PH-10002127,Technology,Phones,1303,3,0,39.06,97.06,High,2011
IN-2011-74126,2011-05-28,2011-05-31,Second Class,Eric Murdock,Consumer,Indonesia,APAC,Southeast Asia,FUR-BO-10003301,Furniture,Bookcases,471,3,0.07,65.8,29.54,High,2011
CA-2011-108861,2011-05-28,2011-06-01,Standard Class,Magdelene Morse,Consumer,United States,US,West,OFF-BI-10003876,Office Supplies,Binders,137,4,0.2,51.36,8.29,Medium,2011
ES-2011-2520395,2011-05-28,2011-06-02,Standard Class,Joy Bell-,Consumer,United Kingdom,EU,North,TEC-AC-10002670,Technology,Accessories,54,2,0,12.42,5.75,High,2011
CA-2011-135993,2011-05-28,2011-06-02,Standard Class,Patrick Jones,Corporate,United States,US,West,TEC-PH-10001552,Technology,Phones,57,6,0.2,5.74,3.1,Medium,2011
MX-2011-168928,2011-05-28,2011-05-28,Same Day,Shirley Jackson,Consumer,Mexico,LATAM,North,TEC-AC-10004713,Technology,Accessories,54,3,0,10.26,0.93,Medium,2011
IT-2011-5629016,2011-05-30,2011-06-02,First Class,Toby Carlisle,Consumer,France,EU,Central,FUR-TA-10000347,Furniture,Tables,2229,7,0.35,-754.41,440.25,Critical,2011
CA-2011-103429,2011-05-30,2011-06-01,First Class,Laurel Workman,Corporate,United States,US,East,TEC-PH-10003505,Technology,Phones,464,5,0,134.56,123.97,Critical,2011
IN-2011-12288,2011-05-30,2011-06-04,Standard Class,John Stevenson,Consumer,India,APAC,Central Asia,TEC-PH-10003488,Technology,Phones,956,7,0,162.54,89.01,Medium,2011
CA-2011-103429,2011-05-30,2011-06-01,First Class,Laurel Workman,Corporate,United States,US,East,OFF-AP-10001005,Office Supplies,Appliances,236,3,0,77.86,73.89,Critical,2011
CA-2011-140473,2011-05-30,2011-06-03,Standard Class,Mark Cousins,Corporate,United States,US,Central,TEC-CO-10004202,Technology,Copiers,720,3,0.2,135,58.04,Medium,2011
MX-2011-156986,2011-05-30,2011-06-02,Second Class,Philip Fox,Consumer,Brazil,LATAM,South,TEC-PH-10004242,Technology,Phones,740,9,0,162.72,38.4,Medium,2011
MX-2011-146248,2011-05-30,2011-06-05,Standard Class,Liz Carlisle,Consumer,Brazil,LATAM,South,TEC-CO-10003262,Technology,Copiers,1198,5,0,165.6,34.75,Medium,2011
CA-2011-145800,2011-05-30,2011-06-05,Standard Class,Shahid Shariari,Consumer,United States,US,Central,FUR-TA-10001539,Furniture,Tables,355,3,0.5,-184.84,34.69,Medium,2011
MX-2011-146248,2011-05-30,2011-06-05,Standard Class,Liz Carlisle,Consumer,Brazil,LATAM,South,FUR-BO-10004980,Furniture,Bookcases,489,2,0,29.32,34.39,Medium,2011
IN-2011-12288,2011-05-30,2011-06-04,Standard Class,John Stevenson,Consumer,India,APAC,Central Asia,TEC-CO-10003982,Technology,Copiers,381,3,0,163.62,28,Medium,2011
MX-2011-154116,2011-05-30,2011-06-03,Second Class,Pierre Wener,Consumer,Mexico,LATAM,North,FUR-BO-10002352,Furniture,Bookcases,232,3,0.2,23.14,18.98,Medium,2011
IN-2011-86642,2011-05-30,2011-06-04,Standard Class,Fred Hopkins,Corporate,Australia,APAC,Oceania,OFF-PA-10001142,Office Supplies,Paper,204,6,0,46.8,16.94,Medium,2011
CA-2011-103429,2011-05-30,2011-06-01,First Class,Laurel Workman,Corporate,United States,US,East,OFF-PA-10001712,Office Supplies,Paper,40,4,0,17.98,12.9,Critical,2011
CA-2011-105872,2011-05-30,2011-06-06,Standard Class,James Galang,Consumer,United States,US,East,OFF-BI-10003684,Office Supplies,Binders,70,4,0.2,26.39,12.8,Low,2011
CA-2011-103429,2011-05-30,2011-06-01,First Class,Laurel Workman,Corporate,United States,US,East,OFF-BI-10004233,Office Supplies,Binders,26,2,0.2,8.95,7.86,Critical,2011
ID-2011-30642,2011-05-30,2011-06-03,Second Class,Randy Ferguson,Corporate,Philippines,APAC,Southeast Asia,OFF-FA-10000038,Office Supplies,Fasteners,55,6,0.45,-0.04,6.6,High,2011
ID-2011-81917,2011-05-30,2011-06-01,First Class,Art Ferguson,Consumer,New Zealand,APAC,Oceania,OFF-EN-10001044,Office Supplies,Envelopes,32,2,0.4,-14.89,6.49,High,2011
ID-2011-62884,2011-05-30,2011-05-30,Same Day,Joe Elijah,Consumer,Australia,APAC,Oceania,OFF-FA-10000353,Office Supplies,Fasteners,29,3,0.4,-6.41,6.19,High,2011
RS-2011-5800,2011-05-30,2011-06-01,First Class,Arianne Irving,Consumer,Russia,EMEA,EMEA,OFF-BIN-10002236,Office Supplies,Art,54,2,0,24.78,2.97,Medium,2011
RS-2011-5800,2011-05-30,2011-06-01,First Class,Arianne Irving,Consumer,Russia,EMEA,EMEA,OFF-CAR-10004886,Office Supplies,Binders,14,1,0,5.1,2.24,Medium,2011
MX-2011-154116,2011-05-30,2011-06-03,Second Class,Pierre Wener,Consumer,Mexico,LATAM,North,OFF-SU-10001368,Office Supplies,Supplies,22,3,0,9.3,1.75,Medium,2011
ID-2011-62884,2011-05-30,2011-05-30,Same Day,Joe Elijah,Consumer,Australia,APAC,Oceania,OFF-BI-10003340,Office Supplies,Binders,21,4,0.4,-6.14,1.66,High,2011
IN-2011-29067,2011-05-30,2011-06-03,Second Class,Shui Tom,Consumer,India,APAC,Central Asia,OFF-BI-10000168,Office Supplies,Binders,11,2,0,2.82,0.8,Medium,2011
RS-2011-5800,2011-05-30,2011-06-01,First Class,Arianne Irving,Consumer,Russia,EMEA,EMEA,OFF-STA-10000244,Office Supplies,Art,46,1,0,7.29,0.38,Medium,2011
CA-2011-146885,2011-05-30,2011-06-05,Standard Class,Ellis Ballard,Corporate,United States,US,South,OFF-PA-10001622,Office Supplies,Paper,14,3,0,6.13,0.35,Medium,2011
MX-2011-147816,2011-05-31,2011-06-04,Standard Class,Lela Donovan,Corporate,Mexico,LATAM,North,TEC-CO-10003048,Technology,Copiers,762,3,0,120.57,173.68,High,2011
RO-2011-9170,2011-05-31,2011-06-04,Standard Class,Craig Molinari,Corporate,Romania,EMEA,EMEA,TEC-NOK-10003562,Technology,Phones,1680,10,0,285.6,143.59,Medium,2011
IN-2011-81308,2011-05-31,2011-06-06,Standard Class,Erin Smith,Corporate,Australia,APAC,Oceania,OFF-AP-10000108,Office Supplies,Appliances,1245,4,0.4,62.18,106.4,Medium,2011
IN-2011-75218,2011-05-31,2011-05-31,Same Day,Amy Hunt,Consumer,India,APAC,Central Asia,TEC-AC-10001463,Technology,Accessories,383,8,0,68.64,65.04,Medium,2011
IT-2011-3076849,2011-05-31,2011-06-05,Standard Class,Jocasta Rupert,Consumer,Italy,EU,South,TEC-CO-10001567,Technology,Copiers,524,2,0,5.22,52.53,Medium,2011
MX-2011-140851,2011-05-31,2011-06-05,Standard Class,Jennifer Halladay,Consumer,Nicaragua,LATAM,Central,FUR-TA-10003497,Furniture,Tables,539,3,0.2,188.77,47.21,Medium,2011
CA-2011-166051,2011-05-31,2011-06-05,Standard Class,Jim Karlsson,Consumer,United States,US,South,TEC-PH-10002680,Technology,Phones,660,3,0,197.99,46.84,Medium,2011
RO-2011-9170,2011-05-31,2011-06-04,Standard Class,Craig Molinari,Corporate,Romania,EMEA,EMEA,FUR-BEV-10002369,Furniture,Tables,336,1,0,43.71,33.79,Medium,2011
RW-2011-3040,2011-05-31,2011-05-31,Same Day,Maribeth Dona,Consumer,Rwanda,Africa,Africa,TEC-OKI-10002736,Technology,Machines,346,2,0,41.46,32.34,Medium,2011
MX-2011-165673,2011-05-31,2011-06-05,Standard Class,Phillip Breyer,Corporate,Cuba,LATAM,Caribbean,TEC-CO-10001978,Technology,Copiers,636,5,0,266.13,18.26,High,2011
US-2011-149041,2011-05-31,2011-06-05,Standard Class,Phillip Breyer,Corporate,Brazil,LATAM,South,TEC-CO-10004409,Technology,Copiers,253,5,0.6,-116.01,14.15,Medium,2011
IN-2011-86782,2011-05-31,2011-06-03,First Class,Maria Etezadi,Home Office,New Zealand,APAC,Oceania,OFF-BI-10003132,Office Supplies,Binders,98,2,0,45.24,11.12,High,2011
IN-2011-75218,2011-05-31,2011-05-31,Same Day,Amy Hunt,Consumer,India,APAC,Central Asia,OFF-EN-10003498,Office Supplies,Envelopes,139,3,0,51.3,10.77,Medium,2011
MX-2011-128538,2011-05-31,2011-06-04,Standard Class,Peter Fuller,Consumer,Colombia,LATAM,South,FUR-FU-10002800,Furniture,Furnishings,67,2,0,18.8,7.11,High,2011
MX-2011-140851,2011-05-31,2011-06-05,Standard Class,Jennifer Halladay,Consumer,Nicaragua,LATAM,Central,TEC-PH-10002121,Technology,Phones,147,3,0,71.76,6.85,Medium,2011
IN-2011-86782,2011-05-31,2011-06-03,First Class,Maria Etezadi,Home Office,New Zealand,APAC,Oceania,FUR-FU-10001260,Furniture,Furnishings,70,4,0,2.04,6.21,High,2011
RW-2011-3040,2011-05-31,2011-05-31,Same Day,Maribeth Dona,Consumer,Rwanda,Africa,Africa,OFF-FIS-10004067,Office Supplies,Supplies,55,4,0,8.76,5.64,Medium,2011
IT-2011-3076849,2011-05-31,2011-06-05,Standard Class,Jocasta Rupert,Consumer,Italy,EU,South,OFF-ST-10003641,Office Supplies,Storage,102,3,0.4,-25.45,4.53,Medium,2011
IN-2011-86782,2011-05-31,2011-06-03,First Class,Maria Etezadi,Home Office,New Zealand,APAC,Oceania,OFF-LA-10000438,Office Supplies,Labels,65,6,0,32.58,4.52,High,2011
RW-2011-3040,2011-05-31,2011-05-31,Same Day,Maribeth Dona,Consumer,Rwanda,Africa,Africa,FUR-TEN-10000407,Furniture,Furnishings,85,2,0,13.56,4.38,Medium,2011
CA-2011-166051,2011-05-31,2011-06-05,Standard Class,Jim Karlsson,Consumer,United States,US,South,TEC-PH-10002538,Technology,Phones,114,3,0,32.98,3.63,Medium,2011
RO-2011-9170,2011-05-31,2011-06-04,Standard Class,Craig Molinari,Corporate,Romania,EMEA,EMEA,OFF-STA-10004163,Office Supplies,Art,47,2,0,15.9,2.61,Medium,2011
IN-2011-45489,2011-05-31,2011-06-06,Standard Class,Gary Hwang,Consumer,India,APAC,Central Asia,OFF-FA-10004698,Office Supplies,Fasteners,32,3,0,0.9,2.46,Low,2011
MX-2011-165673,2011-05-31,2011-06-05,Standard Class,Phillip Breyer,Corporate,Cuba,LATAM,Caribbean,OFF-PA-10004385,Office Supplies,Paper,18,2,0,5.72,2.03,High,2011
US-2011-149041,2011-05-31,2011-06-05,Standard Class,Phillip Breyer,Corporate,Brazil,LATAM,South,OFF-PA-10000601,Office Supplies,Paper,7,2,0.6,-5.06,0.41,Medium,2011
IN-2011-30824,2011-06-01,2011-06-03,First Class,Adam Bellavance,Home Office,Indonesia,APAC,Southeast Asia,FUR-CH-10003841,Furniture,Chairs,1038,8,0.27,298.51,202.94,Medium,2011
ES-2011-3108517,2011-06-01,2011-06-06,Standard Class,Matt Hagelstein,Corporate,Ireland,EU,North,FUR-BO-10004254,Furniture,Bookcases,1029,5,0.5,-247.13,141.5,High,2011
CA-2011-131926,2011-06-01,2011-06-06,Second Class,Dianna Wilson,Home Office,United States,US,Central,OFF-AP-10002945,Office Supplies,Appliances,1503,5,0,496.07,120.84,Medium,2011
US-2011-165659,2011-06-01,2011-06-06,Standard Class,Liz Thompson,Consumer,United States,US,South,TEC-PH-10002563,Technology,Phones,882,7,0,229.3,112.32,High,2011
CA-2011-131926,2011-06-01,2011-06-06,Second Class,Dianna Wilson,Home Office,United States,US,Central,FUR-CH-10004063,Furniture,Chairs,2002,7,0,580.54,81.39,Medium,2011
ES-2011-5940123,2011-06-01,2011-06-04,Second Class,Mike Caudle,Corporate,United Kingdom,EU,North,TEC-AC-10000140,Technology,Accessories,806,14,0,185.22,80.12,Medium,2011
MX-2011-147158,2011-06-01,2011-06-06,Standard Class,Yana Sorensen,Corporate,Nicaragua,LATAM,Central,FUR-BO-10002084,Furniture,Bookcases,482,2,0,130.24,66.7,High,2011
ES-2011-5940123,2011-06-01,2011-06-04,Second Class,Mike Caudle,Corporate,United Kingdom,EU,North,TEC-AC-10002263,Technology,Accessories,450,4,0,58.44,64.21,Medium,2011
MX-2011-136322,2011-06-01,2011-06-05,Standard Class,Muhammed MacIntyre,Corporate,Mexico,LATAM,North,TEC-AC-10001082,Technology,Accessories,389,7,0,23.24,40.18,Medium,2011
ES-2011-5940123,2011-06-01,2011-06-04,Second Class,Mike Caudle,Corporate,United Kingdom,EU,North,OFF-ST-10000127,Office Supplies,Storage,512,9,0,209.79,36.17,Medium,2011
MX-2011-144743,2011-06-01,2011-06-04,First Class,Nick Zandusky,Home Office,Brazil,LATAM,South,TEC-PH-10004888,Technology,Phones,223,2,0,109.04,34.93,High,2011
MX-2011-105494,2011-06-01,2011-06-01,Same Day,Pete Armstrong,Home Office,Mexico,LATAM,North,OFF-AR-10003336,Office Supplies,Art,90,5,0,31.6,27.41,Critical,2011
ES-2011-1441570,2011-06-01,2011-06-05,Standard Class,Monica Federle,Corporate,France,EU,Central,TEC-PH-10003770,Technology,Phones,212,2,0.15,69.72,23.66,High,2011
TU-2011-7020,2011-06-01,2011-06-01,Same Day,William Brown,Consumer,Turkey,EMEA,EMEA,OFF-FEL-10001865,Office Supplies,Storage,109,2,0.6,-106.42,17.97,Critical,2011
ES-2011-1010958,2011-06-01,2011-06-06,Standard Class,Liz Thompson,Consumer,France,EU,Central,OFF-EN-10003465,Office Supplies,Envelopes,140,6,0,8.28,16.57,High,2011
MX-2011-137946,2011-06-01,2011-06-03,First Class,Claudia Bergmann,Corporate,Mexico,LATAM,North,TEC-AC-10003738,Technology,Accessories,51,2,0,22.32,15.18,Critical,2011
CA-2011-111003,2011-06-01,2011-06-06,Standard Class,Corey Roper,Home Office,United States,US,East,OFF-AR-10002135,Office Supplies,Art,289,6,0,83.87,14.33,Medium,2011
ES-2011-2801336,2011-06-01,2011-06-05,Standard Class,Deborah Brumfield,Home Office,Spain,EU,South,OFF-BI-10002225,Office Supplies,Binders,103,2,0,35.88,13.91,High,2011
US-2011-157070,2011-06-01,2011-06-06,Standard Class,Quincy Jones,Corporate,United States,US,Central,OFF-BI-10001765,Office Supplies,Binders,139,4,0,66.51,11.26,Medium,2011
IN-2011-80272,2011-06-01,2011-06-04,First Class,Eric Barreto,Consumer,Australia,APAC,Oceania,OFF-ST-10004972,Office Supplies,Storage,58,2,0.4,6.74,10.37,Critical,2011
ES-2011-1010958,2011-06-01,2011-06-06,Standard Class,Liz Thompson,Consumer,France,EU,Central,OFF-BI-10004924,Office Supplies,Binders,58,2,0,25.92,8.58,High,2011
CA-2011-131926,2011-06-01,2011-06-06,Second Class,Dianna Wilson,Home Office,United States,US,Central,OFF-ST-10002276,Office Supplies,Storage,167,2,0,41.68,8.11,Medium,2011
PL-2011-3160,2011-06-01,2011-06-05,Standard Class,Allen Armold,Consumer,Poland,EMEA,EMEA,TEC-ENE-10002686,Technology,Accessories,59,1,0,6.45,7.4,High,2011
PL-2011-3160,2011-06-01,2011-06-05,Standard Class,Allen Armold,Consumer,Poland,EMEA,EMEA,OFF-SME-10002823,Office Supplies,Storage,48,1,0,6.3,6.03,High,2011
US-2011-157070,2011-06-01,2011-06-06,Standard Class,Quincy Jones,Corporate,United States,US,Central,OFF-AP-10004859,Office Supplies,Appliances,66,5,0.1,12.38,5.8,Medium,2011
IN-2011-30824,2011-06-01,2011-06-03,First Class,Adam Bellavance,Home Office,Indonesia,APAC,Southeast Asia,FUR-CH-10001204,Furniture,Chairs,214,3,0.27,35.19,5.64,Medium,2011
CA-2011-131926,2011-06-01,2011-06-06,Second Class,Dianna Wilson,Home Office,United States,US,Central,OFF-PA-10004082,Office Supplies,Paper,48,6,0,23.94,4.27,Medium,2011
IN-2011-71634,2011-06-01,2011-06-06,Standard Class,Mark Cousins,Corporate,India,APAC,Central Asia,OFF-EN-10002007,Office Supplies,Envelopes,63,5,0,9.9,4.18,Medium,2011
TU-2011-7020,2011-06-01,2011-06-01,Same Day,William Brown,Consumer,Turkey,EMEA,EMEA,OFF-WIL-10002233,Office Supplies,Binders,13,4,0.6,-18.48,3.99,Critical,2011
TU-2011-7020,2011-06-01,2011-06-01,Same Day,William Brown,Consumer,Turkey,EMEA,EMEA,OFF-KRA-10000492,Office Supplies,Envelopes,10,1,0.6,-10.64,3.8,Critical,2011
TU-2011-7020,2011-06-01,2011-06-01,Same Day,William Brown,Consumer,Turkey,EMEA,EMEA,OFF-SAN-10002839,Office Supplies,Art,21,1,0.6,-11.93,3.49,Critical,2011
ES-2011-3108517,2011-06-01,2011-06-06,Standard Class,Matt Hagelstein,Corporate,Ireland,EU,North,OFF-BI-10000179,Office Supplies,Binders,28,2,0.5,-9.57,3.2,High,2011
US-2011-165659,2011-06-01,2011-06-06,Standard Class,Liz Thompson,Consumer,United States,US,South,FUR-FU-10001935,Furniture,Furnishings,22,6,0,9.1,2.68,High,2011
CA-2011-131926,2011-06-01,2011-06-06,Second Class,Dianna Wilson,Home Office,United States,US,Central,OFF-PA-10000061,Office Supplies,Paper,26,4,0,12.44,2.51,Medium,2011
ES-2011-3108517,2011-06-01,2011-06-06,Standard Class,Matt Hagelstein,Corporate,Ireland,EU,North,OFF-EN-10002849,Office Supplies,Envelopes,25,1,0.5,-5.58,1.97,High,2011
ES-2011-4040727,2011-06-01,2011-06-04,First Class,Anthony Johnson,Corporate,United Kingdom,EU,North,OFF-BI-10003440,Office Supplies,Binders,22,2,0,6.84,1.62,Medium,2011
SO-2011-3360,2011-06-01,2011-06-04,Second Class,Ashley Jarboe,Consumer,Somalia,Africa,Africa,OFF-STO-10000683,Office Supplies,Fasteners,21,2,0,5.88,1.56,Medium,2011
CA-2011-111003,2011-06-01,2011-06-06,Standard Class,Corey Roper,Home Office,United States,US,East,OFF-BI-10001072,Office Supplies,Binders,45,3,0,20.92,1.35,Medium,2011
SO-2011-3360,2011-06-01,2011-06-04,Second Class,Ashley Jarboe,Consumer,Somalia,Africa,Africa,OFF-ADV-10004875,Office Supplies,Fasteners,11,1,0,4.32,0.74,Medium,2011
PL-2011-3160,2011-06-01,2011-06-05,Standard Class,Allen Armold,Consumer,Poland,EMEA,EMEA,OFF-IBI-10001640,Office Supplies,Binders,7,1,0,3.42,0.68,High,2011
IT-2011-4812190,2011-06-02,2011-06-04,Second Class,Todd Sumrall,Corporate,Germany,EU,Central,FUR-CH-10001429,Furniture,Chairs,1253,3,0.1,-41.8,176.06,High,2011
ES-2011-3684586,2011-06-02,2011-06-07,Standard Class,Benjamin Venier,Corporate,United Kingdom,EU,North,OFF-AP-10001178,Office Supplies,Appliances,2053,4,0.1,410.46,149.09,High,2011
IN-2011-22802,2011-06-02,2011-06-06,Standard Class,Katherine Hughes,Consumer,Indonesia,APAC,Southeast Asia,FUR-BO-10003706,Furniture,Bookcases,413,3,0.07,182.18,62.43,High,2011
MX-2011-127250,2011-06-02,2011-06-08,Standard Class,Caroline Jumper,Consumer,El Salvador,LATAM,Central,FUR-TA-10004308,Furniture,Tables,1503,6,0.2,413.18,61.09,Medium,2011
IN-2011-43599,2011-06-02,2011-06-07,Standard Class,John Grady,Corporate,India,APAC,Central Asia,TEC-AC-10004487,Technology,Accessories,976,4,0,361.08,51.72,Medium,2011
CA-2011-100895,2011-06-02,2011-06-06,Standard Class,Stewart Visinsky,Consumer,United States,US,South,OFF-ST-10001490,Office Supplies,Storage,357,2,0,107.08,49.06,High,2011
ES-2011-3525697,2011-06-02,2011-06-07,Standard Class,Jack Lebron,Consumer,Italy,EU,South,TEC-CO-10003965,Technology,Copiers,442,3,0,0,48.2,High,2011
MX-2011-127250,2011-06-02,2011-06-08,Standard Class,Caroline Jumper,Consumer,El Salvador,LATAM,Central,TEC-AC-10001754,Technology,Accessories,450,6,0,184.32,42.57,Medium,2011
IN-2011-60266,2011-06-02,2011-06-08,Standard Class,Rick Bensley,Home Office,Australia,APAC,Oceania,FUR-CH-10003551,Furniture,Chairs,1161,8,0.1,489.98,39.54,Medium,2011
IN-2011-26372,2011-06-02,2011-06-04,Second Class,Bruce Stewart,Consumer,Singapore,APAC,Southeast Asia,OFF-ST-10004847,Office Supplies,Storage,266,2,0,122.52,30.3,High,2011
IN-2011-26372,2011-06-02,2011-06-04,Second Class,Bruce Stewart,Consumer,Singapore,APAC,Southeast Asia,OFF-SU-10001407,Office Supplies,Supplies,220,5,0,50.4,29.96,High,2011
MX-2011-141131,2011-06-02,2011-06-06,Standard Class,Berenike Kampe,Consumer,Ecuador,LATAM,South,FUR-CH-10003109,Furniture,Chairs,286,3,0,65.82,29.66,Medium,2011
CA-2011-100895,2011-06-02,2011-06-06,Standard Class,Stewart Visinsky,Consumer,United States,US,South,TEC-PH-10001425,Technology,Phones,240,3,0,67.19,27.96,High,2011
IT-2011-5193547,2011-06-02,2011-06-07,Second Class,Steven Ward,Corporate,Netherlands,EU,Central,TEC-AC-10003265,Technology,Accessories,388,3,0.5,-357.08,23.99,Medium,2011
IT-2011-5193547,2011-06-02,2011-06-07,Second Class,Steven Ward,Corporate,Netherlands,EU,Central,TEC-MA-10000327,Technology,Machines,243,6,0.5,-175.23,21.48,Medium,2011
IN-2011-67987,2011-06-02,2011-06-04,First Class,Dorothy Wardle,Corporate,Australia,APAC,Oceania,TEC-AC-10004652,Technology,Accessories,139,4,0.1,18.43,17.64,High,2011
MX-2011-127250,2011-06-02,2011-06-08,Standard Class,Caroline Jumper,Consumer,El Salvador,LATAM,Central,TEC-AC-10000241,Technology,Accessories,345,9,0,72.36,15.07,Medium,2011
ES-2011-5004766,2011-06-02,2011-06-06,Standard Class,Rob Haberlin,Consumer,France,EU,Central,TEC-PH-10000641,Technology,Phones,276,4,0.15,22.66,14.64,Medium,2011
TU-2011-9940,2011-06-02,2011-06-07,Second Class,Natalie Webber,Consumer,Turkey,EMEA,EMEA,FUR-BAR-10004553,Furniture,Tables,126,1,0.6,-161.11,11.34,Medium,2011
IN-2011-75540,2011-06-02,2011-06-07,Standard Class,Alyssa Tate,Home Office,Indonesia,APAC,Southeast Asia,OFF-SU-10000997,Office Supplies,Supplies,183,7,0.47,-89.83,8.08,Medium,2011
IT-2011-5193547,2011-06-02,2011-06-07,Second Class,Steven Ward,Corporate,Netherlands,EU,Central,OFF-AP-10003971,Office Supplies,Appliances,125,3,0.5,-105.39,7.11,Medium,2011
IT-2011-5193547,2011-06-02,2011-06-07,Second Class,Steven Ward,Corporate,Netherlands,EU,Central,OFF-PA-10004480,Office Supplies,Paper,90,4,0.5,-0.06,7.08,Medium,2011
ES-2011-3525697,2011-06-02,2011-06-07,Standard Class,Jack Lebron,Consumer,Italy,EU,South,OFF-ST-10000130,Office Supplies,Storage,56,2,0.4,-0.97,7.05,High,2011
IN-2011-43599,2011-06-02,2011-06-07,Standard Class,John Grady,Corporate,India,APAC,Central Asia,OFF-BI-10000721,Office Supplies,Binders,112,8,0,4.32,7.02,Medium,2011
IT-2011-5193547,2011-06-02,2011-06-07,Second Class,Steven Ward,Corporate,Netherlands,EU,Central,FUR-FU-10002957,Furniture,Furnishings,101,5,0.2,4.92,6.3,Medium,2011
IT-2011-5193547,2011-06-02,2011-06-07,Second Class,Steven Ward,Corporate,Netherlands,EU,Central,OFF-BI-10001621,Office Supplies,Binders,50,2,0.5,-21.93,6.03,Medium,2011
MX-2011-127250,2011-06-02,2011-06-08,Standard Class,Caroline Jumper,Consumer,El Salvador,LATAM,Central,OFF-SU-10002169,Office Supplies,Supplies,73,4,0,26.96,5.39,Medium,2011
IN-2011-43599,2011-06-02,2011-06-07,Standard Class,John Grady,Corporate,India,APAC,Central Asia,TEC-AC-10004938,Technology,Accessories,81,2,0,11.34,4.78,Medium,2011
CA-2011-104472,2011-06-02,2011-06-07,Standard Class,Christine Kargatis,Home Office,United States,US,West,OFF-BI-10001658,Office Supplies,Binders,60,3,0.2,19.44,4.76,Medium,2011
ES-2011-3684586,2011-06-02,2011-06-07,Standard Class,Benjamin Venier,Corporate,United Kingdom,EU,North,OFF-PA-10004746,Office Supplies,Paper,57,3,0.1,3.74,4.49,High,2011
CA-2011-104472,2011-06-02,2011-06-07,Standard Class,Christine Kargatis,Home Office,United States,US,West,FUR-FU-10000246,Furniture,Furnishings,73,6,0,22,4.38,Medium,2011
IN-2011-43599,2011-06-02,2011-06-07,Standard Class,John Grady,Corporate,India,APAC,Central Asia,OFF-ST-10003017,Office Supplies,Storage,51,3,0,7.56,3.21,Medium,2011
NI-2011-20,2011-06-02,2011-06-06,Standard Class,Becky Martin,Consumer,Nigeria,Africa,Africa,FUR-HON-10001558,Furniture,Chairs,48,1,0.7,-67.73,2.47,Medium,2011
TU-2011-9940,2011-06-02,2011-06-07,Second Class,Natalie Webber,Consumer,Turkey,EMEA,EMEA,FUR-ELD-10004994,Furniture,Furnishings,23,1,0.6,-9.08,2.12,Medium,2011
IN-2011-75540,2011-06-02,2011-06-07,Standard Class,Alyssa Tate,Home Office,Indonesia,APAC,Southeast Asia,OFF-SU-10004236,Office Supplies,Supplies,27,2,0.47,-7.08,2.1,Medium,2011
TU-2011-9940,2011-06-02,2011-06-07,Second Class,Natalie Webber,Consumer,Turkey,EMEA,EMEA,OFF-TEN-10001129,Office Supplies,Storage,22,1,0.6,-30.07,1.88,Medium,2011
IN-2011-75540,2011-06-02,2011-06-07,Standard Class,Alyssa Tate,Home Office,Indonesia,APAC,Southeast Asia,OFF-ST-10000016,Office Supplies,Storage,28,2,0.17,4.73,1.87,Medium,2011
IN-2011-43599,2011-06-02,2011-06-07,Standard Class,John Grady,Corporate,India,APAC,Central Asia,OFF-LA-10002107,Office Supplies,Labels,31,3,0,9.72,1.79,Medium,2011
MX-2011-127250,2011-06-02,2011-06-08,Standard Class,Caroline Jumper,Consumer,El Salvador,LATAM,Central,FUR-FU-10003874,Furniture,Furnishings,29,1,0,4.36,1.6,Medium,2011
MX-2011-127250,2011-06-02,2011-06-08,Standard Class,Caroline Jumper,Consumer,El Salvador,LATAM,Central,OFF-LA-10003140,Office Supplies,Labels,22,5,0,7.8,1.51,Medium,2011
CA-2011-100895,2011-06-02,2011-06-06,Standard Class,Stewart Visinsky,Consumer,United States,US,South,OFF-AR-10004511,Office Supplies,Art,9,2,0,2.65,1.42,High,2011
TU-2011-9940,2011-06-02,2011-06-07,Second Class,Natalie Webber,Consumer,Turkey,EMEA,EMEA,OFF-IBI-10004959,Office Supplies,Binders,12,2,0.6,-9.94,1.26,Medium,2011
IN-2011-75540,2011-06-02,2011-06-07,Standard Class,Alyssa Tate,Home Office,Indonesia,APAC,Southeast Asia,OFF-BI-10003012,Office Supplies,Binders,8,2,0.17,2.3,0.8,Medium,2011
TU-2011-9940,2011-06-02,2011-06-07,Second Class,Natalie Webber,Consumer,Turkey,EMEA,EMEA,OFF-SAN-10003285,Office Supplies,Art,10,2,0.6,-7.93,0.76,Medium,2011
UP-2011-5440,2011-06-03,2011-06-05,First Class,Clay Cheatham,Consumer,Ukraine,EMEA,EMEA,FUR-LES-10002026,Furniture,Tables,855,1,0,384.81,325.04,Critical,2011
ID-2011-20604,2011-06-03,2011-06-04,First Class,Randy Ferguson,Corporate,China,APAC,North Asia,FUR-BO-10001216,Furniture,Bookcases,1354,8,0,541.44,155.51,Medium,2011
IN-2011-35920,2011-06-03,2011-06-06,First Class,Stewart Carmichael,Corporate,Australia,APAC,Oceania,TEC-AC-10002649,Technology,Accessories,384,5,0.1,110.91,107.7,High,2011
ID-2011-42493,2011-06-03,2011-06-08,Standard Class,Susan Vittorini,Consumer,Australia,APAC,Oceania,FUR-CH-10002966,Furniture,Chairs,973,6,0.1,-75.67,96.55,Medium,2011
ID-2011-20604,2011-06-03,2011-06-04,First Class,Randy Ferguson,Corporate,China,APAC,North Asia,FUR-TA-10001494,Furniture,Tables,986,3,0.3,-408.62,78.44,Medium,2011
CA-2011-135657,2011-06-03,2011-06-07,Second Class,Steven Cartwright,Consumer,United States,US,West,FUR-TA-10004086,Furniture,Tables,516,6,0,113.49,76.53,Medium,2011
IN-2011-12316,2011-06-03,2011-06-05,Second Class,Maribeth Schnelling,Consumer,China,APAC,North Asia,TEC-PH-10000303,Technology,Phones,2545,4,0,1068.84,52.31,Critical,2011
CA-2011-163867,2011-06-03,2011-06-06,First Class,Richard Eichhorn,Consumer,United States,US,Central,OFF-ST-10000877,Office Supplies,Storage,133,3,0.2,9.95,36.76,High,2011
ID-2011-42493,2011-06-03,2011-06-08,Standard Class,Susan Vittorini,Consumer,Australia,APAC,Oceania,TEC-MA-10003146,Technology,Machines,563,2,0.1,143.72,32.6,Medium,2011
IT-2011-5495847,2011-06-03,2011-06-08,Standard Class,Nicole Hansen,Corporate,France,EU,Central,OFF-AR-10001714,Office Supplies,Art,330,13,0,88.92,31.29,Medium,2011
IN-2011-35920,2011-06-03,2011-06-06,First Class,Stewart Carmichael,Corporate,Australia,APAC,Oceania,TEC-CO-10004027,Technology,Copiers,267,1,0.1,-26.74,28.51,High,2011
MX-2011-166282,2011-06-03,2011-06-04,First Class,Dorothy Wardle,Corporate,El Salvador,LATAM,Central,OFF-AP-10002709,Office Supplies,Appliances,80,2,0,16,24.44,Critical,2011
ID-2011-42493,2011-06-03,2011-06-08,Standard Class,Susan Vittorini,Consumer,Australia,APAC,Oceania,TEC-PH-10004618,Technology,Phones,351,3,0.1,31.15,23.49,Medium,2011
CM-2011-7200,2011-06-03,2011-06-08,Standard Class,Fred Wasserman,Corporate,Cameroon,Africa,Africa,OFF-ROG-10002132,Office Supplies,Storage,212,1,0,80.58,22.4,High,2011
TZ-2011-150,2011-06-03,2011-06-09,Standard Class,Robert Waldorf,Consumer,Tanzania,Africa,Africa,TEC-KON-10001388,Technology,Machines,238,1,0.1,92.72,21.62,Medium,2011
IN-2011-68302,2011-06-03,2011-06-06,Second Class,Sandra Flanagan,Consumer,Australia,APAC,Oceania,OFF-PA-10004613,Office Supplies,Paper,161,6,0.1,1.75,17.85,Medium,2011
MX-2011-122847,2011-06-03,2011-06-06,First Class,Alex Russell,Corporate,Brazil,LATAM,South,OFF-BI-10000813,Office Supplies,Binders,66,2,0,7.96,15.5,Medium,2011
MX-2011-122847,2011-06-03,2011-06-06,First Class,Alex Russell,Corporate,Brazil,LATAM,South,OFF-SU-10004663,Office Supplies,Supplies,54,3,0,21.06,14.2,Medium,2011
MX-2011-169201,2011-06-03,2011-06-07,Standard Class,Toby Braunhardt,Consumer,Colombia,LATAM,South,OFF-ST-10004293,Office Supplies,Storage,125,3,0,33.78,14.15,High,2011
IN-2011-35920,2011-06-03,2011-06-06,First Class,Stewart Carmichael,Corporate,Australia,APAC,Oceania,OFF-SU-10004177,Office Supplies,Supplies,67,2,0.1,8.89,13.19,High,2011
CA-2011-163867,2011-06-03,2011-06-06,First Class,Richard Eichhorn,Consumer,United States,US,Central,FUR-FU-10001475,Furniture,Furnishings,62,7,0.6,-40,11.34,High,2011
CM-2011-7200,2011-06-03,2011-06-08,Standard Class,Fred Wasserman,Corporate,Cameroon,Africa,Africa,OFF-ROG-10004949,Office Supplies,Storage,63,1,0,18.78,11.06,High,2011
CM-2011-7200,2011-06-03,2011-06-08,Standard Class,Fred Wasserman,Corporate,Cameroon,Africa,Africa,TEC-MEM-10000919,Technology,Accessories,143,2,0,5.7,10.12,High,2011
ID-2011-20604,2011-06-03,2011-06-04,First Class,Randy Ferguson,Corporate,China,APAC,North Asia,OFF-FA-10004813,Office Supplies,Fasteners,50,3,0,12.33,8.92,Medium,2011
UP-2011-5440,2011-06-03,2011-06-05,First Class,Clay Cheatham,Consumer,Ukraine,EMEA,EMEA,OFF-BIN-10003327,Office Supplies,Art,24,1,0,4.56,8.29,Critical,2011
IN-2011-50585,2011-06-03,2011-06-05,Second Class,Eugene Moren,Home Office,China,APAC,North Asia,OFF-ST-10004496,Office Supplies,Storage,99,6,0,2.88,7.85,Medium,2011
TU-2011-4190,2011-06-03,2011-06-05,Second Class,Brian Derr,Consumer,Turkey,EMEA,EMEA,OFF-ACM-10000476,Office Supplies,Supplies,25,2,0.6,-20.38,6.75,Critical,2011
IT-2011-5495847,2011-06-03,2011-06-08,Standard Class,Nicole Hansen,Corporate,France,EU,Central,OFF-AP-10001138,Office Supplies,Appliances,122,2,0.1,-8.15,5.2,Medium,2011
ID-2011-20604,2011-06-03,2011-06-04,First Class,Randy Ferguson,Corporate,China,APAC,North Asia,OFF-SU-10004872,Office Supplies,Supplies,87,3,0,22.5,4.64,Medium,2011
EG-2011-6190,2011-06-03,2011-06-08,Standard Class,Paul Prost,Home Office,Egypt,Africa,Africa,OFF-HON-10000966,Office Supplies,Labels,52,8,0,0.48,3.92,Medium,2011
SF-2011-2700,2011-06-03,2011-06-08,Second Class,Alyssa Tate,Home Office,South Africa,Africa,Africa,OFF-XER-10003901,Office Supplies,Paper,30,1,0,2.73,3.78,Medium,2011
CG-2011-1560,2011-06-03,2011-06-05,Second Class,Eric Barreto,Consumer,Democratic Republic of the Congo,Africa,Africa,FUR-RUB-10002021,Furniture,Furnishings,16,1,0,6.33,3.76,Critical,2011
MX-2011-167955,2011-06-03,2011-06-07,Standard Class,Ionia McGrath,Consumer,Paraguay,LATAM,South,TEC-AC-10003105,Technology,Accessories,61,2,0,26.04,3.43,Medium,2011
CG-2011-1560,2011-06-03,2011-06-05,Second Class,Eric Barreto,Consumer,Democratic Republic of the Congo,Africa,Africa,OFF-AVE-10004827,Office Supplies,Binders,11,1,0,4.11,2.99,Critical,2011
US-2011-122665,2011-06-03,2011-06-07,Standard Class,John Dryer,Consumer,Panama,LATAM,Central,OFF-AR-10003680,Office Supplies,Art,36,3,0.4,4.69,2.62,Medium,2011
MX-2011-102568,2011-06-03,2011-06-07,Standard Class,Andy Yotov,Corporate,Guatemala,LATAM,Central,OFF-BI-10003903,Office Supplies,Binders,28,3,0,13.5,2.49,High,2011
CA-2011-141299,2011-06-03,2011-06-07,Second Class,Ross Baird,Home Office,United States,US,Central,OFF-EN-10004459,Office Supplies,Envelopes,15,2,0,7.49,2.25,Medium,2011
TZ-2011-150,2011-06-03,2011-06-09,Standard Class,Robert Waldorf,Consumer,Tanzania,Africa,Africa,OFF-BIN-10004512,Office Supplies,Art,24,2,0,0,1.84,Medium,2011
US-2011-122665,2011-06-03,2011-06-07,Standard Class,John Dryer,Consumer,Panama,LATAM,Central,OFF-FA-10002491,Office Supplies,Fasteners,20,3,0.4,-1.34,1.36,Medium,2011
MX-2011-169201,2011-06-03,2011-06-07,Standard Class,Toby Braunhardt,Consumer,Colombia,LATAM,South,OFF-BI-10004980,Office Supplies,Binders,8,2,0,1.12,1.11,High,2011
MO-2011-2820,2011-06-03,2011-06-07,Standard Class,Roy Skaria,Home Office,Morocco,Africa,Africa,OFF-TEN-10000360,Office Supplies,Storage,22,1,0,10.68,1.07,Medium,2011
TZ-2011-150,2011-06-03,2011-06-09,Standard Class,Robert Waldorf,Consumer,Tanzania,Africa,Africa,OFF-HON-10000966,Office Supplies,Labels,13,2,0,0.12,0.82,Medium,2011
ID-2011-42493,2011-06-03,2011-06-08,Standard Class,Susan Vittorini,Consumer,Australia,APAC,Oceania,OFF-LA-10000784,Office Supplies,Labels,8,1,0.1,3.65,0.51,Medium,2011
EG-2011-6190,2011-06-03,2011-06-08,Standard Class,Paul Prost,Home Office,Egypt,Africa,Africa,OFF-STA-10000155,Office Supplies,Art,56,2,0,2.22,0.35,Medium,2011
CA-2011-163867,2011-06-03,2011-06-06,First Class,Richard Eichhorn,Consumer,United States,US,Central,OFF-LA-10001771,Office Supplies,Labels,16,4,0.2,5.18,0.17,High,2011
MX-2011-115609,2011-06-04,2011-06-04,Same Day,Laura Armstrong,Corporate,Brazil,LATAM,South,TEC-AC-10002760,Technology,Accessories,467,7,0,0,176.88,Critical,2011
MX-2011-115609,2011-06-04,2011-06-04,Same Day,Laura Armstrong,Corporate,Brazil,LATAM,South,OFF-AP-10001876,Office Supplies,Appliances,325,7,0,155.68,99.36,Critical,2011
IT-2011-4603506,2011-06-04,2011-06-09,Standard Class,Michael Grace,Home Office,Germany,EU,Central,TEC-AC-10003265,Technology,Accessories,388,3,0.5,-357.08,30.86,Medium,2011
CA-2011-151946,2011-06-04,2011-06-09,Standard Class,Bobby Trafton,Consumer,United States,US,East,FUR-BO-10003272,Furniture,Bookcases,354,2,0.2,-44.2,21.64,Medium,2011
ES-2011-2486841,2011-06-04,2011-06-10,Standard Class,Grace Kelly,Corporate,United Kingdom,EU,North,OFF-ST-10003835,Office Supplies,Storage,123,4,0,9.72,12.39,Medium,2011
US-2011-133795,2011-06-04,2011-06-07,First Class,Gary Hansen,Home Office,Honduras,LATAM,Central,OFF-AR-10003321,Office Supplies,Art,80,9,0.4,-33.26,9.17,Medium,2011
MX-2011-115609,2011-06-04,2011-06-04,Same Day,Laura Armstrong,Corporate,Brazil,LATAM,South,OFF-FA-10004946,Office Supplies,Fasteners,22,3,0,2.82,6.77,Critical,2011
CA-2011-151946,2011-06-04,2011-06-09,Standard Class,Bobby Trafton,Consumer,United States,US,East,FUR-FU-10002878,Furniture,Furnishings,57,2,0,21.08,4.73,Medium,2011
NI-2011-320,2011-06-04,2011-06-09,Standard Class,Tracy Hopkins,Home Office,Nigeria,Africa,Africa,OFF-AVE-10003740,Office Supplies,Binders,14,1,0.7,-28.02,1.42,Medium,2011
CA-2011-151946,2011-06-04,2011-06-09,Standard Class,Bobby Trafton,Consumer,United States,US,East,FUR-FU-10002191,Furniture,Furnishings,14,2,0,6.7,1.2,Medium,2011
CA-2011-151946,2011-06-04,2011-06-09,Standard Class,Bobby Trafton,Consumer,United States,US,East,OFF-AP-10001626,Office Supplies,Appliances,16,4,0,4.05,1.01,Medium,2011
NI-2011-320,2011-06-04,2011-06-09,Standard Class,Tracy Hopkins,Home Office,Nigeria,Africa,Africa,FUR-HAR-10003124,Furniture,Chairs,22,1,0.7,-35.28,0.98,Medium,2011
CA-2011-147914,2011-06-04,2011-06-09,Standard Class,Mark Packer,Home Office,United States,US,East,OFF-PA-10001685,Office Supplies,Paper,16,2,0.2,5.88,0.57,Medium,2011
US-2011-104052,2011-06-04,2011-06-07,First Class,Raymond Buch,Consumer,Panama,LATAM,Central,OFF-SU-10000066,Office Supplies,Supplies,28,2,0.4,-3.68,0.35,Medium,2011
US-2011-108721,2011-06-05,2011-06-10,Standard Class,Karl Braun,Consumer,Panama,LATAM,Central,FUR-BO-10000891,Furniture,Bookcases,991,6,0.4,-297.48,63.52,Medium,2011
US-2011-108721,2011-06-05,2011-06-10,Standard Class,Karl Braun,Consumer,Panama,LATAM,Central,OFF-AR-10002605,Office Supplies,Art,37,2,0.4,-4.37,3.58,Medium,2011
US-2011-108721,2011-06-05,2011-06-10,Standard Class,Karl Braun,Consumer,Panama,LATAM,Central,FUR-FU-10002637,Furniture,Furnishings,29,3,0.4,-8.15,1.93,Medium,2011
US-2011-108721,2011-06-05,2011-06-10,Standard Class,Karl Braun,Consumer,Panama,LATAM,Central,OFF-FA-10001700,Office Supplies,Fasteners,20,3,0.4,-0.38,1.5,Medium,2011
US-2011-108721,2011-06-05,2011-06-10,Standard Class,Karl Braun,Consumer,Panama,LATAM,Central,TEC-AC-10003611,Technology,Accessories,62,5,0.4,4.1,0.91,Medium,2011
ES-2011-2464932,2011-06-06,2011-06-09,First Class,Bill Stewart,Corporate,France,EU,Central,TEC-MA-10000002,Technology,Machines,578,4,0.15,129.2,195.59,High,2011
ES-2011-5444769,2011-06-06,2011-06-10,Standard Class,Erica Hernandez,Home Office,United Kingdom,EU,North,FUR-TA-10004680,Furniture,Tables,1266,3,0.1,323.46,178.63,High,2011
IN-2011-11539,2011-06-06,2011-06-12,Standard Class,Annie Thurman,Consumer,Australia,APAC,Oceania,TEC-CO-10004997,Technology,Copiers,1717,5,0.1,725.09,140.62,Low,2011
ID-2011-73202,2011-06-06,2011-06-10,Standard Class,Charlotte Melton,Consumer,Pakistan,APAC,Central Asia,TEC-CO-10002108,Technology,Copiers,938,13,0.5,-0.2,136.38,High,2011
MX-2011-147781,2011-06-06,2011-06-07,First Class,John Lee,Consumer,Cuba,LATAM,Caribbean,OFF-ST-10000886,Office Supplies,Storage,395,3,0,15.78,127.29,Critical,2011
ES-2011-2464932,2011-06-06,2011-06-09,First Class,Bill Stewart,Corporate,France,EU,Central,OFF-AR-10001269,Office Supplies,Art,237,8,0,82.8,58.15,High,2011
CA-2011-159520,2011-06-06,2011-06-11,Standard Class,Grant Thornton,Corporate,United States,US,East,FUR-TA-10003238,Furniture,Tables,992,3,0.4,-347.12,52.46,Medium,2011
SF-2011-4820,2011-06-06,2011-06-08,Second Class,Giulietta Weimer,Consumer,South Africa,Africa,Africa,TEC-NOK-10000784,Technology,Phones,252,2,0,108.36,43.58,High,2011
SA-2011-4100,2011-06-06,2011-06-11,Second Class,Laurel Elliston,Consumer,Saudi Arabia,EMEA,EMEA,OFF-ROG-10001418,Office Supplies,Storage,486,8,0,238.08,42.73,Medium,2011
IN-2011-23117,2011-06-06,2011-06-10,Standard Class,Aaron Smayling,Corporate,Australia,APAC,Oceania,FUR-CH-10001465,Furniture,Chairs,884,6,0.1,353.43,40.99,Medium,2011
ES-2011-2464932,2011-06-06,2011-06-09,First Class,Bill Stewart,Corporate,France,EU,Central,OFF-SU-10004524,Office Supplies,Supplies,104,3,0,0,27.73,High,2011
SF-2011-8920,2011-06-06,2011-06-08,Second Class,Mark Haberlin,Corporate,South Africa,Africa,Africa,OFF-BIN-10002061,Office Supplies,Art,185,4,0,48.12,20.03,High,2011
ES-2011-1822857,2011-06-06,2011-06-10,Standard Class,Art Foster,Consumer,United Kingdom,EU,North,OFF-AP-10001882,Office Supplies,Appliances,225,4,0.1,75.04,16.74,Medium,2011
ES-2011-2464932,2011-06-06,2011-06-09,First Class,Bill Stewart,Corporate,France,EU,Central,OFF-FA-10001892,Office Supplies,Fasteners,58,3,0,26.73,16.6,High,2011
ES-2011-4767717,2011-06-06,2011-06-09,First Class,Anna Chung,Consumer,France,EU,Central,OFF-AR-10002816,Office Supplies,Art,322,6,0,80.46,14.64,Medium,2011
ES-2011-2464932,2011-06-06,2011-06-09,First Class,Bill Stewart,Corporate,France,EU,Central,OFF-BI-10000289,Office Supplies,Binders,104,9,0,24.84,13.11,High,2011
ES-2011-5754966,2011-06-06,2011-06-13,Standard Class,Dean Braden,Consumer,United Kingdom,EU,North,OFF-PA-10001661,Office Supplies,Paper,238,7,0,26.04,12.45,Medium,2011
ES-2011-3630624,2011-06-06,2011-06-07,First Class,Muhammed Lee,Consumer,Austria,EU,Central,OFF-AP-10003717,Office Supplies,Appliances,60,1,0,1.8,12.41,Critical,2011
ES-2011-3630624,2011-06-06,2011-06-07,First Class,Muhammed Lee,Consumer,Austria,EU,Central,OFF-AR-10003247,Office Supplies,Art,44,2,0,7.92,12.33,Critical,2011
CA-2011-151897,2011-06-06,2011-06-10,Standard Class,Valerie Takahito,Home Office,United States,US,Central,OFF-LA-10001074,Office Supplies,Labels,100,10,0.2,33.83,9.65,Medium,2011
MX-2011-140445,2011-06-06,2011-06-09,Second Class,Beth Paige,Consumer,Chile,LATAM,South,OFF-PA-10002372,Office Supplies,Paper,79,4,0,11.04,8.64,Critical,2011
IN-2011-56766,2011-06-06,2011-06-10,Standard Class,Jamie Kunitz,Consumer,Australia,APAC,Oceania,OFF-FA-10002241,Office Supplies,Fasteners,51,3,0.1,13.52,8.61,High,2011
ID-2011-73202,2011-06-06,2011-06-10,Standard Class,Charlotte Melton,Consumer,Pakistan,APAC,Central Asia,TEC-AC-10002243,Technology,Accessories,83,2,0.5,-33.24,8.31,High,2011
IN-2011-11021,2011-06-06,2011-06-11,Standard Class,Valerie Mitchum,Home Office,Australia,APAC,Oceania,OFF-SU-10000997,Office Supplies,Supplies,89,2,0.1,10.79,7.91,Medium,2011
IT-2011-1152860,2011-06-06,2011-06-10,Standard Class,Carl Ludwig,Consumer,Ireland,EU,North,OFF-ST-10003153,Office Supplies,Storage,135,2,0.5,-8.13,6.89,Medium,2011
CA-2011-159520,2011-06-06,2011-06-11,Standard Class,Grant Thornton,Corporate,United States,US,East,OFF-BI-10003982,Office Supplies,Binders,150,9,0.2,50.47,5.55,Medium,2011
NI-2011-700,2011-06-06,2011-06-12,Standard Class,Skye Norling,Home Office,Nigeria,Africa,Africa,FUR-ADV-10004159,Furniture,Furnishings,65,2,0.7,-127.65,5.26,Medium,2011
ID-2011-73202,2011-06-06,2011-06-10,Standard Class,Charlotte Melton,Consumer,Pakistan,APAC,Central Asia,OFF-LA-10004848,Office Supplies,Labels,41,7,0.5,-5.78,5.22,High,2011
ES-2011-2464932,2011-06-06,2011-06-09,First Class,Bill Stewart,Corporate,France,EU,Central,OFF-ST-10002608,Office Supplies,Storage,29,3,0.1,8.66,4.65,High,2011
NI-2011-700,2011-06-06,2011-06-12,Standard Class,Skye Norling,Home Office,Nigeria,Africa,Africa,OFF-BIN-10002236,Office Supplies,Art,48,6,0.7,-38.81,4.4,Medium,2011
ID-2011-73202,2011-06-06,2011-06-10,Standard Class,Charlotte Melton,Consumer,Pakistan,APAC,Central Asia,OFF-AR-10001525,Office Supplies,Art,29,4,0.5,-11.76,4.02,High,2011
NI-2011-700,2011-06-06,2011-06-12,Standard Class,Skye Norling,Home Office,Nigeria,Africa,Africa,TEC-SAN-10000235,Technology,Accessories,77,1,0.7,-71.86,3.84,Medium,2011
CA-2011-169257,2011-06-06,2011-06-12,Standard Class,Stewart Visinsky,Consumer,United States,US,South,OFF-PA-10002319,Office Supplies,Paper,62,2,0.2,22.48,3.73,Medium,2011
ES-2011-3876549,2011-06-06,2011-06-08,Second Class,Sarah Brown,Consumer,Germany,EU,Central,OFF-LA-10003827,Office Supplies,Labels,14,1,0,4.77,3.65,Critical,2011
US-2011-161305,2011-06-06,2011-06-12,Standard Class,Sarah Bern,Consumer,United States,US,Central,OFF-BI-10002794,Office Supplies,Binders,25,3,0.8,-38.11,2.04,Medium,2011
CA-2011-133270,2011-06-06,2011-06-09,First Class,Bryan Mills,Consumer,United States,US,East,OFF-AR-10002656,Office Supplies,Art,13,2,0,4.94,1.92,High,2011
NI-2011-700,2011-06-06,2011-06-12,Standard Class,Skye Norling,Home Office,Nigeria,Africa,Africa,TEC-ENE-10000690,Technology,Accessories,25,1,0.7,-30.97,1.72,Medium,2011
CA-2011-159520,2011-06-06,2011-06-11,Standard Class,Grant Thornton,Corporate,United States,US,East,OFF-SU-10001664,Office Supplies,Supplies,17,2,0,4.46,1.39,Medium,2011
US-2011-161305,2011-06-06,2011-06-12,Standard Class,Sarah Bern,Consumer,United States,US,Central,OFF-EN-10000461,Office Supplies,Envelopes,14,2,0.2,4.72,1.19,Medium,2011
NI-2011-700,2011-06-06,2011-06-12,Standard Class,Skye Norling,Home Office,Nigeria,Africa,Africa,OFF-GRE-10000320,Office Supplies,Paper,9,1,0.7,-8.05,0.98,Medium,2011
NI-2011-700,2011-06-06,2011-06-12,Standard Class,Skye Norling,Home Office,Nigeria,Africa,Africa,OFF-GRE-10000328,Office Supplies,Paper,5,1,0.7,-11.2,0.52,Medium,2011
NI-2011-700,2011-06-06,2011-06-12,Standard Class,Skye Norling,Home Office,Nigeria,Africa,Africa,OFF-BOS-10001711,Office Supplies,Art,15,1,0.7,-20.05,0.52,Medium,2011
NI-2011-700,2011-06-06,2011-06-12,Standard Class,Skye Norling,Home Office,Nigeria,Africa,Africa,OFF-IBI-10001772,Office Supplies,Binders,5,2,0.7,-5.54,0.17,Medium,2011
CA-2011-169257,2011-06-06,2011-06-12,Standard Class,Stewart Visinsky,Consumer,United States,US,South,OFF-BI-10002557,Office Supplies,Binders,1,1,0.7,-0.91,0.14,Medium,2011
IN-2011-64326,2011-06-07,2011-06-11,Second Class,Daniel Raglin,Home Office,Australia,APAC,Oceania,OFF-AP-10003917,Office Supplies,Appliances,4624,9,0.1,1644.03,427.46,Medium,2011
IN-2011-14017,2011-06-07,2011-06-12,Second Class,Todd Boyes,Corporate,Australia,APAC,Oceania,TEC-PH-10004281,Technology,Phones,1069,7,0.1,391.94,143.58,Medium,2011
MX-2011-103345,2011-06-07,2011-06-14,Standard Class,Dana Kaydos,Consumer,Mexico,LATAM,North,TEC-CO-10001468,Technology,Copiers,847,4,0,269.74,115.47,Medium,2011
MX-2011-118780,2011-06-07,2011-06-10,First Class,Dean Braden,Consumer,Brazil,LATAM,South,FUR-CH-10003109,Furniture,Chairs,382,4,0,87.76,110.33,Critical,2011
IN-2011-73335,2011-06-07,2011-06-10,First Class,Eugene Hildebrand,Home Office,India,APAC,Central Asia,TEC-CO-10000269,Technology,Copiers,386,3,0,27,87.16,High,2011
TU-2011-6790,2011-06-07,2011-06-11,Standard Class,Michelle Tran,Home Office,Turkey,EMEA,EMEA,OFF-HOO-10001881,Office Supplies,Appliances,1360,6,0.6,-1869.88,83.94,Medium,2011
IT-2011-2011704,2011-06-07,2011-06-13,Standard Class,Emily Ducich,Home Office,Italy,EU,South,TEC-CO-10003474,Technology,Copiers,713,5,0,14.25,82.24,Low,2011
IT-2011-2159764,2011-06-07,2011-06-08,First Class,Jim Sink,Corporate,United Kingdom,EU,North,FUR-BO-10001287,Furniture,Bookcases,506,3,0,192.42,80.97,Medium,2011
IN-2011-73335,2011-06-07,2011-06-10,First Class,Eugene Hildebrand,Home Office,India,APAC,Central Asia,TEC-CO-10001531,Technology,Copiers,194,1,0,91.32,56.71,High,2011
ES-2011-1137137,2011-06-07,2011-06-11,Standard Class,Neil Knudson,Home Office,France,EU,Central,OFF-ST-10000430,Office Supplies,Storage,599,5,0.1,53.25,54.5,Medium,2011
CA-2011-106229,2011-06-07,2011-06-11,Second Class,Nick Radford,Consumer,United States,US,Central,FUR-TA-10002041,Furniture,Tables,269,3,0.5,-209.77,49.56,High,2011
TU-2011-9110,2011-06-07,2011-06-09,Second Class,Christy Brittain,Consumer,Turkey,EMEA,EMEA,FUR-CHR-10003806,Furniture,Tables,349,1,0.6,-462.52,43.45,High,2011
MX-2011-103345,2011-06-07,2011-06-14,Standard Class,Dana Kaydos,Consumer,Mexico,LATAM,North,TEC-CO-10003694,Technology,Copiers,759,3,0,44.08,43.12,Medium,2011
MX-2011-103345,2011-06-07,2011-06-14,Standard Class,Dana Kaydos,Consumer,Mexico,LATAM,North,TEC-CO-10001234,Technology,Copiers,423,2,0,41.55,34.28,Medium,2011
ES-2011-4691256,2011-06-07,2011-06-09,Second Class,Michael Kennedy,Corporate,France,EU,Central,TEC-PH-10000270,Technology,Phones,222,4,0.15,60.14,24.13,Medium,2011
IT-2011-2011704,2011-06-07,2011-06-13,Standard Class,Emily Ducich,Home Office,Italy,EU,South,OFF-BI-10002894,Office Supplies,Binders,151,3,0,9,22.07,Low,2011
TU-2011-6790,2011-06-07,2011-06-11,Standard Class,Michelle Tran,Home Office,Turkey,EMEA,EMEA,OFF-SME-10004370,Office Supplies,Storage,306,6,0.6,-451.33,19.93,Medium,2011
MX-2011-103709,2011-06-07,2011-06-11,Standard Class,Stephanie Ulpright,Home Office,Panama,LATAM,Central,FUR-BO-10001390,Furniture,Bookcases,206,3,0.4,6.8,18.98,High,2011
ES-2011-4845310,2011-06-07,2011-06-11,Standard Class,Eva Jacobs,Consumer,United Kingdom,EU,North,OFF-PA-10000300,Office Supplies,Paper,145,3,0,45,18.9,High,2011
IN-2011-73335,2011-06-07,2011-06-10,First Class,Eugene Hildebrand,Home Office,India,APAC,Central Asia,TEC-AC-10003895,Technology,Accessories,121,3,0,53.1,17.84,High,2011
IT-2011-2159764,2011-06-07,2011-06-08,First Class,Jim Sink,Corporate,United Kingdom,EU,North,FUR-FU-10001436,Furniture,Furnishings,144,4,0.3,-37.14,17.19,Medium,2011
IN-2011-14017,2011-06-07,2011-06-12,Second Class,Todd Boyes,Corporate,Australia,APAC,Oceania,TEC-AC-10000639,Technology,Accessories,233,1,0.1,49.16,14.34,Medium,2011
ES-2011-1455810,2011-06-07,2011-06-11,Standard Class,Valerie Takahito,Home Office,France,EU,Central,FUR-CH-10002830,Furniture,Chairs,127,1,0.1,43.66,14.21,High,2011
IT-2011-2011704,2011-06-07,2011-06-13,Standard Class,Emily Ducich,Home Office,Italy,EU,South,OFF-ST-10000872,Office Supplies,Storage,165,2,0.4,-109.87,13.9,Low,2011
MX-2011-168774,2011-06-07,2011-06-11,Standard Class,Sung Chung,Consumer,Colombia,LATAM,South,FUR-CH-10002727,Furniture,Chairs,172,5,0,84.4,13.04,High,2011
ES-2011-4691256,2011-06-07,2011-06-09,Second Class,Michael Kennedy,Corporate,France,EU,Central,OFF-ST-10001818,Office Supplies,Storage,131,3,0.1,4.36,12.48,Medium,2011
ES-2011-5814037,2011-06-07,2011-06-12,Standard Class,Rick Huthwaite,Home Office,United Kingdom,EU,North,OFF-AR-10001216,Office Supplies,Art,146,5,0,7.2,11.53,Medium,2011
ID-2011-83716,2011-06-07,2011-06-11,Standard Class,Nick Radford,Consumer,Australia,APAC,Oceania,OFF-ST-10003012,Office Supplies,Storage,85,6,0.4,-27.18,10.46,High,2011
UP-2011-810,2011-06-07,2011-06-11,Second Class,Cynthia Arntzen,Consumer,Ukraine,EMEA,EMEA,OFF-STO-10000347,Office Supplies,Fasteners,130,8,0,45.6,10.05,Medium,2011
MX-2011-157203,2011-06-07,2011-06-11,Standard Class,Katherine Hughes,Consumer,Brazil,LATAM,South,OFF-SU-10000378,Office Supplies,Supplies,104,7,0,14.56,9.88,Medium,2011
ID-2011-83716,2011-06-07,2011-06-11,Standard Class,Nick Radford,Consumer,Australia,APAC,Oceania,TEC-AC-10002881,Technology,Accessories,69,2,0.4,3.42,9.59,High,2011
ES-2011-4845310,2011-06-07,2011-06-11,Standard Class,Eva Jacobs,Consumer,United Kingdom,EU,North,OFF-SU-10002451,Office Supplies,Supplies,53,2,0,22.38,9.12,High,2011
ES-2011-4691256,2011-06-07,2011-06-09,Second Class,Michael Kennedy,Corporate,France,EU,Central,OFF-SU-10004230,Office Supplies,Supplies,152,8,0,12,9.02,Medium,2011
IT-2011-2159764,2011-06-07,2011-06-08,First Class,Jim Sink,Corporate,United Kingdom,EU,North,OFF-EN-10003381,Office Supplies,Envelopes,118,4,0,57.6,7.88,Medium,2011
ES-2011-1455810,2011-06-07,2011-06-11,Standard Class,Valerie Takahito,Home Office,France,EU,Central,OFF-EN-10003080,Office Supplies,Envelopes,92,4,0,14.64,6.01,High,2011
MX-2011-122196,2011-06-07,2011-06-11,Standard Class,Sung Pak,Corporate,Dominican Republic,LATAM,Caribbean,OFF-SU-10001382,Office Supplies,Supplies,66,3,0.2,16.39,5.8,Medium,2011
TU-2011-6790,2011-06-07,2011-06-11,Standard Class,Michelle Tran,Home Office,Turkey,EMEA,EMEA,OFF-ROG-10000191,Office Supplies,Storage,84,1,0.6,-73.76,5.57,Medium,2011
ID-2011-83716,2011-06-07,2011-06-11,Standard Class,Nick Radford,Consumer,Australia,APAC,Oceania,OFF-BI-10000305,Office Supplies,Binders,109,6,0.4,0,5.38,High,2011
ES-2011-1748043,2011-06-07,2011-06-12,Standard Class,Nathan Cano,Consumer,Germany,EU,Central,OFF-BI-10001124,Office Supplies,Binders,39,3,0,2.7,5,High,2011
ID-2011-83716,2011-06-07,2011-06-11,Standard Class,Nick Radford,Consumer,Australia,APAC,Oceania,OFF-PA-10001259,Office Supplies,Paper,36,2,0.4,2.34,4.98,High,2011
MX-2011-157203,2011-06-07,2011-06-11,Standard Class,Katherine Hughes,Consumer,Brazil,LATAM,South,OFF-SU-10003082,Office Supplies,Supplies,53,2,0,12.08,4.59,Medium,2011
UP-2011-810,2011-06-07,2011-06-11,Second Class,Cynthia Arntzen,Consumer,Ukraine,EMEA,EMEA,OFF-STI-10000144,Office Supplies,Supplies,35,1,0,2.46,4.44,Medium,2011
ES-2011-4845310,2011-06-07,2011-06-11,Standard Class,Eva Jacobs,Consumer,United Kingdom,EU,North,OFF-PA-10002524,Office Supplies,Paper,85,3,0,35.73,4.33,High,2011
ID-2011-83716,2011-06-07,2011-06-11,Standard Class,Nick Radford,Consumer,Australia,APAC,Oceania,OFF-SU-10001840,Office Supplies,Supplies,43,2,0.4,-11.56,4.19,High,2011
SA-2011-8790,2011-06-07,2011-06-11,Standard Class,Todd Sumrall,Corporate,Saudi Arabia,EMEA,EMEA,OFF-ADV-10001437,Office Supplies,Fasteners,28,2,0,4.2,4.13,High,2011
MX-2011-155978,2011-06-07,2011-06-12,Standard Class,Brian Dahlen,Consumer,Nicaragua,LATAM,Central,OFF-SU-10004481,Office Supplies,Supplies,149,5,0,25.3,3.92,Medium,2011
MX-2011-103345,2011-06-07,2011-06-14,Standard Class,Dana Kaydos,Consumer,Mexico,LATAM,North,OFF-PA-10002372,Office Supplies,Paper,59,3,0,8.28,3.88,Medium,2011
ID-2011-77906,2011-06-07,2011-06-07,Same Day,Darren Koutras,Consumer,Australia,APAC,Oceania,OFF-FA-10004910,Office Supplies,Fasteners,15,2,0.1,-0.52,3.7,High,2011
MX-2011-103345,2011-06-07,2011-06-14,Standard Class,Dana Kaydos,Consumer,Mexico,LATAM,North,OFF-EN-10002348,Office Supplies,Envelopes,42,3,0,2.52,2.97,Medium,2011
ID-2011-69716,2011-06-07,2011-06-09,Second Class,Dorothy Wardle,Corporate,Indonesia,APAC,Southeast Asia,OFF-ST-10003088,Office Supplies,Storage,31,2,0.17,-0.38,2.76,High,2011
ID-2011-69716,2011-06-07,2011-06-09,Second Class,Dorothy Wardle,Corporate,Indonesia,APAC,Southeast Asia,OFF-FA-10003615,Office Supplies,Fasteners,17,4,0.47,-7.58,2.58,High,2011
US-2011-134971,2011-06-07,2011-06-10,Second Class,Bart Pistole,Corporate,United States,US,Central,OFF-BI-10003982,Office Supplies,Binders,12,3,0.8,-20.56,2.27,High,2011
IN-2011-64326,2011-06-07,2011-06-11,Second Class,Daniel Raglin,Home Office,Australia,APAC,Oceania,OFF-PA-10003511,Office Supplies,Paper,38,2,0.1,16.84,2.16,Medium,2011
IN-2011-14017,2011-06-07,2011-06-12,Second Class,Todd Boyes,Corporate,Australia,APAC,Oceania,FUR-FU-10004064,Furniture,Furnishings,191,5,0.1,78.39,1.11,Medium,2011
TU-2011-6790,2011-06-07,2011-06-11,Standard Class,Michelle Tran,Home Office,Turkey,EMEA,EMEA,OFF-TEN-10000794,Office Supplies,Storage,21,1,0.6,-25.82,0.92,Medium,2011
UP-2011-810,2011-06-07,2011-06-11,Second Class,Cynthia Arntzen,Consumer,Ukraine,EMEA,EMEA,OFF-ELD-10001882,Office Supplies,Storage,10,1,0,2.64,0.88,Medium,2011
MX-2011-115784,2011-06-07,2011-06-14,Standard Class,Erica Bern,Corporate,Mexico,LATAM,North,OFF-BI-10002977,Office Supplies,Binders,9,1,0,4.24,0.74,Low,2011
IN-2011-14017,2011-06-07,2011-06-12,Second Class,Todd Boyes,Corporate,Australia,APAC,Oceania,OFF-BI-10001067,Office Supplies,Binders,12,1,0.1,1.7,0.4,Medium,2011
TU-2011-6790,2011-06-07,2011-06-11,Standard Class,Michelle Tran,Home Office,Turkey,EMEA,EMEA,OFF-CAR-10000150,Office Supplies,Binders,5,1,0.6,-7.58,0.4,Medium,2011
TU-2011-6790,2011-06-07,2011-06-11,Standard Class,Michelle Tran,Home Office,Turkey,EMEA,EMEA,OFF-TEN-10001585,Office Supplies,Storage,7,1,0.6,-2.51,0.38,Medium,2011
IN-2011-31594,2011-06-08,2011-06-13,Standard Class,Sean Wendt,Home Office,Indonesia,APAC,Southeast Asia,TEC-PH-10001990,Technology,Phones,2167,4,0.17,391.5,232.49,Medium,2011
ES-2011-2399281,2011-06-08,2011-06-11,First Class,Angele Hood,Consumer,Belgium,EU,Central,TEC-PH-10002079,Technology,Phones,957,12,0,315.72,173.24,Critical,2011
AJ-2011-4420,2011-06-08,2011-06-08,Same Day,Tamara Chand,Corporate,Azerbaijan,EMEA,EMEA,FUR-HON-10001847,Furniture,Chairs,455,1,0,50.01,147.24,Critical,2011
CA-2011-108147,2011-06-08,2011-06-13,Standard Class,Rick Duston,Consumer,United States,US,East,OFF-ST-10003470,Office Supplies,Storage,1677,6,0,83.84,85.79,Medium,2011
ES-2011-3540276,2011-06-08,2011-06-12,Standard Class,Allen Rosenblatt,Corporate,Germany,EU,Central,TEC-CO-10002157,Technology,Copiers,860,3,0.1,-0.03,62.95,Medium,2011
US-2011-141257,2011-06-08,2011-06-14,Standard Class,Carlos Soltero,Consumer,United States,US,West,FUR-CH-10002758,Furniture,Chairs,586,3,0.2,73.19,45.52,Medium,2011
MX-2011-142776,2011-06-08,2011-06-11,First Class,Cindy Schnelling,Corporate,Panama,LATAM,Central,TEC-PH-10003312,Technology,Phones,226,7,0.4,3.64,33.69,High,2011
AJ-2011-4420,2011-06-08,2011-06-08,Same Day,Tamara Chand,Corporate,Azerbaijan,EMEA,EMEA,TEC-LOG-10003634,Technology,Accessories,96,2,0,12.42,23.75,Critical,2011
ES-2011-4077297,2011-06-08,2011-06-13,Standard Class,Frank Olsen,Consumer,Spain,EU,South,TEC-CO-10002817,Technology,Copiers,336,2,0,114.36,22.63,Medium,2011
ES-2011-3540276,2011-06-08,2011-06-12,Standard Class,Allen Rosenblatt,Corporate,Germany,EU,Central,FUR-FU-10003804,Furniture,Furnishings,289,3,0.1,48.11,19.81,Medium,2011
MX-2011-142776,2011-06-08,2011-06-11,First Class,Cindy Schnelling,Corporate,Panama,LATAM,Central,OFF-EN-10004410,Office Supplies,Envelopes,98,6,0.4,0,14.71,High,2011
US-2011-109162,2011-06-08,2011-06-12,Standard Class,Katrina Edelman,Corporate,United States,US,South,FUR-CH-10002647,Furniture,Chairs,170,3,0.2,10.65,13.11,Medium,2011
ES-2011-3953366,2011-06-08,2011-06-12,Standard Class,Anna Chung,Consumer,United Kingdom,EU,North,OFF-EN-10000673,Office Supplies,Envelopes,79,5,0,35.4,12.46,High,2011
PL-2011-7890,2011-06-08,2011-06-14,Standard Class,Becky Pak,Consumer,Poland,EMEA,EMEA,OFF-TEN-10000794,Office Supplies,Storage,107,2,0,12.84,10.3,Medium,2011
ES-2011-4077297,2011-06-08,2011-06-13,Standard Class,Frank Olsen,Consumer,Spain,EU,South,FUR-CH-10000068,Furniture,Chairs,147,2,0.2,-14.72,10.05,Medium,2011
ES-2011-2399281,2011-06-08,2011-06-11,First Class,Angele Hood,Consumer,Belgium,EU,Central,OFF-AP-10002608,Office Supplies,Appliances,152,2,0,44.16,9.78,Critical,2011
ES-2011-3540276,2011-06-08,2011-06-12,Standard Class,Allen Rosenblatt,Corporate,Germany,EU,Central,TEC-AC-10001226,Technology,Accessories,113,3,0.1,-12.54,7.89,Medium,2011
TU-2011-9730,2011-06-08,2011-06-12,Standard Class,Benjamin Venier,Corporate,Turkey,EMEA,EMEA,TEC-STA-10003447,Technology,Machines,102,1,0.6,-106.94,7.66,Medium,2011
AJ-2011-4420,2011-06-08,2011-06-08,Same Day,Tamara Chand,Corporate,Azerbaijan,EMEA,EMEA,OFF-AME-10004759,Office Supplies,Envelopes,28,1,0,12.12,7.65,Critical,2011
PL-2011-7890,2011-06-08,2011-06-14,Standard Class,Becky Pak,Consumer,Poland,EMEA,EMEA,OFF-ELD-10001832,Office Supplies,Storage,194,4,0,0,7.21,Medium,2011
MX-2011-105298,2011-06-08,2011-06-12,Standard Class,Eleni McCrary,Corporate,Dominican Republic,LATAM,Caribbean,TEC-AC-10003454,Technology,Accessories,180,3,0.2,40.38,7.14,Medium,2011
ES-2011-3540276,2011-06-08,2011-06-12,Standard Class,Allen Rosenblatt,Corporate,Germany,EU,Central,OFF-BI-10002674,Office Supplies,Binders,56,5,0.1,21.57,7.06,Medium,2011
ES-2011-4077297,2011-06-08,2011-06-13,Standard Class,Frank Olsen,Consumer,Spain,EU,South,TEC-PH-10004635,Technology,Phones,59,1,0.1,8.48,6.13,Medium,2011
CA-2011-108147,2011-06-08,2011-06-13,Standard Class,Rick Duston,Consumer,United States,US,East,OFF-BI-10003876,Office Supplies,Binders,68,2,0.2,25.68,5.65,Medium,2011
AJ-2011-4420,2011-06-08,2011-06-08,Same Day,Tamara Chand,Corporate,Azerbaijan,EMEA,EMEA,OFF-WIL-10003933,Office Supplies,Binders,13,1,0,5.82,3.42,Critical,2011
TU-2011-9730,2011-06-08,2011-06-12,Standard Class,Benjamin Venier,Corporate,Turkey,EMEA,EMEA,OFF-CAR-10004408,Office Supplies,Binders,46,4,0.6,-17.28,3.12,Medium,2011
MX-2011-118633,2011-06-08,2011-06-12,Standard Class,Tamara Willingham,Home Office,Cuba,LATAM,Caribbean,OFF-BI-10002455,Office Supplies,Binders,21,1,0,3.16,2.6,Medium,2011
ES-2011-3540276,2011-06-08,2011-06-12,Standard Class,Allen Rosenblatt,Corporate,Germany,EU,Central,OFF-BI-10000179,Office Supplies,Binders,25,1,0.1,6.41,1.89,Medium,2011
US-2011-123078,2011-06-08,2011-06-12,Standard Class,Eleni McCrary,Corporate,Brazil,LATAM,South,TEC-AC-10001951,Technology,Accessories,90,3,0.6,-49.38,1.71,Medium,2011
RS-2011-2580,2011-06-08,2011-06-13,Standard Class,Lisa Ryan,Corporate,Russia,EMEA,EMEA,OFF-BIN-10001274,Office Supplies,Art,12,1,0,5.01,1.53,High,2011
MX-2011-105298,2011-06-08,2011-06-12,Standard Class,Eleni McCrary,Corporate,Dominican Republic,LATAM,Caribbean,OFF-FA-10003911,Office Supplies,Fasteners,18,2,0.2,-2.7,1.51,Medium,2011
ES-2011-3524149,2011-06-08,2011-06-14,Standard Class,Gary Hwang,Consumer,France,EU,Central,OFF-EN-10003444,Office Supplies,Envelopes,24,2,0,6.72,1.41,Medium,2011
ID-2011-74574,2011-06-08,2011-06-12,Standard Class,Sean Miller,Home Office,Thailand,APAC,Southeast Asia,OFF-AR-10001525,Office Supplies,Art,39,5,0.47,-12.5,0.84,High,2011
TU-2011-8870,2011-06-08,2011-06-11,First Class,Alex Avila,Consumer,Turkey,EMEA,EMEA,OFF-SME-10001718,Office Supplies,Storage,5,1,0.6,-5.85,0.71,High,2011
CM-2011-8550,2011-06-08,2011-06-14,Standard Class,Eva Jacobs,Consumer,Cameroon,Africa,Africa,OFF-NOV-10000787,Office Supplies,Labels,10,1,0,4.14,0.71,Medium,2011
ES-2011-3540276,2011-06-08,2011-06-12,Standard Class,Allen Rosenblatt,Corporate,Germany,EU,Central,OFF-BI-10004722,Office Supplies,Binders,10,2,0.1,1.96,0.67,Medium,2011
NI-2011-9820,2011-06-08,2011-06-12,Standard Class,Brooke Gillingham,Corporate,Nigeria,Africa,Africa,FUR-DEF-10003140,Furniture,Furnishings,6,1,0.7,-6.32,0.32,Medium,2011
US-2011-123078,2011-06-08,2011-06-12,Standard Class,Eleni McCrary,Corporate,Brazil,LATAM,South,OFF-FA-10002992,Office Supplies,Fasteners,9,2,0.6,-11.63,0.21,Medium,2011
CA-2011-132612,2011-06-09,2011-06-11,Second Class,Frank Olsen,Consumer,United States,US,South,FUR-TA-10004534,Furniture,Tables,1441,7,0,245.02,155.24,Critical,2011
ID-2011-36060,2011-06-09,2011-06-13,Standard Class,Odella Nelson,Corporate,Australia,APAC,Oceania,FUR-CH-10000026,Furniture,Chairs,596,5,0.1,-39.84,131.23,High,2011
IT-2011-5721470,2011-06-09,2011-06-10,First Class,Russell Applegate,Consumer,France,EU,Central,TEC-CO-10004154,Technology,Copiers,668,3,0.15,-31.49,116.53,High,2011
ES-2011-3862536,2011-06-09,2011-06-09,Same Day,Harold Dahlen,Home Office,Germany,EU,Central,OFF-AP-10004512,Office Supplies,Appliances,512,1,0.1,227.37,112.2,Critical,2011
CA-2011-115812,2011-06-09,2011-06-14,Standard Class,Brosina Hoffman,Consumer,United States,US,West,FUR-TA-10001539,Furniture,Tables,1706,9,0.2,85.31,82.17,Medium,2011
SF-2011-6850,2011-06-09,2011-06-10,First Class,Jennifer Ferguson,Consumer,South Africa,Africa,Africa,TEC-STA-10004181,Technology,Machines,300,1,0,33,71.41,High,2011
CA-2011-115812,2011-06-09,2011-06-14,Standard Class,Brosina Hoffman,Consumer,United States,US,West,TEC-PH-10002275,Technology,Phones,907,6,0.2,90.72,61.59,Medium,2011
ES-2011-3862536,2011-06-09,2011-06-09,Same Day,Harold Dahlen,Home Office,Germany,EU,Central,OFF-ST-10001358,Office Supplies,Storage,80,3,0.1,0.88,31.23,Critical,2011
MX-2011-119746,2011-06-09,2011-06-13,Standard Class,Jamie Kunitz,Consumer,El Salvador,LATAM,Central,TEC-AC-10000890,Technology,Accessories,345,2,0,117.36,25.61,Medium,2011
PL-2011-4090,2011-06-09,2011-06-13,Standard Class,Liz Thompson,Consumer,Poland,EMEA,EMEA,TEC-PAN-10000377,Technology,Machines,312,1,0,62.43,24.67,Medium,2011
CA-2011-160262,2011-06-09,2011-06-13,Second Class,Thomas Seio,Corporate,United States,US,West,OFF-PA-10003641,Office Supplies,Paper,79,3,0,36.4,19.07,High,2011
ID-2011-39630,2011-06-09,2011-06-14,Standard Class,Nick Radford,Consumer,Australia,APAC,Oceania,FUR-BO-10004699,Furniture,Bookcases,259,2,0.1,-28.79,18.95,Medium,2011
IN-2011-31713,2011-06-09,2011-06-14,Standard Class,Mitch Willingham,Corporate,India,APAC,Central Asia,OFF-AR-10000097,Office Supplies,Art,146,3,0,4.32,17.66,High,2011
MX-2011-119746,2011-06-09,2011-06-13,Standard Class,Jamie Kunitz,Consumer,El Salvador,LATAM,Central,OFF-AP-10003562,Office Supplies,Appliances,272,7,0,24.36,15,Medium,2011
ES-2011-2858219,2011-06-09,2011-06-14,Standard Class,Ross DeVincentis,Home Office,Germany,EU,Central,OFF-PA-10004267,Office Supplies,Paper,215,11,0,60.06,14.09,Medium,2011
ID-2011-39630,2011-06-09,2011-06-14,Standard Class,Nick Radford,Consumer,Australia,APAC,Oceania,OFF-EN-10002700,Office Supplies,Envelopes,136,3,0.1,37.78,12.9,Medium,2011
IR-2011-3650,2011-06-09,2011-06-15,Standard Class,Ivan Liston,Consumer,Iran,EMEA,EMEA,TEC-APP-10003032,Technology,Phones,170,1,0,32.25,9.74,Medium,2011
CA-2011-133753,2011-06-09,2011-06-13,Second Class,Carl Weiss,Home Office,United States,US,Central,TEC-AC-10000303,Technology,Accessories,64,2,0.2,10.4,9.1,Medium,2011
MX-2011-159212,2011-06-09,2011-06-14,Standard Class,Sue Ann Reed,Consumer,Dominican Republic,LATAM,Caribbean,OFF-SU-10001132,Office Supplies,Supplies,62,3,0.2,8.58,8.29,High,2011
CA-2011-115812,2011-06-09,2011-06-14,Standard Class,Brosina Hoffman,Consumer,United States,US,West,OFF-AP-10002892,Office Supplies,Appliances,115,5,0,34.47,8.23,Medium,2011
MX-2011-146976,2011-06-09,2011-06-15,Standard Class,Elpida Rittenbach,Corporate,Cuba,LATAM,Caribbean,FUR-FU-10003362,Furniture,Furnishings,111,7,0,26.6,8.03,Medium,2011
CA-2011-133753,2011-06-09,2011-06-13,Second Class,Carl Weiss,Home Office,United States,US,Central,OFF-AR-10001953,Office Supplies,Art,70,2,0.2,6.16,6.82,Medium,2011
MX-2011-137904,2011-06-09,2011-06-13,Standard Class,Victor Preis,Home Office,Colombia,LATAM,South,OFF-AR-10003123,Office Supplies,Art,144,4,0,68.96,6.46,Medium,2011
MX-2011-161907,2011-06-09,2011-06-14,Standard Class,Hunter Glantz,Consumer,Brazil,LATAM,South,OFF-AR-10004348,Office Supplies,Art,130,4,0,14.32,5.85,Medium,2011
CA-2011-160262,2011-06-09,2011-06-13,Second Class,Thomas Seio,Corporate,United States,US,West,FUR-FU-10002685,Furniture,Furnishings,37,2,0,14.21,5.5,High,2011
MX-2011-159212,2011-06-09,2011-06-14,Standard Class,Sue Ann Reed,Consumer,Dominican Republic,LATAM,Caribbean,FUR-CH-10003448,Furniture,Chairs,34,1,0.2,7.66,4.23,High,2011
ES-2011-4351826,2011-06-09,2011-06-11,Second Class,Sally Hughsby,Corporate,Germany,EU,Central,OFF-LA-10003233,Office Supplies,Labels,32,3,0,5.94,4.2,High,2011
IT-2011-3466484,2011-06-09,2011-06-12,Second Class,Guy Phonely,Corporate,France,EU,Central,OFF-ST-10001858,Office Supplies,Storage,44,2,0.6,-38.33,3.28,Medium,2011
MX-2011-159212,2011-06-09,2011-06-14,Standard Class,Sue Ann Reed,Consumer,Dominican Republic,LATAM,Caribbean,OFF-ST-10003729,Office Supplies,Storage,18,2,0.2,-0.69,3.11,High,2011
SF-2011-6850,2011-06-09,2011-06-10,First Class,Jennifer Ferguson,Consumer,South Africa,Africa,Africa,OFF-GRE-10002555,Office Supplies,Paper,42,2,0,20.64,3.11,High,2011
CA-2011-115812,2011-06-09,2011-06-14,Standard Class,Brosina Hoffman,Consumer,United States,US,West,FUR-FU-10001487,Furniture,Furnishings,49,7,0,14.17,2.91,Medium,2011
IR-2011-3650,2011-06-09,2011-06-15,Standard Class,Ivan Liston,Consumer,Iran,EMEA,EMEA,OFF-OIC-10001056,Office Supplies,Fasteners,38,2,0,19.2,2.82,Medium,2011
CA-2011-133851,2011-06-09,2011-06-16,Standard Class,Chuck Magee,Consumer,United States,US,West,OFF-AR-10003752,Office Supplies,Art,23,2,0,10.63,2.24,Low,2011
SF-2011-6850,2011-06-09,2011-06-10,First Class,Jennifer Ferguson,Consumer,South Africa,Africa,Africa,OFF-SME-10003305,Office Supplies,Labels,14,2,0,0.78,2.09,High,2011
CA-2011-160262,2011-06-09,2011-06-13,Second Class,Thomas Seio,Corporate,United States,US,West,OFF-AR-10002335,Office Supplies,Art,18,7,0,4.7,2,High,2011
ES-2011-2858219,2011-06-09,2011-06-14,Standard Class,Ross DeVincentis,Home Office,Germany,EU,Central,OFF-AR-10002113,Office Supplies,Art,38,2,0,8.4,1.99,Medium,2011
US-2011-162460,2011-06-09,2011-06-13,Standard Class,Valerie Mitchum,Home Office,Dominican Republic,LATAM,Caribbean,OFF-BI-10000136,Office Supplies,Binders,30,6,0.2,-2.62,1.78,Medium,2011
CA-2011-115812,2011-06-09,2011-06-14,Standard Class,Brosina Hoffman,Consumer,United States,US,West,OFF-BI-10003910,Office Supplies,Binders,19,3,0.2,5.78,1.19,Medium,2011
MX-2011-161907,2011-06-09,2011-06-14,Standard Class,Hunter Glantz,Consumer,Brazil,LATAM,South,OFF-EN-10004537,Office Supplies,Envelopes,36,4,0,17.2,0.91,Medium,2011
CA-2011-133851,2011-06-09,2011-06-16,Standard Class,Chuck Magee,Consumer,United States,US,West,OFF-SU-10001225,Office Supplies,Supplies,7,2,0,0.15,0.84,Low,2011
CA-2011-133753,2011-06-09,2011-06-13,Second Class,Carl Weiss,Home Office,United States,US,Central,TEC-PH-10000376,Technology,Phones,8,1,0.2,0.6,0.78,Medium,2011
CA-2011-115812,2011-06-09,2011-06-14,Standard Class,Brosina Hoffman,Consumer,United States,US,West,OFF-AR-10002833,Office Supplies,Art,7,4,0,1.97,0.49,Medium,2011
IT-2011-2975588,2011-06-10,2011-06-13,First Class,Marc Crier,Consumer,France,EU,Central,OFF-AP-10000005,Office Supplies,Appliances,838,3,0.1,-27.94,200.35,High,2011
IN-2011-51943,2011-06-10,2011-06-13,First Class,Alex Russell,Corporate,Vietnam,APAC,Southeast Asia,FUR-BO-10003945,Furniture,Bookcases,314,3,0.37,39.86,113.45,Critical,2011
IN-2011-54561,2011-06-10,2011-06-17,Standard Class,Jessica Myrick,Consumer,Japan,APAC,North Asia,TEC-MA-10004414,Technology,Machines,672,8,0,329.28,88.37,Low,2011
ES-2011-3972371,2011-06-10,2011-06-13,First Class,Steve Chapman,Corporate,United Kingdom,EU,North,FUR-BO-10004947,Furniture,Bookcases,541,4,0.1,156.23,48.57,Critical,2011
US-2011-149874,2011-06-10,2011-06-15,Second Class,Joy Daniels,Consumer,Dominican Republic,LATAM,Caribbean,FUR-FU-10001657,Furniture,Furnishings,326,9,0.5,-260.82,43.34,Medium,2011
IN-2011-54561,2011-06-10,2011-06-17,Standard Class,Jessica Myrick,Consumer,Japan,APAC,North Asia,FUR-CH-10004863,Furniture,Chairs,331,2,0,158.88,31.94,Low,2011
IN-2011-72201,2011-06-10,2011-06-14,Standard Class,Stuart Calhoun,Consumer,Bangladesh,APAC,Central Asia,OFF-PA-10003744,Office Supplies,Paper,163,9,0,51.84,24.95,High,2011
UG-2011-7530,2011-06-10,2011-06-14,Standard Class,Allen Goldenen,Consumer,Uganda,Africa,Africa,TEC-EPS-10004111,Technology,Machines,93,1,0.7,-181.94,13.98,High,2011
CA-2011-144281,2011-06-10,2011-06-15,Second Class,Heather Kirkland,Corporate,United States,US,Central,OFF-LA-10003930,Office Supplies,Labels,492,5,0,240.86,11.76,Medium,2011
UG-2011-7530,2011-06-10,2011-06-14,Standard Class,Allen Goldenen,Consumer,Uganda,Africa,Africa,TEC-EPS-10002523,Technology,Machines,101,2,0.7,-144.8,9.71,High,2011
UG-2011-7530,2011-06-10,2011-06-14,Standard Class,Allen Goldenen,Consumer,Uganda,Africa,Africa,TEC-BEL-10002678,Technology,Accessories,68,2,0.7,-45.05,8.96,High,2011
IN-2011-54561,2011-06-10,2011-06-17,Standard Class,Jessica Myrick,Consumer,Japan,APAC,North Asia,OFF-FA-10001375,Office Supplies,Fasteners,75,4,0,6,8.22,Low,2011
IN-2011-75722,2011-06-10,2011-06-16,Standard Class,Filia McAdams,Corporate,Australia,APAC,Oceania,OFF-ST-10004019,Office Supplies,Storage,83,3,0.1,18.41,8.03,Medium,2011
IT-2011-4648014,2011-06-10,2011-06-16,Standard Class,Adam Hart,Corporate,Italy,EU,South,OFF-ST-10004191,Office Supplies,Storage,490,4,0.4,-114.36,7.35,Medium,2011
IN-2011-54561,2011-06-10,2011-06-17,Standard Class,Jessica Myrick,Consumer,Japan,APAC,North Asia,OFF-SU-10001066,Office Supplies,Supplies,59,2,0,5.28,7.35,Low,2011
IT-2011-5027623,2011-06-10,2011-06-11,First Class,Giulietta Dortch,Corporate,Italy,EU,South,OFF-AR-10003247,Office Supplies,Art,132,6,0,23.76,7.31,High,2011
IN-2011-29935,2011-06-10,2011-06-10,Same Day,Justin MacKendrick,Consumer,India,APAC,Central Asia,OFF-BI-10000006,Office Supplies,Binders,51,3,0,10.62,6.16,High,2011
MX-2011-146024,2011-06-10,2011-06-15,Second Class,Erica Hackney,Consumer,Brazil,LATAM,South,TEC-PH-10004048,Technology,Phones,336,3,0,36.96,6.06,Medium,2011
UG-2011-7530,2011-06-10,2011-06-14,Standard Class,Allen Goldenen,Consumer,Uganda,Africa,Africa,TEC-HEW-10004522,Technology,Copiers,80,1,0.7,-95.46,5.31,High,2011
IT-2011-4648014,2011-06-10,2011-06-16,Standard Class,Adam Hart,Corporate,Italy,EU,South,OFF-FA-10004899,Office Supplies,Fasteners,58,3,0,28.8,5.22,Medium,2011
IN-2011-13534,2011-06-10,2011-06-15,Standard Class,Michael Grace,Home Office,India,APAC,Central Asia,OFF-EN-10003455,Office Supplies,Envelopes,54,2,0,18.36,3.92,Medium,2011
IT-2011-4648014,2011-06-10,2011-06-16,Standard Class,Adam Hart,Corporate,Italy,EU,South,OFF-BI-10003277,Office Supplies,Binders,45,3,0,5.4,3.44,Medium,2011
UG-2011-7530,2011-06-10,2011-06-14,Standard Class,Allen Goldenen,Consumer,Uganda,Africa,Africa,OFF-TEN-10000794,Office Supplies,Storage,16,1,0.7,-31.19,1.97,High,2011
IT-2011-4648014,2011-06-10,2011-06-16,Standard Class,Adam Hart,Corporate,Italy,EU,South,OFF-BI-10000312,Office Supplies,Binders,48,4,0,1.92,1.29,Medium,2011
UG-2011-7530,2011-06-10,2011-06-14,Standard Class,Allen Goldenen,Consumer,Uganda,Africa,Africa,OFF-FEL-10004974,Office Supplies,Storage,8,1,0.7,-12.64,0.7,High,2011
ES-2011-1858721,2011-06-11,2011-06-14,First Class,Sung Chung,Consumer,Austria,EU,Central,FUR-BO-10003103,Furniture,Bookcases,2056,5,0,390.6,372.5,High,2011
MX-2011-152674,2011-06-11,2011-06-17,Standard Class,Cyra Reiten,Home Office,Guatemala,LATAM,Central,OFF-AP-10004113,Office Supplies,Appliances,344,10,0,168.4,30.78,Medium,2011
EG-2011-7790,2011-06-11,2011-06-15,Standard Class,Anthony Johnson,Corporate,Egypt,Africa,Africa,OFF-JIF-10004822,Office Supplies,Envelopes,237,6,0,90.18,25.47,High,2011
MX-2011-120649,2011-06-11,2011-06-14,First Class,Meg Tillman,Consumer,El Salvador,LATAM,Central,FUR-CH-10002010,Furniture,Chairs,232,6,0,94.92,20.4,Medium,2011
MX-2011-137043,2011-06-11,2011-06-16,Standard Class,Sue Ann Reed,Consumer,Brazil,LATAM,South,FUR-FU-10004888,Furniture,Furnishings,74,5,0,19.2,8.15,Medium,2011
US-2011-122588,2011-06-11,2011-06-15,Standard Class,Thais Sissman,Consumer,Dominican Republic,LATAM,Caribbean,FUR-CH-10002555,Furniture,Chairs,69,1,0.2,12.04,4.99,High,2011
EG-2011-7790,2011-06-11,2011-06-15,Standard Class,Anthony Johnson,Corporate,Egypt,Africa,Africa,OFF-KRA-10000492,Office Supplies,Envelopes,25,1,0,4.53,4.07,High,2011
US-2011-104535,2011-06-11,2011-06-13,Second Class,Bruce Degenhardt,Consumer,Dominican Republic,LATAM,Caribbean,OFF-FA-10003659,Office Supplies,Fasteners,18,3,0.2,-4.6,3.56,High,2011
US-2011-122588,2011-06-11,2011-06-15,Standard Class,Thais Sissman,Consumer,Dominican Republic,LATAM,Caribbean,OFF-ST-10004382,Office Supplies,Storage,47,5,0.2,-4.76,3.26,High,2011
ES-2011-2542245,2011-06-11,2011-06-11,Same Day,Todd Boyes,Corporate,Italy,EU,South,OFF-BI-10001717,Office Supplies,Binders,18,3,0,6.3,2.94,Critical,2011
US-2011-122588,2011-06-11,2011-06-15,Standard Class,Thais Sissman,Consumer,Dominican Republic,LATAM,Caribbean,OFF-AR-10001991,Office Supplies,Art,24,2,0.2,6.29,2.63,High,2011
EG-2011-7790,2011-06-11,2011-06-15,Standard Class,Anthony Johnson,Corporate,Egypt,Africa,Africa,FUR-ADV-10001659,Furniture,Furnishings,17,1,0,4.08,2.32,High,2011
MX-2011-127145,2011-06-12,2011-06-17,Standard Class,Sarah Foster,Consumer,Brazil,LATAM,South,FUR-FU-10003608,Furniture,Furnishings,27,2,0,7.48,2.04,High,2011
US-2011-156888,2011-06-12,2011-06-17,Standard Class,Sarah Foster,Consumer,Brazil,LATAM,South,FUR-FU-10000944,Furniture,Furnishings,11,2,0.6,-8.58,0.69,Medium,2011
MX-2011-130148,2011-06-13,2011-06-18,Standard Class,Anthony Witt,Consumer,Cuba,LATAM,Caribbean,TEC-CO-10003160,Technology,Copiers,1512,6,0,102.93,113.03,Medium,2011
MX-2011-157049,2011-06-13,2011-06-13,Same Day,Brendan Dodson,Home Office,Mexico,LATAM,North,OFF-AP-10002822,Office Supplies,Appliances,284,5,0,122.2,81.05,Critical,2011
MX-2011-157049,2011-06-13,2011-06-13,Same Day,Brendan Dodson,Home Office,Mexico,LATAM,North,TEC-CO-10003964,Technology,Copiers,632,3,0,87.35,78.28,Critical,2011
ES-2011-1276768,2011-06-13,2011-06-18,Standard Class,Jack OBriant,Corporate,France,EU,Central,FUR-BO-10000847,Furniture,Bookcases,438,4,0.1,165.32,68.34,High,2011
US-2011-102288,2011-06-13,2011-06-17,Standard Class,Kean Takahito,Consumer,Brazil,LATAM,South,FUR-CH-10004801,Furniture,Chairs,215,14,0.6,-231.78,39.85,High,2011
ES-2011-1276768,2011-06-13,2011-06-18,Standard Class,Jack OBriant,Corporate,France,EU,Central,FUR-BO-10000895,Furniture,Bookcases,264,2,0.1,55.73,30.14,High,2011
IN-2011-51390,2011-06-13,2011-06-17,Standard Class,Roger Barcio,Home Office,Indonesia,APAC,Southeast Asia,FUR-CH-10000660,Furniture,Chairs,333,1,0.27,18.22,30.14,Medium,2011
IN-2011-62450,2011-06-13,2011-06-17,Standard Class,Andy Yotov,Corporate,India,APAC,Central Asia,OFF-ST-10000007,Office Supplies,Storage,275,2,0,137.34,23.21,High,2011
ES-2011-5039850,2011-06-13,2011-06-16,First Class,Harold Engle,Corporate,Belgium,EU,Central,OFF-FA-10000670,Office Supplies,Fasteners,201,12,0,25.92,22.86,High,2011
ES-2011-1749151,2011-06-13,2011-06-18,Second Class,Lena Cacioppo,Consumer,France,EU,Central,OFF-BI-10000972,Office Supplies,Binders,271,9,0,51.3,21.03,Medium,2011
IN-2011-58278,2011-06-13,2011-06-18,Standard Class,Jack Lebron,Consumer,Singapore,APAC,Southeast Asia,OFF-ST-10001719,Office Supplies,Storage,219,4,0,6.48,19.56,Medium,2011
ES-2011-5596924,2011-06-13,2011-06-17,Standard Class,Sally Matthias,Consumer,Italy,EU,South,OFF-PA-10001536,Office Supplies,Paper,112,4,0,54.72,14.35,Medium,2011
US-2011-102288,2011-06-13,2011-06-17,Standard Class,Kean Takahito,Consumer,Brazil,LATAM,South,TEC-AC-10002938,Technology,Accessories,92,3,0.6,-68.76,13.16,High,2011
MX-2011-130148,2011-06-13,2011-06-18,Standard Class,Anthony Witt,Consumer,Cuba,LATAM,Caribbean,TEC-AC-10003454,Technology,Accessories,224,3,0,85.26,11.91,Medium,2011
ES-2011-5039850,2011-06-13,2011-06-16,First Class,Harold Engle,Corporate,Belgium,EU,Central,OFF-ST-10004409,Office Supplies,Storage,73,3,0,0,10.81,High,2011
ES-2011-5596924,2011-06-13,2011-06-17,Standard Class,Sally Matthias,Consumer,Italy,EU,South,OFF-ST-10004855,Office Supplies,Storage,239,2,0.4,-47.76,9.32,Medium,2011
US-2011-119935,2011-06-13,2011-06-17,Standard Class,Kean Takahito,Consumer,Panama,LATAM,Central,TEC-AC-10001341,Technology,Accessories,138,3,0.4,-22.92,6.76,Medium,2011
ES-2011-1749151,2011-06-13,2011-06-18,Second Class,Lena Cacioppo,Consumer,France,EU,Central,OFF-AR-10001462,Office Supplies,Art,48,3,0,17.64,4.88,Medium,2011
ID-2011-45272,2011-06-13,2011-06-19,Standard Class,Tracy Zic,Consumer,India,APAC,Central Asia,OFF-PA-10000776,Office Supplies,Paper,67,3,0.5,-4.1,4.6,Medium,2011
IN-2011-62450,2011-06-13,2011-06-17,Standard Class,Andy Yotov,Corporate,India,APAC,Central Asia,OFF-AR-10000249,Office Supplies,Art,51,3,0,16.83,4.53,High,2011
MX-2011-103331,2011-06-13,2011-06-19,Standard Class,Neola Schneider,Consumer,Peru,LATAM,South,FUR-CH-10000852,Furniture,Chairs,117,5,0.4,11.68,4.45,Medium,2011
US-2011-119935,2011-06-13,2011-06-17,Standard Class,Kean Takahito,Consumer,Panama,LATAM,Central,FUR-CH-10004725,Furniture,Chairs,323,14,0.4,-124.1,4.37,Medium,2011
IN-2011-62450,2011-06-13,2011-06-17,Standard Class,Andy Yotov,Corporate,India,APAC,Central Asia,OFF-FA-10002241,Office Supplies,Fasteners,57,3,0,19.17,4.3,High,2011
US-2011-102288,2011-06-13,2011-06-17,Standard Class,Kean Takahito,Consumer,Brazil,LATAM,South,OFF-AR-10000401,Office Supplies,Art,26,5,0.6,-33.04,4.19,High,2011
MX-2011-103331,2011-06-13,2011-06-19,Standard Class,Neola Schneider,Consumer,Peru,LATAM,South,OFF-BI-10004200,Office Supplies,Binders,61,3,0.4,-34.64,3.63,Medium,2011
MO-2011-1630,2011-06-13,2011-06-19,Standard Class,Lisa Ryan,Corporate,Morocco,Africa,Africa,OFF-JIF-10002621,Office Supplies,Envelopes,64,4,0,3.72,3.25,Medium,2011
US-2011-119935,2011-06-13,2011-06-17,Standard Class,Kean Takahito,Consumer,Panama,LATAM,Central,OFF-AR-10000461,Office Supplies,Art,40,5,0.4,-19.86,3.08,Medium,2011
MX-2011-103331,2011-06-13,2011-06-19,Standard Class,Neola Schneider,Consumer,Peru,LATAM,South,TEC-AC-10003105,Technology,Accessories,36,2,0.4,1.82,2.83,Medium,2011
IR-2011-2310,2011-06-13,2011-06-17,Standard Class,Jeremy Ellison,Consumer,Iran,EMEA,EMEA,OFF-ACC-10000307,Office Supplies,Binders,16,2,0,6.72,2.61,High,2011
MO-2011-1630,2011-06-13,2011-06-19,Standard Class,Lisa Ryan,Corporate,Morocco,Africa,Africa,OFF-AME-10000851,Office Supplies,Envelopes,39,1,0,19.29,2.4,Medium,2011
CA-2011-114643,2011-06-13,2011-06-17,Standard Class,Filia McAdams,Corporate,United States,US,West,OFF-AR-10003631,Office Supplies,Art,15,3,0,4.79,2.33,High,2011
MX-2011-133564,2011-06-13,2011-06-20,Standard Class,Suzanne McNair,Corporate,Dominican Republic,LATAM,Caribbean,OFF-PA-10000745,Office Supplies,Paper,18,2,0.2,1.98,2.02,Low,2011
US-2011-102288,2011-06-13,2011-06-17,Standard Class,Kean Takahito,Consumer,Brazil,LATAM,South,FUR-FU-10000640,Furniture,Furnishings,15,3,0.6,-8.39,1.94,High,2011
IN-2011-58278,2011-06-13,2011-06-18,Standard Class,Jack Lebron,Consumer,Singapore,APAC,Southeast Asia,OFF-LA-10003273,Office Supplies,Labels,32,3,0,1.89,1.4,Medium,2011
US-2011-119935,2011-06-13,2011-06-17,Standard Class,Kean Takahito,Consumer,Panama,LATAM,Central,FUR-FU-10000499,Furniture,Furnishings,23,3,0.4,-0.79,1.36,Medium,2011
MX-2011-130148,2011-06-13,2011-06-18,Standard Class,Anthony Witt,Consumer,Cuba,LATAM,Caribbean,OFF-LA-10003487,Office Supplies,Labels,6,1,0,2.2,0.55,Medium,2011
ES-2011-1822857,2011-06-14,2011-06-20,Standard Class,Tracy Poddar,Corporate,United Kingdom,EU,North,TEC-PH-10004823,Technology,Phones,1272,2,0,546.96,87.24,Medium,2011
ES-2011-4815184,2011-06-14,2011-06-18,Standard Class,Randy Bradley,Consumer,United Kingdom,EU,North,TEC-PH-10004823,Technology,Phones,636,1,0,273.48,82.75,High,2011
ES-2011-3398154,2011-06-14,2011-06-18,Standard Class,Eugene Moren,Home Office,United Kingdom,EU,North,OFF-ST-10001554,Office Supplies,Storage,241,2,0.1,24.11,47.1,High,2011
IZ-2011-7760,2011-06-14,2011-06-21,Standard Class,Sally Hughsby,Corporate,Iraq,EMEA,EMEA,TEC-CAN-10004166,Technology,Copiers,288,2,0,14.4,39.92,Medium,2011
US-2011-141334,2011-06-14,2011-06-16,Second Class,Greg Hansen,Consumer,Panama,LATAM,Central,FUR-CH-10001343,Furniture,Chairs,340,5,0.4,-39.72,39.73,High,2011
TU-2011-3440,2011-06-14,2011-06-19,Standard Class,Kristen Hastings,Corporate,Turkey,EMEA,EMEA,TEC-BEL-10003875,Technology,Accessories,93,2,0.6,-69.79,19.29,High,2011
ID-2011-75232,2011-06-14,2011-06-19,Standard Class,Peter Fuller,Consumer,Philippines,APAC,Southeast Asia,FUR-CH-10004009,Furniture,Chairs,206,2,0.25,-5.52,17.22,Medium,2011
ES-2011-1418466,2011-06-14,2011-06-18,Second Class,Scot Wooten,Consumer,Germany,EU,Central,OFF-AR-10004519,Office Supplies,Art,220,4,0,39.48,15.86,High,2011
CM-2011-4100,2011-06-14,2011-06-17,Second Class,Alyssa Crouse,Corporate,Cameroon,Africa,Africa,TEC-APP-10004464,Technology,Phones,137,1,0,13.65,14.62,High,2011
US-2011-141334,2011-06-14,2011-06-16,Second Class,Greg Hansen,Consumer,Panama,LATAM,Central,OFF-BI-10004042,Office Supplies,Binders,60,3,0.4,1.96,13.47,High,2011
NI-2011-7530,2011-06-14,2011-06-17,Second Class,Carol Darley,Consumer,Nigeria,Africa,Africa,OFF-KIT-10001245,Office Supplies,Appliances,58,2,0.7,-62.11,11.7,High,2011
CA-2011-140487,2011-06-14,2011-06-20,Standard Class,Sharelle Roach,Home Office,United States,US,Central,FUR-BO-10000711,Furniture,Bookcases,213,3,0,57.49,11.48,Medium,2011
PL-2011-7410,2011-06-14,2011-06-20,Standard Class,Keith Dawkins,Corporate,Poland,EMEA,EMEA,FUR-ELD-10004515,Furniture,Furnishings,201,4,0,38.04,10.2,Medium,2011
ES-2011-1418466,2011-06-14,2011-06-18,Second Class,Scot Wooten,Consumer,Germany,EU,Central,OFF-AR-10002094,Office Supplies,Art,58,2,0,7.56,9.57,High,2011
ID-2011-75232,2011-06-14,2011-06-19,Standard Class,Peter Fuller,Consumer,Philippines,APAC,Southeast Asia,TEC-AC-10003889,Technology,Accessories,111,5,0.45,-42.53,8.74,Medium,2011
ID-2011-75232,2011-06-14,2011-06-19,Standard Class,Peter Fuller,Consumer,Philippines,APAC,Southeast Asia,FUR-CH-10000258,Furniture,Chairs,138,2,0.25,-34.88,8.36,Medium,2011
ID-2011-75232,2011-06-14,2011-06-19,Standard Class,Peter Fuller,Consumer,Philippines,APAC,Southeast Asia,OFF-PA-10003550,Office Supplies,Paper,124,5,0.45,-67.7,6.54,Medium,2011
US-2011-145093,2011-06-14,2011-06-20,Standard Class,Joni Wasserman,Consumer,Honduras,LATAM,Central,FUR-CH-10004467,Furniture,Chairs,89,3,0.4,-14.88,6.07,Medium,2011
NI-2011-1410,2011-06-14,2011-06-18,Standard Class,Erica Hackney,Consumer,Nigeria,Africa,Africa,FUR-DEF-10000065,Furniture,Furnishings,64,2,0.7,-62.12,5.64,High,2011
US-2011-141334,2011-06-14,2011-06-16,Second Class,Greg Hansen,Consumer,Panama,LATAM,Central,OFF-LA-10000598,Office Supplies,Labels,29,9,0.4,-0.65,4.47,High,2011
NI-2011-7530,2011-06-14,2011-06-17,Second Class,Carol Darley,Consumer,Nigeria,Africa,Africa,FUR-ELD-10001413,Furniture,Furnishings,45,6,0.7,-48.42,4.36,High,2011
ES-2011-1418466,2011-06-14,2011-06-18,Second Class,Scot Wooten,Consumer,Germany,EU,Central,OFF-ST-10002151,Office Supplies,Storage,37,4,0.1,6.46,3.4,High,2011
ES-2011-1822857,2011-06-14,2011-06-20,Standard Class,Tracy Poddar,Corporate,United Kingdom,EU,North,OFF-AR-10001228,Office Supplies,Art,51,2,0,16.74,3.33,Medium,2011
SA-2011-9880,2011-06-14,2011-06-21,Standard Class,Erica Hernandez,Home Office,Saudi Arabia,EMEA,EMEA,FUR-ELD-10000963,Furniture,Furnishings,29,1,0,5.97,2.72,Medium,2011
CM-2011-4100,2011-06-14,2011-06-17,Second Class,Alyssa Crouse,Corporate,Cameroon,Africa,Africa,OFF-CAR-10003703,Office Supplies,Binders,15,1,0,0.75,2.3,High,2011
NI-2011-1410,2011-06-14,2011-06-18,Standard Class,Erica Hackney,Consumer,Nigeria,Africa,Africa,OFF-ELI-10002337,Office Supplies,Supplies,10,1,0.7,-10.47,2.14,High,2011
US-2011-141334,2011-06-14,2011-06-16,Second Class,Greg Hansen,Consumer,Panama,LATAM,Central,FUR-FU-10004013,Furniture,Furnishings,29,3,0.4,-18.18,1.54,High,2011
NI-2011-7530,2011-06-14,2011-06-17,Second Class,Carol Darley,Consumer,Nigeria,Africa,Africa,OFF-CUI-10004428,Office Supplies,Appliances,11,1,0.7,-10.67,1.48,High,2011
PL-2011-7410,2011-06-14,2011-06-20,Standard Class,Keith Dawkins,Corporate,Poland,EMEA,EMEA,OFF-KLE-10001794,Office Supplies,Supplies,35,1,0,0,1.28,Medium,2011
CM-2011-4100,2011-06-14,2011-06-17,Second Class,Alyssa Crouse,Corporate,Cameroon,Africa,Africa,OFF-WIL-10003308,Office Supplies,Binders,12,1,0,2.76,0.91,High,2011
ID-2011-75232,2011-06-14,2011-06-19,Standard Class,Peter Fuller,Consumer,Philippines,APAC,Southeast Asia,OFF-SU-10003527,Office Supplies,Supplies,8,1,0.45,-3.25,0.65,Medium,2011
EG-2011-4300,2011-06-14,2011-06-20,Standard Class,Jasper Cacioppo,Consumer,Egypt,Africa,Africa,OFF-ACC-10000307,Office Supplies,Binders,8,1,0,3.36,0.57,Low,2011
NI-2011-7530,2011-06-14,2011-06-17,Second Class,Carol Darley,Consumer,Nigeria,Africa,Africa,OFF-SAN-10001326,Office Supplies,Paper,9,1,0.7,-13.1,0.57,High,2011
PL-2011-7410,2011-06-14,2011-06-20,Standard Class,Keith Dawkins,Corporate,Poland,EMEA,EMEA,OFF-NOV-10003578,Office Supplies,Labels,12,1,0,2.97,0.54,Medium,2011
NI-2011-1410,2011-06-14,2011-06-18,Standard Class,Erica Hackney,Consumer,Nigeria,Africa,Africa,OFF-CAR-10001746,Office Supplies,Binders,2,1,0.7,-1.88,0.37,High,2011
TU-2011-3440,2011-06-14,2011-06-19,Standard Class,Kristen Hastings,Corporate,Turkey,EMEA,EMEA,OFF-STA-10000054,Office Supplies,Art,5,1,0.6,-5.8,0.36,High,2011
IZ-2011-7760,2011-06-14,2011-06-21,Standard Class,Sally Hughsby,Corporate,Iraq,EMEA,EMEA,OFF-AVE-10003465,Office Supplies,Binders,13,1,0,5.01,0.33,Medium,2011
TU-2011-3440,2011-06-14,2011-06-19,Standard Class,Kristen Hastings,Corporate,Turkey,EMEA,EMEA,OFF-ELD-10001037,Office Supplies,Storage,38,2,0.6,-19.79,0.09,High,2011
IN-2011-63577,2011-06-15,2011-06-17,First Class,Greg Hansen,Consumer,China,APAC,North Asia,FUR-CH-10001664,Furniture,Chairs,1296,8,0,285.12,358.85,Critical,2011
ES-2011-3286627,2011-06-15,2011-06-17,First Class,Natalie Fritzler,Consumer,Sweden,EU,North,TEC-AC-10003666,Technology,Accessories,739,6,0.5,-177.39,192.81,High,2011
US-2011-141215,2011-06-15,2011-06-21,Standard Class,Kelly Lampkin,Corporate,United States,US,Central,FUR-CH-10003379,Furniture,Chairs,798,4,0.3,-57,60.27,Medium,2011
NI-2011-9380,2011-06-15,2011-06-20,Standard Class,Jay Kimmel,Consumer,Nigeria,Africa,Africa,FUR-BUS-10002040,Furniture,Bookcases,660,6,0.7,-836.57,51.61,Medium,2011
MX-2011-159009,2011-06-15,2011-06-19,Standard Class,Ed Jacobs,Consumer,Brazil,LATAM,South,FUR-BO-10004565,Furniture,Bookcases,687,7,0,171.78,42.26,Medium,2011
ES-2011-3286627,2011-06-15,2011-06-17,First Class,Natalie Fritzler,Consumer,Sweden,EU,North,OFF-ST-10001648,Office Supplies,Storage,82,3,0.5,-73.8,18.17,High,2011
IR-2011-590,2011-06-15,2011-06-20,Standard Class,Bradley Talbott,Home Office,Iran,EMEA,EMEA,OFF-FEL-10003848,Office Supplies,Storage,231,4,0,55.44,17.24,Medium,2011
ID-2011-85928,2011-06-15,2011-06-21,Standard Class,Todd Sumrall,Corporate,New Zealand,APAC,Oceania,OFF-BI-10003452,Office Supplies,Binders,184,6,0.4,-88.96,13.36,Medium,2011
ID-2011-85928,2011-06-15,2011-06-21,Standard Class,Todd Sumrall,Corporate,New Zealand,APAC,Oceania,OFF-BI-10002533,Office Supplies,Binders,118,4,0.4,-74.5,11.65,Medium,2011
US-2011-141215,2011-06-15,2011-06-21,Standard Class,Kelly Lampkin,Corporate,United States,US,Central,FUR-TA-10001520,Furniture,Tables,100,2,0.3,-18.56,8.69,Medium,2011
TU-2011-280,2011-06-15,2011-06-17,Second Class,Pauline Johnson,Consumer,Turkey,EMEA,EMEA,OFF-ELI-10001351,Office Supplies,Supplies,69,4,0.6,-22.54,8.45,High,2011
CA-2011-126963,2011-06-15,2011-06-15,Same Day,Pamela Stobb,Consumer,United States,US,Central,OFF-PA-10001952,Office Supplies,Paper,37,2,0.2,11.88,7.37,Medium,2011
MX-2011-125920,2011-06-15,2011-06-20,Standard Class,Katherine Murray,Home Office,Brazil,LATAM,South,OFF-BI-10001324,Office Supplies,Binders,80,4,0,6.4,6.8,Medium,2011
RO-2011-7670,2011-06-15,2011-06-18,First Class,Greg Maxwell,Corporate,Romania,EMEA,EMEA,OFF-ADV-10001451,Office Supplies,Fasteners,17,1,0,2.16,6.42,Critical,2011
RW-2011-6600,2011-06-15,2011-06-20,Standard Class,Dennis Pardue,Home Office,Rwanda,Africa,Africa,OFF-KLE-10002340,Office Supplies,Supplies,97,2,0,0,6.37,Medium,2011
IN-2011-63577,2011-06-15,2011-06-17,First Class,Greg Hansen,Consumer,China,APAC,North Asia,OFF-AR-10002389,Office Supplies,Art,26,2,0,4.44,5.95,Critical,2011
NI-2011-9290,2011-06-15,2011-06-19,Standard Class,Cindy Chapman,Consumer,Nigeria,Africa,Africa,FUR-SAF-10004426,Furniture,Bookcases,51,1,0.7,-69.23,5.76,High,2011
TU-2011-280,2011-06-15,2011-06-17,Second Class,Pauline Johnson,Consumer,Turkey,EMEA,EMEA,OFF-FEL-10001792,Office Supplies,Storage,41,4,0.6,-34.73,5.37,High,2011
MX-2011-155075,2011-06-15,2011-06-17,Second Class,Larry Tron,Consumer,Cuba,LATAM,Caribbean,OFF-BI-10004053,Office Supplies,Binders,27,3,0,4.86,4.95,High,2011
NI-2011-9290,2011-06-15,2011-06-19,Standard Class,Cindy Chapman,Consumer,Nigeria,Africa,Africa,FUR-SAU-10004137,Furniture,Bookcases,58,1,0.7,-64.24,4.84,High,2011
MX-2011-122434,2011-06-15,2011-06-21,Standard Class,Kelly Collister,Consumer,Mexico,LATAM,North,OFF-SU-10003629,Office Supplies,Supplies,93,5,0,17.6,4.8,Medium,2011
IT-2011-2911544,2011-06-15,2011-06-21,Standard Class,Scott Williamson,Consumer,France,EU,Central,TEC-PH-10003153,Technology,Phones,348,3,0.15,-61.47,4.61,Medium,2011
AG-2011-4450,2011-06-15,2011-06-15,Same Day,Roland Schwarz,Corporate,Algeria,Africa,Africa,OFF-NOV-10001568,Office Supplies,Labels,11,1,0,4.08,3.8,Critical,2011
MX-2011-122434,2011-06-15,2011-06-21,Standard Class,Kelly Collister,Consumer,Mexico,LATAM,North,OFF-LA-10003820,Office Supplies,Labels,48,7,0,11.06,3.52,Medium,2011
IN-2011-60084,2011-06-15,2011-06-22,Standard Class,Andy Yotov,Corporate,China,APAC,North Asia,TEC-AC-10002014,Technology,Accessories,84,2,0,37.08,3.51,Medium,2011
RO-2011-7670,2011-06-15,2011-06-18,First Class,Greg Maxwell,Corporate,Romania,EMEA,EMEA,OFF-CAR-10002942,Office Supplies,Binders,29,1,0,8.43,3.48,Critical,2011
ES-2011-3286627,2011-06-15,2011-06-17,First Class,Natalie Fritzler,Consumer,Sweden,EU,North,OFF-ST-10001358,Office Supplies,Storage,15,1,0.5,-11.61,2.59,High,2011
NI-2011-9290,2011-06-15,2011-06-19,Standard Class,Cindy Chapman,Consumer,Nigeria,Africa,Africa,OFF-ENE-10003549,Office Supplies,Paper,14,1,0.7,-31.5,2.01,High,2011
MX-2011-125920,2011-06-15,2011-06-20,Standard Class,Katherine Murray,Home Office,Brazil,LATAM,South,OFF-LA-10003372,Office Supplies,Labels,13,3,0,3.48,0.96,Medium,2011
RO-2011-7670,2011-06-15,2011-06-18,First Class,Greg Maxwell,Corporate,Romania,EMEA,EMEA,OFF-HON-10003538,Office Supplies,Labels,9,1,0,4.5,0.84,Critical,2011
US-2011-141215,2011-06-15,2011-06-21,Standard Class,Kelly Lampkin,Corporate,United States,US,Central,OFF-BI-10002706,Office Supplies,Binders,9,3,0.8,-14.57,0.56,Medium,2011
ES-2011-1536399,2011-06-15,2011-06-17,First Class,Theresa Swint,Corporate,Austria,EU,Central,OFF-FA-10003139,Office Supplies,Fasteners,36,3,0,7.11,0.47,Medium,2011
TU-2011-9660,2011-06-15,2011-06-21,Standard Class,Philip Fox,Consumer,Turkey,EMEA,EMEA,OFF-HAR-10001948,Office Supplies,Labels,3,1,0.6,-3.65,0.26,Medium,2011
ES-2011-4240072,2011-06-16,2011-06-17,First Class,Jill Fjeld,Consumer,Italy,EU,South,OFF-AP-10001776,Office Supplies,Appliances,561,2,0,33.66,156.78,High,2011
ES-2011-4351366,2011-06-16,2011-06-20,Standard Class,Rick Huthwaite,Home Office,United Kingdom,EU,North,TEC-MA-10002149,Technology,Machines,605,5,0,266.1,60.1,High,2011
US-2011-168256,2011-06-16,2011-06-20,Standard Class,Carlos Soltero,Consumer,Brazil,LATAM,South,FUR-CH-10002438,Furniture,Chairs,369,3,0.6,-535.3,51.8,High,2011
ES-2011-4240072,2011-06-16,2011-06-17,First Class,Jill Fjeld,Consumer,Italy,EU,South,TEC-CO-10002244,Technology,Copiers,249,2,0,39.78,51.71,High,2011
CA-2011-136644,2011-06-16,2011-06-22,Standard Class,Sonia Cooley,Consumer,United States,US,Central,FUR-CH-10000225,Furniture,Chairs,648,8,0,32.39,39.24,Medium,2011
IT-2011-1925845,2011-06-16,2011-06-20,Second Class,Jeremy Ellison,Consumer,United Kingdom,EU,North,FUR-FU-10001086,Furniture,Furnishings,156,2,0.3,-22.27,29.93,High,2011
US-2011-118899,2011-06-16,2011-06-20,Standard Class,Carlos Soltero,Consumer,Dominican Republic,LATAM,Caribbean,FUR-CH-10000892,Furniture,Chairs,738,3,0.2,-166.15,14.6,Medium,2011
MX-2011-108539,2011-06-16,2011-06-19,Second Class,Alan Barnes,Consumer,Guatemala,LATAM,Central,TEC-PH-10002068,Technology,Phones,131,3,0,30,11.1,Medium,2011
ES-2011-1586186,2011-06-16,2011-06-19,First Class,Vivek Grady,Corporate,Denmark,EU,North,FUR-CH-10003540,Furniture,Chairs,87,3,0.5,-77.9,7.39,Medium,2011
MX-2011-163706,2011-06-16,2011-06-17,First Class,Victoria Pisteka,Corporate,Mexico,LATAM,North,OFF-PA-10003365,Office Supplies,Paper,93,3,0,27,7.34,Medium,2011
ES-2011-4351366,2011-06-16,2011-06-20,Standard Class,Rick Huthwaite,Home Office,United Kingdom,EU,North,OFF-BI-10001622,Office Supplies,Binders,63,2,0,25.92,6.89,High,2011
ES-2011-4741318,2011-06-16,2011-06-18,Second Class,Karl Braun,Consumer,United Kingdom,EU,North,OFF-ST-10003414,Office Supplies,Storage,99,2,0.1,9.91,6.21,Medium,2011
IN-2011-53217,2011-06-16,2011-06-21,Second Class,James Galang,Consumer,China,APAC,North Asia,OFF-FA-10003782,Office Supplies,Fasteners,42,3,0,7.56,5.16,Medium,2011
IN-2011-53217,2011-06-16,2011-06-21,Second Class,James Galang,Consumer,China,APAC,North Asia,OFF-SU-10003651,Office Supplies,Supplies,53,5,0,5.7,4.49,Medium,2011
CA-2011-113929,2011-06-16,2011-06-21,Standard Class,Chloris Kastensmidt,Consumer,United States,US,East,OFF-EN-10003286,Office Supplies,Envelopes,41,5,0,19.46,3.88,Medium,2011
CA-2011-113929,2011-06-16,2011-06-21,Standard Class,Chloris Kastensmidt,Consumer,United States,US,East,OFF-BI-10002852,Office Supplies,Binders,40,3,0.2,14.34,2.68,Medium,2011
CA-2011-113929,2011-06-16,2011-06-21,Standard Class,Chloris Kastensmidt,Consumer,United States,US,East,OFF-AR-10003772,Office Supplies,Art,35,4,0,10.5,1.72,Medium,2011
IN-2011-19351,2011-06-17,2011-06-19,First Class,Bart Watters,Corporate,China,APAC,North Asia,FUR-TA-10001889,Furniture,Tables,3238,5,0.3,-740.3,449.18,High,2011
CA-2011-144414,2011-06-17,2011-06-21,Standard Class,Gary Hwang,Consumer,United States,US,West,OFF-BI-10004995,Office Supplies,Binders,3266,3,0.2,1061.57,193.2,Medium,2011
MX-2011-145884,2011-06-17,2011-06-19,Second Class,Sean ODonnell,Consumer,Mexico,LATAM,North,FUR-TA-10003785,Furniture,Tables,829,3,0.2,113.94,134.34,Critical,2011
MX-2011-145884,2011-06-17,2011-06-19,Second Class,Sean ODonnell,Consumer,Mexico,LATAM,North,TEC-CO-10003964,Technology,Copiers,421,2,0,58.24,84.63,Critical,2011
MX-2011-128825,2011-06-17,2011-06-22,Standard Class,Caroline Jumper,Consumer,Mexico,LATAM,North,OFF-ST-10002902,Office Supplies,Storage,413,3,0,181.62,71.24,High,2011
MX-2011-128825,2011-06-17,2011-06-22,Standard Class,Caroline Jumper,Consumer,Mexico,LATAM,North,OFF-AP-10004453,Office Supplies,Appliances,327,6,0,42.48,58.9,High,2011
MX-2011-115490,2011-06-17,2011-06-22,Second Class,Kean Nguyen,Corporate,Cuba,LATAM,Caribbean,FUR-CH-10003354,Furniture,Chairs,961,8,0,278.56,58.76,Medium,2011
IT-2011-5810579,2011-06-17,2011-06-21,Standard Class,Jack Garza,Consumer,Sweden,EU,North,FUR-CH-10000546,Furniture,Chairs,714,3,0.5,-142.83,54.1,Medium,2011
MX-2011-150588,2011-06-17,2011-06-20,First Class,Ken Black,Corporate,Mexico,LATAM,North,TEC-PH-10003980,Technology,Phones,273,3,0,24.6,35.78,High,2011
MX-2011-145884,2011-06-17,2011-06-19,Second Class,Sean ODonnell,Consumer,Mexico,LATAM,North,TEC-AC-10002170,Technology,Accessories,184,5,0,33,34.02,Critical,2011
IT-2011-4320455,2011-06-17,2011-06-24,Standard Class,Aaron Hawkins,Corporate,France,EU,Central,TEC-MA-10004669,Technology,Machines,524,2,0.15,-24.67,28.61,Medium,2011
ES-2011-5952460,2011-06-17,2011-06-19,First Class,Janet Molinari,Corporate,France,EU,Central,OFF-BI-10000346,Office Supplies,Binders,90,3,0,35.82,22.15,Critical,2011
MX-2011-109239,2011-06-17,2011-06-21,Standard Class,Kean Takahito,Consumer,Brazil,LATAM,South,FUR-BO-10002008,Furniture,Bookcases,164,2,0,27.84,21.33,High,2011
MX-2011-143364,2011-06-17,2011-06-22,Standard Class,Steven Ward,Corporate,Cuba,LATAM,Caribbean,OFF-BI-10004632,Office Supplies,Binders,132,7,0,10.5,18.74,High,2011
IT-2011-4320455,2011-06-17,2011-06-24,Standard Class,Aaron Hawkins,Corporate,France,EU,Central,OFF-PA-10004990,Office Supplies,Paper,210,8,0,42,18.7,Medium,2011
MX-2011-143497,2011-06-17,2011-06-20,First Class,Rob Williams,Corporate,Nicaragua,LATAM,Central,OFF-SU-10000320,Office Supplies,Supplies,95,3,0,26.64,17.53,High,2011
IZ-2011-290,2011-06-17,2011-06-18,First Class,Rachel Payne,Corporate,Iraq,EMEA,EMEA,FUR-HON-10004137,Furniture,Chairs,133,1,0,38.52,16.16,Medium,2011
MX-2011-115490,2011-06-17,2011-06-22,Second Class,Kean Nguyen,Corporate,Cuba,LATAM,Caribbean,OFF-ST-10001991,Office Supplies,Storage,127,4,0,55.68,15.82,Medium,2011
MX-2011-129259,2011-06-17,2011-06-22,Standard Class,Tamara Willingham,Home Office,Colombia,LATAM,South,FUR-BO-10000734,Furniture,Bookcases,84,1,0,30.08,15.79,High,2011
SF-2011-3910,2011-06-17,2011-06-17,Same Day,Charles Crestani,Consumer,South Africa,Africa,Africa,FUR-RUB-10002507,Furniture,Furnishings,50,2,0,15.6,15.75,Critical,2011
IT-2011-4913699,2011-06-17,2011-06-20,First Class,Lindsay Shagiari,Home Office,United Kingdom,EU,North,FUR-FU-10003619,Furniture,Furnishings,106,3,0.3,-7.61,14.19,Critical,2011
IN-2011-76961,2011-06-17,2011-06-23,Standard Class,Richard Eichhorn,Consumer,India,APAC,Central Asia,TEC-PH-10001725,Technology,Phones,265,2,0,13.26,13.2,Low,2011
IN-2011-65964,2011-06-17,2011-06-19,Second Class,Scott Williamson,Consumer,China,APAC,North Asia,OFF-PA-10004268,Office Supplies,Paper,119,4,0,8.28,13.15,High,2011
ES-2011-1951083,2011-06-17,2011-06-22,Standard Class,Maria Etezadi,Home Office,France,EU,Central,OFF-SU-10003130,Office Supplies,Supplies,206,5,0,24.75,12.25,High,2011
IZ-2011-290,2011-06-17,2011-06-18,First Class,Rachel Payne,Corporate,Iraq,EMEA,EMEA,TEC-HP -10002221,Technology,Copiers,127,1,0,7.59,12.19,Medium,2011
MX-2011-109239,2011-06-17,2011-06-21,Standard Class,Kean Takahito,Consumer,Brazil,LATAM,South,TEC-MA-10004249,Technology,Machines,93,3,0,8.34,9.25,High,2011
CA-2011-156342,2011-06-17,2011-06-20,Second Class,Jennifer Ferguson,Consumer,United States,US,Central,OFF-PA-10001725,Office Supplies,Paper,62,2,0.2,22.48,8.67,High,2011
MX-2011-115490,2011-06-17,2011-06-22,Second Class,Kean Nguyen,Corporate,Cuba,LATAM,Caribbean,OFF-SU-10000153,Office Supplies,Supplies,67,2,0,3.96,6.58,Medium,2011
IN-2011-65964,2011-06-17,2011-06-19,Second Class,Scott Williamson,Consumer,China,APAC,North Asia,OFF-PA-10000048,Office Supplies,Paper,30,2,0,0.54,5.09,High,2011
MX-2011-109239,2011-06-17,2011-06-21,Standard Class,Kean Takahito,Consumer,Brazil,LATAM,South,TEC-PH-10001580,Technology,Phones,87,2,0,31.36,4.83,High,2011
MX-2011-128825,2011-06-17,2011-06-22,Standard Class,Caroline Jumper,Consumer,Mexico,LATAM,North,OFF-BI-10004148,Office Supplies,Binders,48,5,0,5.2,4.63,High,2011
MX-2011-128825,2011-06-17,2011-06-22,Standard Class,Caroline Jumper,Consumer,Mexico,LATAM,North,OFF-BI-10000325,Office Supplies,Binders,23,3,0,1.38,4.09,High,2011
CA-2011-104402,2011-06-17,2011-06-23,Standard Class,Duane Benoit,Consumer,United States,US,East,TEC-MA-10000423,Technology,Machines,66,3,0,31.01,4.05,Medium,2011
MX-2011-128825,2011-06-17,2011-06-22,Standard Class,Caroline Jumper,Consumer,Mexico,LATAM,North,OFF-SU-10001892,Office Supplies,Supplies,47,2,0,7.44,3.55,High,2011
IN-2011-19351,2011-06-17,2011-06-19,First Class,Bart Watters,Corporate,China,APAC,North Asia,OFF-LA-10000506,Office Supplies,Labels,44,4,0,12.6,3.22,High,2011
MX-2011-128825,2011-06-17,2011-06-22,Standard Class,Caroline Jumper,Consumer,Mexico,LATAM,North,OFF-EN-10003832,Office Supplies,Envelopes,36,3,0,3.96,3.21,High,2011
MO-2011-8370,2011-06-17,2011-06-24,Standard Class,Emily Ducich,Home Office,Morocco,Africa,Africa,OFF-BIC-10004976,Office Supplies,Art,30,1,0,10.35,2.36,Medium,2011
MX-2011-150588,2011-06-17,2011-06-20,First Class,Ken Black,Corporate,Mexico,LATAM,North,OFF-AR-10000845,Office Supplies,Art,20,2,0,7.84,2.21,High,2011
ID-2011-50501,2011-06-17,2011-06-20,First Class,Chuck Sachs,Consumer,Indonesia,APAC,Southeast Asia,FUR-TA-10000222,Furniture,Tables,715,4,0.47,-107.92,2.13,Medium,2011
CA-2011-144414,2011-06-17,2011-06-21,Standard Class,Gary Hwang,Consumer,United States,US,West,OFF-FA-10000624,Office Supplies,Fasteners,18,5,0,8.95,1.26,Medium,2011
IT-2011-5810579,2011-06-17,2011-06-21,Standard Class,Jack Garza,Consumer,Sweden,EU,North,OFF-ST-10002042,Office Supplies,Storage,27,2,0.5,-14.52,1.04,Medium,2011
IN-2011-76961,2011-06-17,2011-06-23,Standard Class,Richard Eichhorn,Consumer,India,APAC,Central Asia,OFF-BI-10000106,Office Supplies,Binders,19,4,0,6.48,1.02,Low,2011
CA-2011-144414,2011-06-17,2011-06-21,Standard Class,Gary Hwang,Consumer,United States,US,West,FUR-FU-10003981,Furniture,Furnishings,6,3,0,2.62,0.38,Medium,2011
IT-2011-4752666,2011-06-18,2011-06-20,Second Class,Randy Bradley,Consumer,Spain,EU,South,FUR-BO-10004388,Furniture,Bookcases,1814,5,0,653.1,274.63,High,2011
US-2011-165316,2011-06-18,2011-06-23,Second Class,Lori Olson,Corporate,Mexico,LATAM,North,FUR-BO-10002346,Furniture,Bookcases,519,8,0.2,58.3,40.81,High,2011
ES-2011-5273102,2011-06-18,2011-06-25,Standard Class,Joy Daniels,Consumer,Spain,EU,South,OFF-ST-10004367,Office Supplies,Storage,278,5,0.1,61.56,37.05,Low,2011
IT-2011-4752666,2011-06-18,2011-06-20,Second Class,Randy Bradley,Consumer,Spain,EU,South,TEC-CO-10002244,Technology,Copiers,373,3,0,59.67,34.46,High,2011
ES-2011-1974768,2011-06-18,2011-06-22,Standard Class,Jay Fein,Consumer,Austria,EU,Central,FUR-BO-10003028,Furniture,Bookcases,338,2,0,138.72,25.35,Medium,2011
ES-2011-5273102,2011-06-18,2011-06-25,Standard Class,Joy Daniels,Consumer,Spain,EU,South,TEC-MA-10002864,Technology,Machines,411,9,0.1,-36.72,24.92,Low,2011
IT-2011-4752666,2011-06-18,2011-06-20,Second Class,Randy Bradley,Consumer,Spain,EU,South,TEC-PH-10001432,Technology,Phones,263,2,0.1,102.14,21.79,High,2011
US-2011-165316,2011-06-18,2011-06-23,Second Class,Lori Olson,Corporate,Mexico,LATAM,North,TEC-AC-10003454,Technology,Accessories,150,2,0,56.84,21.63,High,2011
MX-2011-120502,2011-06-18,2011-06-23,Standard Class,Scott Williamson,Consumer,Mexico,LATAM,North,TEC-AC-10000692,Technology,Accessories,234,5,0,4.6,18.79,Medium,2011
MX-2011-152212,2011-06-18,2011-06-22,Standard Class,Chuck Magee,Consumer,Mexico,LATAM,North,FUR-CH-10003844,Furniture,Chairs,148,2,0.2,12.91,17.73,High,2011
KZ-2011-4170,2011-06-18,2011-06-20,First Class,David Flashing,Consumer,Kazakhstan,EMEA,EMEA,TEC-CAN-10002802,Technology,Copiers,85,2,0.7,-185.11,14.04,High,2011
US-2011-165316,2011-06-18,2011-06-23,Second Class,Lori Olson,Corporate,Mexico,LATAM,North,OFF-SU-10000085,Office Supplies,Supplies,136,5,0,50.3,12.85,High,2011
ES-2011-1406120,2011-06-18,2011-06-23,Second Class,Juliana Krohn,Consumer,Germany,EU,Central,FUR-FU-10000135,Furniture,Furnishings,104,4,0.5,-45.72,12.28,Medium,2011
RS-2011-50,2011-06-18,2011-06-22,Standard Class,Suzanne McNair,Corporate,Russia,EMEA,EMEA,TEC-EPS-10003962,Technology,Machines,170,1,0,57.81,12.27,High,2011
US-2011-165316,2011-06-18,2011-06-23,Second Class,Lori Olson,Corporate,Mexico,LATAM,North,OFF-EN-10004186,Office Supplies,Envelopes,67,2,0,29.6,7.34,High,2011
US-2011-165316,2011-06-18,2011-06-23,Second Class,Lori Olson,Corporate,Mexico,LATAM,North,OFF-PA-10001091,Office Supplies,Paper,71,4,0,23.92,5.12,High,2011
RW-2011-7970,2011-06-18,2011-06-24,Standard Class,Alex Russell,Corporate,Rwanda,Africa,Africa,OFF-BIN-10000711,Office Supplies,Art,51,2,0,13.68,3.81,Low,2011
US-2011-165316,2011-06-18,2011-06-23,Second Class,Lori Olson,Corporate,Mexico,LATAM,North,OFF-BI-10003400,Office Supplies,Binders,16,2,0,2.56,2.88,High,2011
US-2011-165316,2011-06-18,2011-06-23,Second Class,Lori Olson,Corporate,Mexico,LATAM,North,OFF-LA-10004947,Office Supplies,Labels,16,2,0,6.56,2.79,High,2011
IT-2011-4752666,2011-06-18,2011-06-20,Second Class,Randy Bradley,Consumer,Spain,EU,South,OFF-ST-10000300,Office Supplies,Storage,29,2,0.1,-0.03,2.4,High,2011
US-2011-165316,2011-06-18,2011-06-23,Second Class,Lori Olson,Corporate,Mexico,LATAM,North,FUR-FU-10004458,Furniture,Furnishings,70,4,0.4,-5.84,2.24,High,2011
KZ-2011-4170,2011-06-18,2011-06-20,First Class,David Flashing,Consumer,Kazakhstan,EMEA,EMEA,TEC-LOG-10003539,Technology,Accessories,8,1,0.7,-12.75,2.13,High,2011
KZ-2011-4170,2011-06-18,2011-06-20,First Class,David Flashing,Consumer,Kazakhstan,EMEA,EMEA,OFF-ELI-10000541,Office Supplies,Supplies,13,1,0.7,-27.1,2.02,High,2011
MX-2011-152212,2011-06-18,2011-06-22,Standard Class,Chuck Magee,Consumer,Mexico,LATAM,North,OFF-BI-10001507,Office Supplies,Binders,11,1,0,3.16,1.14,High,2011
KZ-2011-4170,2011-06-18,2011-06-20,First Class,David Flashing,Consumer,Kazakhstan,EMEA,EMEA,OFF-CAR-10000687,Office Supplies,Binders,4,1,0.7,-7.92,1.06,High,2011
RS-2011-7440,2011-06-19,2011-06-24,Second Class,Jeremy Lonsdale,Consumer,Russia,EMEA,EMEA,OFF-BOS-10001576,Office Supplies,Art,58,2,0,8.1,3.74,Medium,2011
US-2011-144204,2011-06-20,2011-06-22,First Class,Corey-Lock,Consumer,Venezuela,LATAM,South,TEC-PH-10002904,Technology,Phones,765,3,0.4,-306.01,176.18,Critical,2011
CM-2011-1770,2011-06-20,2011-06-20,Same Day,Clay Ludtke,Consumer,Cameroon,Africa,Africa,TEC-OKI-10000616,Technology,Machines,352,2,0,28.14,104.28,Critical,2011
MX-2011-136399,2011-06-20,2011-06-25,Standard Class,Vivek Grady,Corporate,Mexico,LATAM,North,TEC-CO-10001589,Technology,Copiers,1516,6,0,680.6,84.51,Medium,2011
CA-2011-166863,2011-06-20,2011-06-24,Standard Class,Sam Craven,Consumer,United States,US,Central,OFF-ST-10004123,Office Supplies,Storage,509,7,0.2,-127.37,63.22,High,2011
US-2011-112949,2011-06-20,2011-06-27,Standard Class,Corey-Lock,Consumer,United States,US,Central,OFF-AP-10001005,Office Supplies,Appliances,472,6,0,155.73,48.89,Low,2011
CA-2011-166863,2011-06-20,2011-06-24,Standard Class,Sam Craven,Consumer,United States,US,Central,TEC-MA-10001972,Technology,Machines,419,2,0.4,-97.72,45.97,High,2011
US-2011-169439,2011-06-20,2011-06-26,Standard Class,Jamie Kunitz,Consumer,Mexico,LATAM,North,FUR-FU-10000159,Furniture,Furnishings,307,7,0.4,-20.61,38.24,Low,2011
CA-2011-166863,2011-06-20,2011-06-24,Standard Class,Sam Craven,Consumer,United States,US,Central,FUR-BO-10001608,Furniture,Bookcases,193,4,0.32,-19.87,33.78,High,2011
IN-2011-72614,2011-06-20,2011-06-22,Second Class,Patrick Jones,Corporate,China,APAC,North Asia,FUR-CH-10001477,Furniture,Chairs,377,7,0,162.12,30.19,Medium,2011
US-2011-168382,2011-06-20,2011-06-21,First Class,Barry Blumstein,Corporate,Honduras,LATAM,Central,FUR-CH-10000302,Furniture,Chairs,210,4,0.4,-73.63,30.12,High,2011
IZ-2011-8200,2011-06-20,2011-06-23,First Class,Thomas Thornton,Consumer,Iraq,EMEA,EMEA,OFF-ACC-10002680,Office Supplies,Binders,206,4,0,51.36,28.8,Medium,2011
CM-2011-1770,2011-06-20,2011-06-20,Same Day,Clay Ludtke,Consumer,Cameroon,Africa,Africa,FUR-DEF-10004141,Furniture,Furnishings,196,4,0,27.36,26.73,Critical,2011
IN-2011-72614,2011-06-20,2011-06-22,Second Class,Patrick Jones,Corporate,China,APAC,North Asia,OFF-AR-10001952,Office Supplies,Art,162,3,0,43.65,22.86,Medium,2011
IT-2011-4726397,2011-06-20,2011-06-24,Standard Class,Joseph Holt,Consumer,France,EU,Central,TEC-PH-10000026,Technology,Phones,347,6,0.15,-24.64,21.52,Medium,2011
MX-2011-112795,2011-06-20,2011-06-26,Standard Class,Rick Bensley,Home Office,Cuba,LATAM,Caribbean,TEC-MA-10002710,Technology,Machines,358,2,0,128.92,21.04,Medium,2011
CA-2011-166863,2011-06-20,2011-06-24,Standard Class,Sam Craven,Consumer,United States,US,Central,TEC-PH-10000369,Technology,Phones,202,2,0.2,20.16,21,High,2011
CG-2011-4120,2011-06-20,2011-06-25,Standard Class,Kristina Nunn,Home Office,Democratic Republic of the Congo,Africa,Africa,TEC-BEL-10000485,Technology,Accessories,116,2,0,49.62,13.23,High,2011
IN-2011-58950,2011-06-20,2011-06-23,Second Class,Janet Molinari,Corporate,Indonesia,APAC,Southeast Asia,OFF-AP-10003473,Office Supplies,Appliances,170,3,0.17,53.14,12.85,Medium,2011
MX-2011-121300,2011-06-20,2011-06-20,Same Day,Don Jones,Corporate,Mexico,LATAM,North,OFF-SU-10004095,Office Supplies,Supplies,325,11,0,120.12,12.51,Critical,2011
MX-2011-112795,2011-06-20,2011-06-26,Standard Class,Rick Bensley,Home Office,Cuba,LATAM,Caribbean,OFF-ST-10004368,Office Supplies,Storage,109,3,0,42.6,11.93,Medium,2011
IT-2011-2403893,2011-06-20,2011-06-23,Second Class,Patrick Jones,Corporate,Germany,EU,Central,OFF-EN-10004895,Office Supplies,Envelopes,80,2,0,3.96,10.83,Medium,2011
MX-2011-121300,2011-06-20,2011-06-20,Same Day,Don Jones,Corporate,Mexico,LATAM,North,OFF-AR-10000481,Office Supplies,Art,53,3,0,20.58,10.8,Critical,2011
ES-2011-4806518,2011-06-20,2011-06-24,Standard Class,Brendan Dodson,Home Office,United Kingdom,EU,North,OFF-LA-10001184,Office Supplies,Labels,119,11,0,15.51,8.95,Medium,2011
IZ-2011-8200,2011-06-20,2011-06-23,First Class,Thomas Thornton,Consumer,Iraq,EMEA,EMEA,OFF-WIL-10003299,Office Supplies,Binders,49,1,0,5.4,8.56,Medium,2011
SA-2011-8680,2011-06-20,2011-06-25,Second Class,Stefania Perrino,Corporate,Saudi Arabia,EMEA,EMEA,OFF-SME-10004518,Office Supplies,Labels,67,6,0,3.96,7.87,Medium,2011
MX-2011-136399,2011-06-20,2011-06-25,Standard Class,Vivek Grady,Corporate,Mexico,LATAM,North,TEC-CO-10004981,Technology,Copiers,160,2,0,70.08,7.2,Medium,2011
SA-2011-4630,2011-06-20,2011-06-22,Second Class,Bobby Elias,Consumer,Saudi Arabia,EMEA,EMEA,OFF-AVE-10002014,Office Supplies,Labels,39,4,0,12.84,6.54,High,2011
CG-2011-4120,2011-06-20,2011-06-25,Standard Class,Kristina Nunn,Home Office,Democratic Republic of the Congo,Africa,Africa,OFF-ACC-10000102,Office Supplies,Binders,202,4,0,22.2,5.67,High,2011
ES-2011-4806518,2011-06-20,2011-06-24,Standard Class,Brendan Dodson,Home Office,United Kingdom,EU,North,TEC-PH-10004552,Technology,Phones,73,1,0,23.37,4.61,Medium,2011
NI-2011-8500,2011-06-20,2011-06-25,Standard Class,Ann Steele,Home Office,Nigeria,Africa,Africa,TEC-BRO-10004328,Technology,Copiers,96,1,0.7,-80.02,4.19,Medium,2011
NI-2011-8500,2011-06-20,2011-06-25,Standard Class,Ann Steele,Home Office,Nigeria,Africa,Africa,OFF-SME-10004370,Office Supplies,Storage,76,2,0.7,-175.94,3.73,Medium,2011
ES-2011-2931507,2011-06-20,2011-06-24,Standard Class,Suzanne McNair,Corporate,Italy,EU,South,OFF-EN-10002634,Office Supplies,Envelopes,17,2,0,8.16,3.15,High,2011
NI-2011-8500,2011-06-20,2011-06-25,Standard Class,Ann Steele,Home Office,Nigeria,Africa,Africa,FUR-ELD-10003802,Furniture,Furnishings,66,4,0.7,-92.71,3.11,Medium,2011
NI-2011-8500,2011-06-20,2011-06-25,Standard Class,Ann Steele,Home Office,Nigeria,Africa,Africa,OFF-IBI-10000080,Office Supplies,Binders,29,6,0.7,-58.97,2.11,Medium,2011
CA-2011-166863,2011-06-20,2011-06-24,Standard Class,Sam Craven,Consumer,United States,US,Central,OFF-PA-10001166,Office Supplies,Paper,16,3,0.2,5.44,1.65,High,2011
US-2011-168382,2011-06-20,2011-06-21,First Class,Barry Blumstein,Corporate,Honduras,LATAM,Central,OFF-BI-10004305,Office Supplies,Binders,8,3,0.4,-2.35,1.15,High,2011
CA-2011-166863,2011-06-20,2011-06-24,Standard Class,Sam Craven,Consumer,United States,US,Central,OFF-PA-10000587,Office Supplies,Paper,12,2,0.2,4.08,0.95,High,2011
MX-2011-136399,2011-06-20,2011-06-25,Standard Class,Vivek Grady,Corporate,Mexico,LATAM,North,OFF-LA-10004034,Office Supplies,Labels,34,4,0,8.08,0.88,Medium,2011
NI-2011-8500,2011-06-20,2011-06-25,Standard Class,Ann Steele,Home Office,Nigeria,Africa,Africa,OFF-ACC-10004322,Office Supplies,Binders,9,2,0.7,-10.85,0.66,Medium,2011
NI-2011-8500,2011-06-20,2011-06-25,Standard Class,Ann Steele,Home Office,Nigeria,Africa,Africa,OFF-BOS-10002705,Office Supplies,Art,6,1,0.7,-8.87,0.51,Medium,2011
US-2011-112949,2011-06-20,2011-06-27,Standard Class,Corey-Lock,Consumer,United States,US,Central,OFF-AR-10003469,Office Supplies,Art,4,2,0,1.69,0.49,Low,2011
CA-2011-166863,2011-06-20,2011-06-24,Standard Class,Sam Craven,Consumer,United States,US,Central,OFF-BI-10000756,Office Supplies,Binders,3,4,0.8,-5.09,0.37,High,2011
CA-2011-141796,2011-06-21,2011-06-21,Same Day,James Galang,Consumer,United States,US,East,TEC-PH-10001578,Technology,Phones,1215,3,0,352.31,417.47,Critical,2011
IT-2011-2876489,2011-06-21,2011-06-24,First Class,Randy Bradley,Consumer,France,EU,Central,FUR-CH-10000479,Furniture,Chairs,1696,4,0.1,734.93,401.13,High,2011
CA-2011-128146,2011-06-21,2011-06-25,Standard Class,Dave Brooks,Consumer,United States,US,East,TEC-PH-10004539,Technology,Phones,1323,7,0,357.19,229.09,High,2011
CA-2011-130624,2011-06-21,2011-06-24,First Class,Toby Braunhardt,Consumer,United States,US,East,TEC-PH-10003963,Technology,Phones,618,3,0,160.67,145.46,High,2011
IN-2011-71494,2011-06-21,2011-06-25,Standard Class,Sue Ann Reed,Consumer,China,APAC,North Asia,OFF-AP-10001559,Office Supplies,Appliances,590,6,0,200.34,51.45,High,2011
IT-2011-2876489,2011-06-21,2011-06-24,First Class,Randy Bradley,Consumer,France,EU,Central,OFF-EN-10003381,Office Supplies,Envelopes,265,9,0,129.6,43.35,High,2011
MX-2011-127089,2011-06-21,2011-06-23,Second Class,Sam Zeldin,Home Office,Mexico,LATAM,North,FUR-BO-10001099,Furniture,Bookcases,265,4,0.2,13.15,27.23,Medium,2011
ES-2011-2621167,2011-06-21,2011-06-27,Standard Class,Joseph Airdo,Consumer,United Kingdom,EU,North,TEC-AC-10004753,Technology,Accessories,405,4,0,8.04,27.05,Medium,2011
IN-2011-81000,2011-06-21,2011-06-26,Second Class,Arianne Irving,Consumer,New Zealand,APAC,Oceania,OFF-AR-10003738,Office Supplies,Art,110,2,0,43.92,24.71,High,2011
AO-2011-7110,2011-06-21,2011-06-25,Standard Class,Andrew Allen,Consumer,Angola,Africa,Africa,OFF-SME-10004370,Office Supplies,Storage,255,2,0,2.52,22.91,Medium,2011
US-2011-126452,2011-06-21,2011-06-23,Second Class,Sam Zeldin,Home Office,Brazil,LATAM,South,FUR-BO-10002574,Furniture,Bookcases,132,4,0.6,-119.1,16.72,High,2011
CA-2011-138317,2011-06-21,2011-06-25,Standard Class,Natalie Webber,Consumer,United States,US,East,TEC-MA-10004521,Technology,Machines,207,3,0.7,-172.49,16.34,Medium,2011
US-2011-117135,2011-06-21,2011-06-23,Second Class,Naresj Patel,Consumer,United States,US,South,FUR-FU-10004071,Furniture,Furnishings,104,1,0,14.56,13.86,High,2011
IN-2011-29725,2011-06-21,2011-06-27,Standard Class,Nick Crebassa,Corporate,Australia,APAC,Oceania,OFF-SU-10001535,Office Supplies,Supplies,160,4,0.1,63.85,9.17,Medium,2011
TU-2011-7850,2011-06-21,2011-06-25,Standard Class,Fred Wasserman,Corporate,Turkey,EMEA,EMEA,OFF-FEL-10001405,Office Supplies,Storage,110,2,0.6,-129.53,9.02,High,2011
US-2011-126452,2011-06-21,2011-06-23,Second Class,Sam Zeldin,Home Office,Brazil,LATAM,South,TEC-AC-10004094,Technology,Accessories,44,2,0.6,-28.78,8.87,High,2011
MX-2011-127089,2011-06-21,2011-06-23,Second Class,Sam Zeldin,Home Office,Mexico,LATAM,North,TEC-AC-10002664,Technology,Accessories,111,2,0,37.6,6.62,Medium,2011
CA-2011-141278,2011-06-21,2011-06-24,First Class,Raymond Messe,Consumer,United States,US,East,OFF-AR-10003056,Office Supplies,Art,21,5,0,6.21,6.58,High,2011
IN-2011-27821,2011-06-21,2011-06-26,Standard Class,Julie Prescott,Home Office,China,APAC,North Asia,OFF-SU-10003105,Office Supplies,Supplies,141,3,0,25.38,5.62,Medium,2011
MX-2011-127089,2011-06-21,2011-06-23,Second Class,Sam Zeldin,Home Office,Mexico,LATAM,North,TEC-AC-10004451,Technology,Accessories,51,2,0,14.28,5.31,Medium,2011
AO-2011-7110,2011-06-21,2011-06-25,Standard Class,Andrew Allen,Consumer,Angola,Africa,Africa,FUR-HON-10000339,Furniture,Chairs,47,1,0,5.67,4.58,Medium,2011
CA-2011-130624,2011-06-21,2011-06-24,First Class,Toby Braunhardt,Consumer,United States,US,East,OFF-PA-10003883,Office Supplies,Paper,20,3,0,9.04,3.86,High,2011
US-2011-117135,2011-06-21,2011-06-23,Second Class,Naresj Patel,Consumer,United States,US,South,OFF-ST-10002444,Office Supplies,Storage,37,3,0,10.32,3.84,High,2011
AO-2011-7110,2011-06-21,2011-06-25,Standard Class,Andrew Allen,Consumer,Angola,Africa,Africa,OFF-ACC-10000497,Office Supplies,Fasteners,28,2,0,6.48,3.71,Medium,2011
CA-2011-138317,2011-06-21,2011-06-25,Standard Class,Natalie Webber,Consumer,United States,US,East,TEC-AC-10003628,Technology,Accessories,96,4,0.2,28.79,3.36,Medium,2011
IN-2011-12890,2011-06-21,2011-06-25,Standard Class,Carol Triggs,Consumer,India,APAC,Central Asia,OFF-PA-10003654,Office Supplies,Paper,51,3,0,10.62,3.35,Medium,2011
CA-2011-130624,2011-06-21,2011-06-24,First Class,Toby Braunhardt,Consumer,United States,US,East,OFF-AP-10001303,Office Supplies,Appliances,60,3,0,26.87,3.07,High,2011
CA-2011-138317,2011-06-21,2011-06-25,Standard Class,Natalie Webber,Consumer,United States,US,East,OFF-EN-10001539,Office Supplies,Envelopes,25,4,0.2,8.4,2.45,Medium,2011
ES-2011-2621167,2011-06-21,2011-06-27,Standard Class,Joseph Airdo,Consumer,United Kingdom,EU,North,OFF-BI-10000894,Office Supplies,Binders,32,3,0,7.2,2.42,Medium,2011
AO-2011-7110,2011-06-21,2011-06-25,Standard Class,Andrew Allen,Consumer,Angola,Africa,Africa,OFF-STA-10000155,Office Supplies,Art,56,2,0,2.22,2.24,Medium,2011
IT-2011-2876489,2011-06-21,2011-06-24,First Class,Randy Bradley,Consumer,France,EU,Central,OFF-AR-10000066,Office Supplies,Art,11,1,0,2.64,2.08,High,2011
US-2011-160780,2011-06-21,2011-06-21,Same Day,Stewart Visinsky,Consumer,United States,US,West,OFF-BI-10001116,Office Supplies,Binders,11,7,0.7,-8.13,1.96,High,2011
US-2011-126452,2011-06-21,2011-06-23,Second Class,Sam Zeldin,Home Office,Brazil,LATAM,South,TEC-AC-10000766,Technology,Accessories,20,2,0.6,-16.37,1.82,High,2011
US-2011-160780,2011-06-21,2011-06-21,Same Day,Stewart Visinsky,Consumer,United States,US,West,OFF-BI-10002931,Office Supplies,Binders,25,2,0.7,-16.78,1.43,High,2011
CA-2011-138317,2011-06-21,2011-06-25,Standard Class,Natalie Webber,Consumer,United States,US,East,OFF-AP-10003860,Office Supplies,Appliances,44,2,0.2,3.89,1.07,Medium,2011
CA-2011-138317,2011-06-21,2011-06-25,Standard Class,Natalie Webber,Consumer,United States,US,East,OFF-BI-10000069,Office Supplies,Binders,9,2,0.7,-7.2,0.66,Medium,2011
CA-2011-128146,2011-06-21,2011-06-25,Standard Class,Dave Brooks,Consumer,United States,US,East,OFF-AR-10001919,Office Supplies,Art,4,2,0,1.09,0.5,High,2011
IN-2011-12890,2011-06-21,2011-06-25,Standard Class,Carol Triggs,Consumer,India,APAC,Central Asia,OFF-LA-10001764,Office Supplies,Labels,10,2,0,0.48,0.48,Medium,2011
IN-2011-12890,2011-06-21,2011-06-25,Standard Class,Carol Triggs,Consumer,India,APAC,Central Asia,OFF-ST-10003606,Office Supplies,Storage,22,2,0,5.4,0.47,Medium,2011
CA-2011-138317,2011-06-21,2011-06-25,Standard Class,Natalie Webber,Consumer,United States,US,East,FUR-FU-10000550,Furniture,Furnishings,4,1,0.2,0.65,0.17,Medium,2011
IN-2011-12526,2011-06-22,2011-06-27,Standard Class,Ralph Ritter,Consumer,Australia,APAC,Oceania,TEC-CO-10002040,Technology,Copiers,1718,6,0.1,610.81,246.05,High,2011
IN-2011-41254,2011-06-22,2011-06-26,Standard Class,Scot Coram,Corporate,India,APAC,Central Asia,FUR-BO-10001372,Furniture,Bookcases,2637,6,0,184.5,200.83,Medium,2011
ID-2011-47155,2011-06-22,2011-06-24,First Class,Allen Rosenblatt,Corporate,China,APAC,North Asia,FUR-BO-10001749,Furniture,Bookcases,619,3,0.5,-544.77,107.12,High,2011
IN-2011-40141,2011-06-22,2011-06-26,Standard Class,Saphhira Shifley,Corporate,China,APAC,North Asia,OFF-AP-10003800,Office Supplies,Appliances,619,2,0,259.86,100.8,High,2011
ES-2011-4154402,2011-06-22,2011-06-26,Standard Class,Cynthia Voltz,Corporate,Germany,EU,Central,FUR-CH-10003355,Furniture,Chairs,469,7,0.1,145.89,97.48,High,2011
IN-2011-41254,2011-06-22,2011-06-26,Standard Class,Scot Coram,Corporate,India,APAC,Central Asia,TEC-PH-10002601,Technology,Phones,1286,2,0,51.42,91.09,Medium,2011
CA-2011-154963,2011-06-22,2011-06-27,Standard Class,Anna Andreadi,Consumer,United States,US,East,FUR-CH-10000454,Furniture,Chairs,854,5,0.3,0,88.3,High,2011
ES-2011-2413369,2011-06-22,2011-06-26,Standard Class,Debra Catini,Consumer,Germany,EU,Central,FUR-CH-10001039,Furniture,Chairs,808,6,0.1,197.35,69.78,Medium,2011
ES-2011-4154402,2011-06-22,2011-06-26,Standard Class,Cynthia Voltz,Corporate,Germany,EU,Central,FUR-BO-10002632,Furniture,Bookcases,535,4,0.1,59.46,69.1,High,2011
CA-2011-124646,2011-06-22,2011-06-24,First Class,Dianna Vittorini,Consumer,United States,US,Central,OFF-ST-10001097,Office Supplies,Storage,502,3,0,0,55.62,Medium,2011
IN-2011-12526,2011-06-22,2011-06-27,Standard Class,Ralph Ritter,Consumer,Australia,APAC,Oceania,FUR-BO-10002300,Furniture,Bookcases,463,3,0.1,25.63,55.28,High,2011
MX-2011-149944,2011-06-22,2011-06-25,First Class,Fred McMath,Consumer,Chile,LATAM,South,OFF-ST-10004835,Office Supplies,Storage,273,3,0,13.62,54.24,Critical,2011
IN-2011-68729,2011-06-22,2011-06-24,Second Class,Speros Goranitis,Consumer,China,APAC,North Asia,FUR-BO-10001216,Furniture,Bookcases,508,3,0,203.04,52.81,High,2011
ES-2011-1868803,2011-06-22,2011-06-25,Second Class,Chad Sievert,Consumer,Germany,EU,Central,TEC-PH-10002076,Technology,Phones,672,4,0,87.36,52.62,Medium,2011
MX-2011-120082,2011-06-22,2011-06-26,Standard Class,Steve Chapman,Corporate,Brazil,LATAM,South,TEC-CO-10000917,Technology,Copiers,529,3,0,78.44,37.32,Medium,2011
ES-2011-4154402,2011-06-22,2011-06-26,Standard Class,Cynthia Voltz,Corporate,Germany,EU,Central,FUR-BO-10000847,Furniture,Bookcases,219,2,0.1,82.66,35.16,High,2011
ES-2011-4154402,2011-06-22,2011-06-26,Standard Class,Cynthia Voltz,Corporate,Germany,EU,Central,OFF-ST-10000127,Office Supplies,Storage,359,7,0.1,123.33,34.06,High,2011
ES-2011-4154402,2011-06-22,2011-06-26,Standard Class,Cynthia Voltz,Corporate,Germany,EU,Central,OFF-AP-10004946,Office Supplies,Appliances,229,3,0.1,50.81,33.9,High,2011
ES-2011-3654318,2011-06-22,2011-06-25,First Class,Allen Rosenblatt,Corporate,Austria,EU,Central,OFF-BI-10001808,Office Supplies,Binders,197,4,0,78.72,31.72,High,2011
ES-2011-2413369,2011-06-22,2011-06-26,Standard Class,Debra Catini,Consumer,Germany,EU,Central,TEC-AC-10004808,Technology,Accessories,976,4,0,292.8,29.99,Medium,2011
IN-2011-12526,2011-06-22,2011-06-27,Standard Class,Ralph Ritter,Consumer,Australia,APAC,Oceania,OFF-AP-10003860,Office Supplies,Appliances,262,3,0.1,69.81,28.8,High,2011
ET-2011-6720,2011-06-22,2011-06-26,Standard Class,Astrea Jones,Consumer,Ethiopia,Africa,Africa,OFF-SAN-10003687,Office Supplies,Art,366,8,0,168.24,28.71,High,2011
IN-2011-12526,2011-06-22,2011-06-27,Standard Class,Ralph Ritter,Consumer,Australia,APAC,Oceania,TEC-AC-10002649,Technology,Accessories,384,5,0.1,110.91,25.64,High,2011
IT-2011-5781543,2011-06-22,2011-06-24,Second Class,Stewart Carmichael,Corporate,Netherlands,EU,Central,OFF-SU-10001021,Office Supplies,Supplies,145,9,0.5,-52.38,24.27,High,2011
IN-2011-12526,2011-06-22,2011-06-27,Standard Class,Ralph Ritter,Consumer,Australia,APAC,Oceania,FUR-FU-10001770,Furniture,Furnishings,132,3,0.1,58.67,22.87,High,2011
IN-2011-12526,2011-06-22,2011-06-27,Standard Class,Ralph Ritter,Consumer,Australia,APAC,Oceania,TEC-PH-10001884,Technology,Phones,239,4,0.1,-16.01,22.17,High,2011
MX-2011-120082,2011-06-22,2011-06-26,Standard Class,Steve Chapman,Corporate,Brazil,LATAM,South,TEC-CO-10004081,Technology,Copiers,244,3,0,9.29,21.21,Medium,2011
ES-2011-4154402,2011-06-22,2011-06-26,Standard Class,Cynthia Voltz,Corporate,Germany,EU,Central,TEC-PH-10003774,Technology,Phones,354,4,0,141.48,19.33,High,2011
CA-2011-154963,2011-06-22,2011-06-27,Standard Class,Anna Andreadi,Consumer,United States,US,East,FUR-CH-10004698,Furniture,Chairs,170,3,0.3,-4.86,19.06,High,2011
US-2011-122651,2011-06-22,2011-06-28,Standard Class,Christine Kargatis,Home Office,Argentina,LATAM,South,FUR-TA-10002088,Furniture,Tables,182,3,0.7,-267.31,18.54,Medium,2011
ES-2011-1868803,2011-06-22,2011-06-25,Second Class,Chad Sievert,Consumer,Germany,EU,Central,OFF-AR-10002816,Office Supplies,Art,322,6,0,80.46,17.58,Medium,2011
ES-2011-1868803,2011-06-22,2011-06-25,Second Class,Chad Sievert,Consumer,Germany,EU,Central,OFF-FA-10002264,Office Supplies,Fasteners,112,8,0,24.48,16.03,Medium,2011
CA-2011-124646,2011-06-22,2011-06-24,First Class,Dianna Vittorini,Consumer,United States,US,Central,OFF-ST-10001469,Office Supplies,Storage,162,3,0,9.72,14.59,Medium,2011
MX-2011-136630,2011-06-22,2011-06-26,Standard Class,Tony Chapman,Home Office,Brazil,LATAM,South,FUR-BO-10001201,Furniture,Bookcases,247,3,0,106.2,14.25,Medium,2011
ES-2011-1259965,2011-06-22,2011-06-27,Standard Class,Joseph Airdo,Consumer,Italy,EU,South,OFF-AR-10002681,Office Supplies,Art,152,3,0,48.69,13.93,Medium,2011
TU-2011-4480,2011-06-22,2011-06-25,First Class,Erin Smith,Corporate,Turkey,EMEA,EMEA,OFF-HAM-10004896,Office Supplies,Appliances,113,1,0.6,-70.66,12.34,High,2011
ES-2011-2413369,2011-06-22,2011-06-26,Standard Class,Debra Catini,Consumer,Germany,EU,Central,OFF-PA-10001662,Office Supplies,Paper,268,9,0,96.39,10.35,Medium,2011
MX-2011-107643,2011-06-22,2011-06-26,Standard Class,Stuart Van,Corporate,Mexico,LATAM,North,FUR-CH-10002291,Furniture,Chairs,152,6,0.2,17.04,9.19,Medium,2011
CA-2011-154963,2011-06-22,2011-06-27,Standard Class,Anna Andreadi,Consumer,United States,US,East,TEC-PH-10004093,Technology,Phones,83,3,0.4,-15.18,8.36,High,2011
RS-2011-5580,2011-06-22,2011-06-28,Standard Class,Quincy Jones,Corporate,Russia,EMEA,EMEA,OFF-STA-10004885,Office Supplies,Art,45,1,0,8.49,6.16,Low,2011
ET-2011-6720,2011-06-22,2011-06-26,Standard Class,Astrea Jones,Consumer,Ethiopia,Africa,Africa,OFF-ROG-10001399,Office Supplies,Storage,62,1,0,4.95,5.62,High,2011
ES-2011-1868803,2011-06-22,2011-06-25,Second Class,Chad Sievert,Consumer,Germany,EU,Central,OFF-PA-10004343,Office Supplies,Paper,31,2,0,0.6,3.47,Medium,2011
ES-2011-4154402,2011-06-22,2011-06-26,Standard Class,Cynthia Voltz,Corporate,Germany,EU,Central,OFF-AR-10003651,Office Supplies,Art,27,1,0,13.53,3.44,High,2011
MX-2011-149944,2011-06-22,2011-06-25,First Class,Fred McMath,Consumer,Chile,LATAM,South,OFF-FA-10001029,Office Supplies,Fasteners,8,1,0,0.4,3.05,Critical,2011
MX-2011-158680,2011-06-22,2011-06-27,Standard Class,David Smith,Corporate,Brazil,LATAM,South,FUR-FU-10000850,Furniture,Furnishings,67,2,0,32.76,2.84,Medium,2011
ES-2011-4154402,2011-06-22,2011-06-26,Standard Class,Cynthia Voltz,Corporate,Germany,EU,Central,OFF-AR-10000491,Office Supplies,Art,30,2,0,10.86,2.64,High,2011
ES-2011-3654318,2011-06-22,2011-06-25,First Class,Allen Rosenblatt,Corporate,Austria,EU,Central,OFF-FA-10000520,Office Supplies,Fasteners,14,1,0,6.51,2.58,High,2011
IN-2011-24986,2011-06-22,2011-06-26,Standard Class,Giulietta Weimer,Consumer,India,APAC,Central Asia,OFF-BI-10000871,Office Supplies,Binders,23,2,0,7.14,2.46,Medium,2011
ES-2011-2413369,2011-06-22,2011-06-26,Standard Class,Debra Catini,Consumer,Germany,EU,Central,OFF-PA-10004468,Office Supplies,Paper,31,1,0,12.78,2.28,Medium,2011
CA-2011-8330,2011-06-22,2011-06-26,Standard Class,Max Ludwig,Home Office,Canada,Canada,Canada,OFF-IBI-10000684,Office Supplies,Binders,51,1,0,23.4,1.87,Medium,2011
CA-2011-133389,2011-06-22,2011-06-22,Same Day,Toby Braunhardt,Consumer,United States,US,West,OFF-BI-10001553,Office Supplies,Binders,8,3,0.7,-6.03,1.01,Medium,2011
IN-2011-41254,2011-06-22,2011-06-26,Standard Class,Scot Coram,Corporate,India,APAC,Central Asia,OFF-SU-10000178,Office Supplies,Supplies,37,2,0,2.88,1,Medium,2011
TU-2011-8580,2011-06-22,2011-06-27,Standard Class,Trudy Brown,Consumer,Turkey,EMEA,EMEA,OFF-AVE-10000608,Office Supplies,Binders,3,1,0.6,-1.49,0.48,High,2011
US-2011-122651,2011-06-22,2011-06-28,Standard Class,Christine Kargatis,Home Office,Argentina,LATAM,South,OFF-BI-10001199,Office Supplies,Binders,2,1,0.7,-2.87,0.08,Medium,2011
SA-2011-8320,2011-06-23,2011-06-29,Standard Class,Justin Deggeller,Corporate,Saudi Arabia,EMEA,EMEA,TEC-HEW-10004690,Technology,Copiers,764,4,0,183.36,95.59,Low,2011
SA-2011-8320,2011-06-23,2011-06-29,Standard Class,Justin Deggeller,Corporate,Saudi Arabia,EMEA,EMEA,FUR-NOV-10004925,Furniture,Chairs,458,1,0,146.52,73.37,Low,2011
SA-2011-8320,2011-06-23,2011-06-29,Standard Class,Justin Deggeller,Corporate,Saudi Arabia,EMEA,EMEA,TEC-NOK-10003034,Technology,Phones,249,2,0,49.74,43.42,Low,2011
IN-2011-74070,2011-06-23,2011-06-25,First Class,Christina Anderson,Consumer,Indonesia,APAC,Southeast Asia,FUR-FU-10003939,Furniture,Furnishings,152,4,0.27,18.59,22.6,Medium,2011
SA-2011-8320,2011-06-23,2011-06-29,Standard Class,Justin Deggeller,Corporate,Saudi Arabia,EMEA,EMEA,TEC-EPS-10002958,Technology,Machines,117,1,0,28.08,21.13,Low,2011
ZI-2011-8150,2011-06-23,2011-06-29,Standard Class,Erica Bern,Corporate,Zimbabwe,Africa,Africa,FUR-BAR-10003465,Furniture,Tables,143,1,0.7,-275.76,19.54,Low,2011
NI-2011-9710,2011-06-23,2011-06-25,First Class,Andy Gerbode,Corporate,Nigeria,Africa,Africa,TEC-OKI-10004464,Technology,Machines,80,1,0.7,-183.32,17.6,High,2011
MX-2011-130064,2011-06-23,2011-06-27,Standard Class,Mark Van Huff,Consumer,Mexico,LATAM,North,TEC-PH-10004888,Technology,Phones,223,2,0,109.04,17.34,Medium,2011
IN-2011-74070,2011-06-23,2011-06-25,First Class,Christina Anderson,Consumer,Indonesia,APAC,Southeast Asia,TEC-PH-10002916,Technology,Phones,102,1,0.17,30.82,11.57,Medium,2011
IN-2011-77850,2011-06-23,2011-06-29,Standard Class,Tom Stivers,Corporate,Australia,APAC,Oceania,OFF-PA-10002477,Office Supplies,Paper,65,3,0.1,27.93,9.31,Low,2011
IZ-2011-4160,2011-06-23,2011-06-29,Standard Class,Muhammed MacIntyre,Corporate,Iraq,EMEA,EMEA,FUR-TEN-10000986,Furniture,Furnishings,110,1,0,8.79,8.94,Medium,2011
SA-2011-8320,2011-06-23,2011-06-29,Standard Class,Justin Deggeller,Corporate,Saudi Arabia,EMEA,EMEA,OFF-IBI-10003422,Office Supplies,Binders,136,8,0,3.84,8.03,Low,2011
NI-2011-9710,2011-06-23,2011-06-25,First Class,Andy Gerbode,Corporate,Nigeria,Africa,Africa,FUR-ELD-10003802,Furniture,Furnishings,30,2,0.7,-39.23,6.4,High,2011
SA-2011-8320,2011-06-23,2011-06-29,Standard Class,Justin Deggeller,Corporate,Saudi Arabia,EMEA,EMEA,TEC-LOG-10003254,Technology,Accessories,74,1,0,7.38,5.72,Low,2011
SY-2011-8050,2011-06-23,2011-06-28,Standard Class,Amy Hunt,Consumer,Syria,EMEA,EMEA,TEC-APP-10002310,Technology,Phones,82,2,0.4,13.6,5.65,Medium,2011
MO-2011-2710,2011-06-23,2011-06-26,Second Class,Deanra Eno,Home Office,Morocco,Africa,Africa,OFF-BIC-10002403,Office Supplies,Art,49,1,0,24.45,5.02,Medium,2011
CA-2011-126032,2011-06-23,2011-06-28,Standard Class,Brian Stugart,Consumer,United States,US,East,TEC-AC-10000158,Technology,Accessories,86,3,0.2,1.08,4.65,High,2011
IN-2011-49507,2011-06-23,2011-06-28,Standard Class,Darren Koutras,Consumer,China,APAC,North Asia,OFF-SU-10000649,Office Supplies,Supplies,71,2,0,0.66,4.21,Medium,2011
US-2011-104556,2011-06-23,2011-06-28,Standard Class,Susan Vittorini,Consumer,Honduras,LATAM,Central,OFF-SU-10003019,Office Supplies,Supplies,54,5,0.4,-3.68,3.84,Medium,2011
TU-2011-3770,2011-06-23,2011-06-27,Second Class,Denny Ordway,Consumer,Turkey,EMEA,EMEA,OFF-WIL-10003299,Office Supplies,Binders,20,1,0.6,-24.19,2.74,High,2011
US-2011-130358,2011-06-23,2011-06-26,First Class,Denise Leinenbach,Consumer,United States,US,South,OFF-AR-10002766,Office Supplies,Art,20,9,0.2,1.75,2.71,High,2011
NI-2011-9710,2011-06-23,2011-06-25,First Class,Andy Gerbode,Corporate,Nigeria,Africa,Africa,OFF-ELD-10000124,Office Supplies,Storage,14,1,0.7,-17.76,2.28,High,2011
NI-2011-9710,2011-06-23,2011-06-25,First Class,Andy Gerbode,Corporate,Nigeria,Africa,Africa,OFF-ROG-10000332,Office Supplies,Storage,7,1,0.7,-13.92,2.24,High,2011
US-2011-115245,2011-06-23,2011-06-25,Second Class,Georgia Rosenberg,Corporate,Haiti,LATAM,Caribbean,OFF-EN-10001940,Office Supplies,Envelopes,9,1,0.4,-5.46,1.41,High,2011
ZI-2011-8150,2011-06-23,2011-06-29,Standard Class,Erica Bern,Corporate,Zimbabwe,Africa,Africa,OFF-TEN-10001160,Office Supplies,Storage,16,1,0.7,-32.82,0.86,Low,2011
US-2011-130358,2011-06-23,2011-06-26,First Class,Denise Leinenbach,Consumer,United States,US,South,OFF-SU-10002522,Office Supplies,Supplies,3,1,0.2,0.35,0.44,High,2011
IN-2011-26064,2011-06-24,2011-06-28,Standard Class,Andrew Allen,Consumer,Indonesia,APAC,Southeast Asia,TEC-PH-10001751,Technology,Phones,1591,3,0.17,364.23,179.38,Medium,2011
IN-2011-31020,2011-06-24,2011-06-29,Second Class,Tracy Blumstein,Consumer,Australia,APAC,Oceania,TEC-MA-10004423,Technology,Machines,729,5,0.1,234.65,86.38,Medium,2011
MX-2011-166331,2011-06-24,2011-06-29,Second Class,MaryBeth Skach,Consumer,Peru,LATAM,South,TEC-CO-10001933,Technology,Copiers,357,3,0.4,-132.42,27.72,Medium,2011
IN-2011-31020,2011-06-24,2011-06-29,Second Class,Tracy Blumstein,Consumer,Australia,APAC,Oceania,OFF-SU-10003221,Office Supplies,Supplies,166,4,0.1,-7.44,22.78,Medium,2011
SA-2011-1620,2011-06-24,2011-06-29,Standard Class,John Huston,Consumer,Saudi Arabia,EMEA,EMEA,TEC-SAM-10004384,Technology,Phones,392,6,0,113.58,19.4,Medium,2011
IT-2011-1887131,2011-06-24,2011-06-29,Standard Class,Lisa DeCherney,Consumer,Netherlands,EU,Central,OFF-ST-10003266,Office Supplies,Storage,205,2,0.5,-90.09,18.24,Medium,2011
IN-2011-31020,2011-06-24,2011-06-29,Second Class,Tracy Blumstein,Consumer,Australia,APAC,Oceania,TEC-PH-10002904,Technology,Phones,269,4,0.1,35.8,17.07,Medium,2011
IN-2011-31020,2011-06-24,2011-06-29,Second Class,Tracy Blumstein,Consumer,Australia,APAC,Oceania,FUR-CH-10004339,Furniture,Chairs,154,2,0.1,17.12,14.39,Medium,2011
ES-2011-5867473,2011-06-24,2011-06-28,Standard Class,Arthur Gainer,Consumer,Spain,EU,South,OFF-AR-10000079,Office Supplies,Art,173,7,0,55.44,13.94,High,2011
MX-2011-136602,2011-06-24,2011-06-29,Standard Class,Christopher Schild,Home Office,Mexico,LATAM,North,OFF-ST-10002930,Office Supplies,Storage,132,1,0,43.64,13.87,Medium,2011
IN-2011-45538,2011-06-24,2011-06-29,Standard Class,Brosina Hoffman,Consumer,Australia,APAC,Oceania,FUR-FU-10003608,Furniture,Furnishings,190,12,0.1,-8.46,12.23,Medium,2011
ES-2011-1562184,2011-06-24,2011-06-28,Standard Class,William Brown,Consumer,France,EU,Central,OFF-EN-10002104,Office Supplies,Envelopes,125,3,0,4.95,9.42,High,2011
IN-2011-45538,2011-06-24,2011-06-29,Standard Class,Brosina Hoffman,Consumer,Australia,APAC,Oceania,OFF-SU-10003259,Office Supplies,Supplies,117,3,0.1,27.24,8.94,Medium,2011
IN-2011-31020,2011-06-24,2011-06-29,Second Class,Tracy Blumstein,Consumer,Australia,APAC,Oceania,TEC-AC-10004704,Technology,Accessories,96,2,0.1,20.15,8.22,Medium,2011
MX-2011-136602,2011-06-24,2011-06-29,Standard Class,Christopher Schild,Home Office,Mexico,LATAM,North,OFF-FA-10001435,Office Supplies,Fasteners,100,9,0,9.9,7.48,Medium,2011
SA-2011-1620,2011-06-24,2011-06-29,Standard Class,John Huston,Consumer,Saudi Arabia,EMEA,EMEA,TEC-SAN-10002684,Technology,Accessories,80,2,0,3.18,7.18,Medium,2011
IN-2011-31020,2011-06-24,2011-06-29,Second Class,Tracy Blumstein,Consumer,Australia,APAC,Oceania,FUR-FU-10004241,Furniture,Furnishings,85,5,0.1,10.31,7.11,Medium,2011
US-2011-120593,2011-06-24,2011-06-27,First Class,Philip Brown,Consumer,Honduras,LATAM,Central,OFF-ST-10001598,Office Supplies,Storage,63,8,0.4,-2.14,6.31,Medium,2011
ES-2011-5867473,2011-06-24,2011-06-28,Standard Class,Arthur Gainer,Consumer,Spain,EU,South,OFF-BI-10004644,Office Supplies,Binders,46,6,0,20.52,5.96,High,2011
IT-2011-2289083,2011-06-24,2011-06-30,Standard Class,Tom Stivers,Corporate,Germany,EU,Central,OFF-ST-10001562,Office Supplies,Storage,54,3,0.1,-3.08,3.41,Medium,2011
MX-2011-166331,2011-06-24,2011-06-29,Second Class,MaryBeth Skach,Consumer,Peru,LATAM,South,OFF-AR-10002650,Office Supplies,Art,28,3,0.4,2.3,2.96,Medium,2011
MX-2011-166331,2011-06-24,2011-06-29,Second Class,MaryBeth Skach,Consumer,Peru,LATAM,South,TEC-AC-10002219,Technology,Accessories,91,2,0.4,9.09,2.26,Medium,2011
SA-2011-1620,2011-06-24,2011-06-29,Standard Class,John Huston,Consumer,Saudi Arabia,EMEA,EMEA,FUR-TEN-10003648,Furniture,Furnishings,24,1,0,1.65,2.17,Medium,2011
IN-2011-45538,2011-06-24,2011-06-29,Standard Class,Brosina Hoffman,Consumer,Australia,APAC,Oceania,OFF-FA-10004545,Office Supplies,Fasteners,25,2,0.1,8.7,2.04,Medium,2011
CA-2011-3790,2011-06-24,2011-06-27,First Class,Chris Cortes,Consumer,Canada,Canada,Canada,OFF-STO-10004841,Office Supplies,Fasteners,11,1,0,4.26,1.87,Medium,2011
CA-2011-3790,2011-06-24,2011-06-27,First Class,Chris Cortes,Consumer,Canada,Canada,Canada,OFF-HON-10001132,Office Supplies,Labels,9,2,0,3.24,1.75,Medium,2011
MX-2011-140389,2011-06-24,2011-06-29,Standard Class,Benjamin Patterson,Consumer,Colombia,LATAM,South,OFF-LA-10002199,Office Supplies,Labels,22,4,0,7.44,1.48,Medium,2011
MX-2011-166331,2011-06-24,2011-06-29,Second Class,MaryBeth Skach,Consumer,Peru,LATAM,South,OFF-EN-10004580,Office Supplies,Envelopes,20,1,0.4,-10.55,1.31,Medium,2011
SA-2011-1620,2011-06-24,2011-06-29,Standard Class,John Huston,Consumer,Saudi Arabia,EMEA,EMEA,OFF-SAN-10003644,Office Supplies,Art,23,1,0,4.41,0.82,Medium,2011
MX-2011-166331,2011-06-24,2011-06-29,Second Class,MaryBeth Skach,Consumer,Peru,LATAM,South,OFF-LA-10003337,Office Supplies,Labels,9,2,0.4,-3.01,0.64,Medium,2011
CA-2011-159814,2011-06-24,2011-06-28,Standard Class,Liz Pelletier,Consumer,United States,US,West,FUR-FU-10001731,Furniture,Furnishings,4,2,0.2,0.96,0.32,Medium,2011
IN-2011-73531,2011-06-25,2011-07-02,Standard Class,Joy Smith,Consumer,Indonesia,APAC,Southeast Asia,FUR-TA-10000989,Furniture,Tables,2266,5,0.47,-0.05,196.97,Low,2011
IN-2011-73531,2011-06-25,2011-07-02,Standard Class,Joy Smith,Consumer,Indonesia,APAC,Southeast Asia,FUR-TA-10004653,Furniture,Tables,1044,7,0.47,-650.27,86.74,Low,2011
MG-2011-1830,2011-06-25,2011-06-30,Standard Class,Jason Gross,Corporate,Mongolia,EMEA,EMEA,TEC-ENE-10000995,Technology,Accessories,458,4,0,68.76,70.93,High,2011
CA-2011-164469,2011-06-25,2011-06-27,Second Class,Grace Kelly,Corporate,United States,US,West,TEC-PH-10002115,Technology,Phones,264,5,0.2,19.8,44.91,High,2011
CA-2011-159338,2011-06-25,2011-06-28,First Class,Noel Staavos,Corporate,United States,US,West,FUR-TA-10004147,Furniture,Tables,448,5,0.2,11.2,42.02,Medium,2011
MG-2011-1830,2011-06-25,2011-06-30,Standard Class,Jason Gross,Corporate,Mongolia,EMEA,EMEA,TEC-SAM-10000588,Technology,Phones,266,4,0,77.04,36.54,High,2011
IN-2011-65320,2011-06-25,2011-06-29,Standard Class,Giulietta Weimer,Consumer,Australia,APAC,Oceania,FUR-BO-10000175,Furniture,Bookcases,439,4,0.1,87.86,32.21,Medium,2011
US-2011-147529,2011-06-25,2011-07-01,Standard Class,Carol Triggs,Consumer,Panama,LATAM,Central,TEC-CO-10000917,Technology,Copiers,211,2,0.4,-89.1,20.74,Medium,2011
MX-2011-166562,2011-06-25,2011-06-30,Standard Class,Pete Kriz,Consumer,Mexico,LATAM,North,TEC-PH-10003877,Technology,Phones,136,3,0,10.86,12.92,High,2011
CA-2011-164469,2011-06-25,2011-06-27,Second Class,Grace Kelly,Corporate,United States,US,West,OFF-AR-10003478,Office Supplies,Art,72,11,0.2,17.91,10.89,High,2011
IN-2011-73531,2011-06-25,2011-07-02,Standard Class,Joy Smith,Consumer,Indonesia,APAC,Southeast Asia,FUR-CH-10004306,Furniture,Chairs,108,3,0.27,-7.47,10.36,Low,2011
IN-2011-73531,2011-06-25,2011-07-02,Standard Class,Joy Smith,Consumer,Indonesia,APAC,Southeast Asia,OFF-AP-10001824,Office Supplies,Appliances,59,1,0.17,6.37,8.9,Low,2011
IN-2011-73531,2011-06-25,2011-07-02,Standard Class,Joy Smith,Consumer,Indonesia,APAC,Southeast Asia,TEC-AC-10003640,Technology,Accessories,84,4,0.47,-71.72,8.76,Low,2011
CA-2011-164469,2011-06-25,2011-06-27,Second Class,Grace Kelly,Corporate,United States,US,West,OFF-AR-10000475,Office Supplies,Art,9,1,0.2,0.82,1.06,High,2011
IT-2011-3462831,2011-06-25,2011-07-01,Standard Class,Sung Pak,Corporate,Sweden,EU,North,OFF-FA-10002308,Office Supplies,Fasteners,18,3,0.5,-17.33,1.02,Medium,2011
CA-2011-4310,2011-06-25,2011-06-28,First Class,Bart Watters,Corporate,Canada,Canada,Canada,OFF-SAN-10004746,Office Supplies,Art,17,1,0,7.14,0.41,Critical,2011
ES-2011-1664904,2011-06-26,2011-06-28,First Class,Ben Wallace,Consumer,France,EU,Central,FUR-BO-10000160,Furniture,Bookcases,704,2,0.1,312.91,218.81,Critical,2011
ES-2011-1664904,2011-06-26,2011-06-28,First Class,Ben Wallace,Consumer,France,EU,Central,OFF-AR-10004825,Office Supplies,Art,55,1,0,19.23,15.86,Critical,2011
AG-2011-9890,2011-06-26,2011-07-02,Standard Class,Bryan Mills,Consumer,Algeria,Africa,Africa,OFF-TEN-10001480,Office Supplies,Storage,434,8,0,164.88,15.37,Medium,2011
AG-2011-9890,2011-06-26,2011-07-02,Standard Class,Bryan Mills,Consumer,Algeria,Africa,Africa,OFF-SAN-10002441,Office Supplies,Art,63,4,0,6.84,3.98,Medium,2011
AG-2011-9890,2011-06-26,2011-07-02,Standard Class,Bryan Mills,Consumer,Algeria,Africa,Africa,OFF-STO-10004503,Office Supplies,Fasteners,13,1,0,5.46,0.88,Medium,2011
ES-2011-5499567,2011-06-27,2011-07-02,Standard Class,Sung Pak,Corporate,France,EU,Central,TEC-MA-10004534,Technology,Machines,455,2,0.15,-64.33,47.45,Medium,2011
MX-2011-128356,2011-06-27,2011-06-27,Same Day,Nick Radford,Consumer,El Salvador,LATAM,Central,TEC-PH-10001063,Technology,Phones,415,5,0,199.2,42.85,Critical,2011
SA-2011-6240,2011-06-27,2011-06-29,First Class,Cathy Prescott,Corporate,Saudi Arabia,EMEA,EMEA,FUR-BUS-10004475,Furniture,Bookcases,343,2,0,61.62,40.76,High,2011
CA-2011-6880,2011-06-27,2011-06-29,First Class,Nicole Brennan,Corporate,Canada,Canada,Canada,OFF-BIC-10001739,Office Supplies,Art,100,2,0,32.94,39.56,Critical,2011
ES-2011-2071029,2011-06-27,2011-07-01,Standard Class,Steve Carroll,Home Office,Italy,EU,South,TEC-CO-10000070,Technology,Copiers,527,2,0,131.82,39.48,Medium,2011
US-2011-149209,2011-06-27,2011-06-27,Same Day,Julia Dunbar,Consumer,Argentina,LATAM,South,FUR-CH-10004993,Furniture,Chairs,322,5,0.4,-69.96,37.84,Medium,2011
IN-2011-39994,2011-06-27,2011-06-29,First Class,Corey Roper,Home Office,Philippines,APAC,Southeast Asia,TEC-PH-10002104,Technology,Phones,318,3,0.25,16.94,36.33,High,2011
US-2011-146276,2011-06-27,2011-07-01,Standard Class,Victoria Brennan,Corporate,Venezuela,LATAM,South,FUR-FU-10000140,Furniture,Furnishings,267,13,0.4,-49.19,33.4,High,2011
IT-2011-5084706,2011-06-27,2011-07-03,Standard Class,Ken Black,Corporate,Italy,EU,South,TEC-PH-10003683,Technology,Phones,520,5,0.4,-95.52,30.4,Medium,2011
IN-2011-46322,2011-06-27,2011-06-29,First Class,Joy Daniels,Consumer,India,APAC,Central Asia,TEC-CO-10000560,Technology,Copiers,147,1,0,2.91,27.59,Medium,2011
CG-2011-4480,2011-06-27,2011-07-04,Standard Class,Tony Chapman,Home Office,Democratic Republic of the Congo,Africa,Africa,FUR-RUB-10003724,Furniture,Furnishings,220,2,0,24.18,26.1,Low,2011
MX-2011-128356,2011-06-27,2011-06-27,Same Day,Nick Radford,Consumer,El Salvador,LATAM,Central,OFF-SU-10000556,Office Supplies,Supplies,92,3,0,40.62,25.46,Critical,2011
MX-2011-128356,2011-06-27,2011-06-27,Same Day,Nick Radford,Consumer,El Salvador,LATAM,Central,OFF-AR-10002335,Office Supplies,Art,138,4,0,2.72,21.99,Critical,2011
MX-2011-128356,2011-06-27,2011-06-27,Same Day,Nick Radford,Consumer,El Salvador,LATAM,Central,FUR-FU-10004598,Furniture,Furnishings,67,4,0,0.64,21.68,Critical,2011
CG-2011-4480,2011-06-27,2011-07-04,Standard Class,Tony Chapman,Home Office,Democratic Republic of the Congo,Africa,Africa,FUR-OFF-10001661,Furniture,Chairs,132,2,0,52.62,18.34,Low,2011
CA-2011-104283,2011-06-27,2011-07-01,Standard Class,Liz MacKendrick,Consumer,United States,US,South,OFF-ST-10004337,Office Supplies,Storage,306,5,0,0,17.15,Medium,2011
IN-2011-46322,2011-06-27,2011-06-29,First Class,Joy Daniels,Consumer,India,APAC,Central Asia,OFF-SU-10001731,Office Supplies,Supplies,134,5,0,65.4,17.12,Medium,2011
ES-2011-5253790,2011-06-27,2011-06-28,Same Day,Ruben Ausman,Corporate,Germany,EU,Central,OFF-AR-10000703,Office Supplies,Art,122,7,0,49.98,16.39,High,2011
MX-2011-128356,2011-06-27,2011-06-27,Same Day,Nick Radford,Consumer,El Salvador,LATAM,Central,OFF-AR-10001694,Office Supplies,Art,67,2,0,1.32,16.14,Critical,2011
MX-2011-126648,2011-06-27,2011-07-04,Standard Class,Christina DeMoss,Consumer,Brazil,LATAM,South,OFF-EN-10001109,Office Supplies,Envelopes,139,8,0,56.8,12.9,Medium,2011
NI-2011-8520,2011-06-27,2011-07-01,Standard Class,Gary Hwang,Consumer,Nigeria,Africa,Africa,OFF-BRE-10003443,Office Supplies,Appliances,156,1,0.7,-223.66,11.68,Medium,2011
CA-2011-104283,2011-06-27,2011-07-01,Standard Class,Liz MacKendrick,Consumer,United States,US,South,TEC-AC-10000109,Technology,Accessories,224,4,0,53.75,10.79,Medium,2011
CG-2011-4480,2011-06-27,2011-07-04,Standard Class,Tony Chapman,Home Office,Democratic Republic of the Congo,Africa,Africa,TEC-CIS-10003439,Technology,Phones,89,1,0,3.54,9.24,Low,2011
TU-2011-5500,2011-06-27,2011-07-02,Standard Class,Emily Phan,Consumer,Turkey,EMEA,EMEA,FUR-NOV-10004003,Furniture,Chairs,132,4,0.6,-55.99,9.23,Medium,2011
ES-2011-1689666,2011-06-27,2011-06-29,Second Class,Frank Olsen,Consumer,Austria,EU,Central,OFF-SU-10003267,Office Supplies,Supplies,50,2,0,13.08,7.93,High,2011
MX-2011-126648,2011-06-27,2011-07-04,Standard Class,Christina DeMoss,Consumer,Brazil,LATAM,South,OFF-AP-10003400,Office Supplies,Appliances,114,3,0,3.36,7.71,Medium,2011
ES-2011-5499567,2011-06-27,2011-07-02,Standard Class,Sung Pak,Corporate,France,EU,Central,TEC-AC-10002017,Technology,Accessories,113,1,0,56.31,7.5,Medium,2011
CA-2011-104283,2011-06-27,2011-07-01,Standard Class,Liz MacKendrick,Consumer,United States,US,South,FUR-TA-10001039,Furniture,Tables,86,1,0,22.35,6.9,Medium,2011
MX-2011-149258,2011-06-27,2011-06-27,Same Day,Maribeth Yedwab,Corporate,Cuba,LATAM,Caribbean,OFF-LA-10002068,Office Supplies,Labels,36,5,0,11.9,5.56,Medium,2011
TU-2011-5500,2011-06-27,2011-07-02,Standard Class,Emily Phan,Consumer,Turkey,EMEA,EMEA,TEC-STA-10001487,Technology,Machines,61,4,0.6,-89.09,5.47,Medium,2011
ID-2011-78648,2011-06-27,2011-06-27,Same Day,Sonia Cooley,Consumer,Australia,APAC,Oceania,OFF-LA-10002289,Office Supplies,Labels,25,3,0.1,-0.35,4.97,Medium,2011
US-2011-146276,2011-06-27,2011-07-01,Standard Class,Victoria Brennan,Corporate,Venezuela,LATAM,South,OFF-PA-10004600,Office Supplies,Paper,36,2,0.4,-3.62,4.62,High,2011
NI-2011-6340,2011-06-27,2011-07-01,Standard Class,Rick Huthwaite,Home Office,Nigeria,Africa,Africa,TEC-KON-10001507,Technology,Machines,53,1,0.7,-73.62,4.51,Medium,2011
US-2011-149209,2011-06-27,2011-06-27,Same Day,Julia Dunbar,Consumer,Argentina,LATAM,South,FUR-BO-10001585,Furniture,Bookcases,136,2,0.4,-27.29,4.36,Medium,2011
ES-2011-1815211,2011-06-27,2011-07-02,Standard Class,Aaron Smayling,Corporate,France,EU,Central,OFF-AR-10001269,Office Supplies,Art,89,3,0,31.05,4.23,Medium,2011
IT-2011-5084706,2011-06-27,2011-07-03,Standard Class,Ken Black,Corporate,Italy,EU,South,OFF-ST-10000130,Office Supplies,Storage,56,2,0.4,-0.97,4.22,Medium,2011
NI-2011-6340,2011-06-27,2011-07-01,Standard Class,Rick Huthwaite,Home Office,Nigeria,Africa,Africa,TEC-APP-10000530,Technology,Phones,50,1,0.7,-63.46,4.07,Medium,2011
EZ-2011-3160,2011-06-27,2011-06-28,First Class,Rick Wilson,Corporate,Czech Republic,EMEA,EMEA,OFF-FEL-10000070,Office Supplies,Storage,40,2,0,1.98,3.4,High,2011
MX-2011-141187,2011-06-27,2011-07-01,Standard Class,Ralph Arnett,Consumer,Mexico,LATAM,North,TEC-AC-10004429,Technology,Accessories,56,1,0,25.64,3.15,Medium,2011
MX-2011-126648,2011-06-27,2011-07-04,Standard Class,Christina DeMoss,Consumer,Brazil,LATAM,South,OFF-FA-10001128,Office Supplies,Fasteners,38,3,0,11.52,3.1,Medium,2011
NI-2011-6340,2011-06-27,2011-07-01,Standard Class,Rick Huthwaite,Home Office,Nigeria,Africa,Africa,FUR-ADV-10004395,Furniture,Furnishings,50,4,0.7,-33.65,2.77,Medium,2011
ES-2011-1702031,2011-06-27,2011-07-03,Standard Class,Resi Pölking,Consumer,Spain,EU,South,OFF-AR-10002433,Office Supplies,Art,41,4,0,18.12,2.33,Medium,2011
ES-2011-1630549,2011-06-27,2011-07-02,Standard Class,Jill Matthias,Consumer,France,EU,Central,OFF-LA-10003283,Office Supplies,Labels,17,2,0,2.28,2.26,High,2011
ID-2011-84514,2011-06-27,2011-07-01,Standard Class,Kelly Williams,Consumer,Australia,APAC,Oceania,OFF-LA-10001229,Office Supplies,Labels,13,2,0.4,-3.42,1.36,Medium,2011
IN-2011-39994,2011-06-27,2011-06-29,First Class,Corey Roper,Home Office,Philippines,APAC,Southeast Asia,OFF-EN-10001528,Office Supplies,Envelopes,59,7,0.45,-33.1,0.44,High,2011
NI-2011-6340,2011-06-27,2011-07-01,Standard Class,Rick Huthwaite,Home Office,Nigeria,Africa,Africa,OFF-WIL-10002593,Office Supplies,Binders,2,1,0.7,-2.36,0.09,Medium,2011
CA-2011-140858,2011-06-28,2011-07-02,Standard Class,Cynthia Arntzen,Consumer,United States,US,East,FUR-CH-10001394,Furniture,Chairs,1228,5,0.3,0,150.35,High,2011
IN-2011-74441,2011-06-28,2011-07-02,Standard Class,Sean Braxton,Corporate,Vietnam,APAC,Southeast Asia,OFF-AP-10002573,Office Supplies,Appliances,1799,4,0.17,86.64,146.76,Medium,2011
ES-2011-3276063,2011-06-28,2011-07-02,Standard Class,Lauren Leatherbury,Consumer,United Kingdom,EU,North,TEC-MA-10000875,Technology,Machines,628,2,0,6.24,89.13,High,2011
ES-2011-2736116,2011-06-28,2011-07-05,Standard Class,Daniel Raglin,Home Office,Germany,EU,Central,FUR-BO-10001133,Furniture,Bookcases,663,2,0.2,99.37,67.81,Low,2011
ES-2011-5298002,2011-06-28,2011-07-01,First Class,Cynthia Voltz,Corporate,France,EU,Central,OFF-PA-10001869,Office Supplies,Paper,237,7,0,35.49,43.72,High,2011
ES-2011-2736116,2011-06-28,2011-07-05,Standard Class,Daniel Raglin,Home Office,Germany,EU,Central,FUR-BO-10004704,Furniture,Bookcases,401,4,0.2,140.33,35.25,Low,2011
ES-2011-2736116,2011-06-28,2011-07-05,Standard Class,Daniel Raglin,Home Office,Germany,EU,Central,TEC-PH-10001664,Technology,Phones,323,5,0.1,122.03,34.88,Low,2011
CA-2011-140858,2011-06-28,2011-07-02,Standard Class,Cynthia Arntzen,Consumer,United States,US,East,OFF-PA-10003395,Office Supplies,Paper,336,4,0.2,117.43,26.53,High,2011
IN-2011-46581,2011-06-28,2011-07-02,Second Class,Tom Ashbrook,Home Office,India,APAC,Central Asia,OFF-EN-10004424,Office Supplies,Envelopes,191,4,0,28.68,25,Medium,2011
IN-2011-42892,2011-06-28,2011-07-02,Second Class,Muhammed MacIntyre,Corporate,Philippines,APAC,Southeast Asia,FUR-FU-10000918,Furniture,Furnishings,273,7,0.25,32.55,15.38,Medium,2011
MX-2011-162523,2011-06-28,2011-07-05,Standard Class,Tonja Turnell,Home Office,Cuba,LATAM,Caribbean,FUR-CH-10001374,Furniture,Chairs,319,6,0,143.64,12.9,Medium,2011
ES-2011-2911640,2011-06-28,2011-07-03,Standard Class,Shaun Chance,Corporate,Spain,EU,South,FUR-BO-10001555,Furniture,Bookcases,247,2,0,34.56,10.93,Medium,2011
IN-2011-33771,2011-06-28,2011-07-02,Standard Class,Shaun Chance,Corporate,China,APAC,North Asia,FUR-CH-10003419,Furniture,Chairs,79,1,0,11.04,6.43,Medium,2011
CA-2011-140858,2011-06-28,2011-07-02,Standard Class,Cynthia Arntzen,Consumer,United States,US,East,OFF-PA-10000304,Office Supplies,Paper,41,8,0.2,14.52,5.34,High,2011
IN-2011-63808,2011-06-28,2011-07-05,Standard Class,Ann Chong,Corporate,Australia,APAC,Oceania,OFF-FA-10001304,Office Supplies,Fasteners,31,3,0.1,4.76,5.08,Low,2011
US-2011-169957,2011-06-28,2011-07-03,Standard Class,Bruce Stewart,Consumer,Haiti,LATAM,Caribbean,FUR-CH-10003485,Furniture,Chairs,66,1,0.4,-14.38,4.45,Medium,2011
ES-2011-2736116,2011-06-28,2011-07-05,Standard Class,Daniel Raglin,Home Office,Germany,EU,Central,OFF-EN-10003392,Office Supplies,Envelopes,37,2,0.1,3.22,4.13,Low,2011
MX-2011-162523,2011-06-28,2011-07-05,Standard Class,Tonja Turnell,Home Office,Cuba,LATAM,Caribbean,OFF-EN-10000338,Office Supplies,Envelopes,49,2,0,24.28,3.08,Medium,2011
IT-2011-4028329,2011-06-28,2011-07-02,Standard Class,Jay Fein,Consumer,United Kingdom,EU,North,OFF-BI-10003114,Office Supplies,Binders,44,7,0.1,19.05,2.4,Medium,2011
CA-2011-140858,2011-06-28,2011-07-02,Standard Class,Cynthia Arntzen,Consumer,United States,US,East,OFF-BI-10004230,Office Supplies,Binders,31,3,0.7,-22.8,2.3,High,2011
IT-2011-4028329,2011-06-28,2011-07-02,Standard Class,Jay Fein,Consumer,United Kingdom,EU,North,FUR-FU-10004640,Furniture,Furnishings,19,2,0.4,-8.99,2.05,Medium,2011
TU-2011-9570,2011-06-28,2011-07-04,Standard Class,Sean Miller,Home Office,Turkey,EMEA,EMEA,OFF-SAN-10002839,Office Supplies,Art,21,1,0.6,-11.93,1.97,Low,2011
TU-2011-9570,2011-06-28,2011-07-04,Standard Class,Sean Miller,Home Office,Turkey,EMEA,EMEA,OFF-FIS-10001399,Office Supplies,Supplies,9,2,0.6,-5.14,1.02,Low,2011
ES-2011-3978514,2011-06-28,2011-07-04,Standard Class,Julie Prescott,Home Office,Spain,EU,South,OFF-BI-10003440,Office Supplies,Binders,33,3,0,10.26,0.48,Medium,2011
CA-2011-140858,2011-06-28,2011-07-02,Standard Class,Cynthia Arntzen,Consumer,United States,US,East,OFF-BI-10003094,Office Supplies,Binders,3,3,0.7,-2.43,0.24,High,2011
IN-2011-74441,2011-06-28,2011-07-02,Standard Class,Sean Braxton,Corporate,Vietnam,APAC,Southeast Asia,TEC-MA-10001991,Technology,Machines,83,2,0.17,4.95,0.16,Medium,2011
CA-2011-156993,2011-06-28,2011-07-04,Standard Class,Rob Williams,Corporate,United States,US,Central,OFF-FA-10003495,Office Supplies,Fasteners,6,1,0,3.04,0.16,Medium,2011
RS-2011-4850,2011-06-29,2011-07-04,Standard Class,George Zrebassa,Corporate,Russia,EMEA,EMEA,FUR-BUS-10001243,Furniture,Bookcases,3312,8,0,1622.88,209.36,Medium,2011
IN-2011-76163,2011-06-29,2011-07-03,Second Class,Bill Eplett,Home Office,Malaysia,APAC,Southeast Asia,TEC-AC-10000053,Technology,Accessories,1283,5,0,628.5,171.13,High,2011
ID-2011-57718,2011-06-29,2011-07-03,Standard Class,Rick Reed,Corporate,Australia,APAC,Oceania,TEC-PH-10000922,Technology,Phones,461,7,0.1,132.99,59.57,High,2011
ES-2011-3080574,2011-06-29,2011-07-03,Standard Class,Melanie Seite,Consumer,France,EU,Central,OFF-SU-10003343,Office Supplies,Supplies,554,12,0,144,53.14,Medium,2011
ID-2011-57718,2011-06-29,2011-07-03,Standard Class,Rick Reed,Corporate,Australia,APAC,Oceania,TEC-AC-10000483,Technology,Accessories,405,4,0.1,-31.52,48.7,High,2011
IN-2011-76163,2011-06-29,2011-07-03,Second Class,Bill Eplett,Home Office,Malaysia,APAC,Southeast Asia,OFF-ST-10003334,Office Supplies,Storage,380,8,0,68.4,35.37,High,2011
MX-2011-103184,2011-06-29,2011-07-03,Standard Class,Alejandro Grove,Consumer,El Salvador,LATAM,Central,TEC-PH-10002816,Technology,Phones,186,2,0,59.48,21.1,High,2011
ID-2011-22172,2011-06-29,2011-07-01,First Class,Frank Preis,Consumer,Indonesia,APAC,Southeast Asia,TEC-PH-10003481,Technology,Phones,111,2,0.17,-1.33,18.27,Medium,2011
ID-2011-22172,2011-06-29,2011-07-01,First Class,Frank Preis,Consumer,Indonesia,APAC,Southeast Asia,OFF-AP-10001670,Office Supplies,Appliances,167,3,0.17,-26.12,16.78,Medium,2011
MX-2011-107328,2011-06-29,2011-07-03,Standard Class,Evan Henry,Consumer,Brazil,LATAM,South,TEC-PH-10004636,Technology,Phones,333,3,0,146.7,16.44,Medium,2011
IN-2011-76163,2011-06-29,2011-07-03,Second Class,Bill Eplett,Home Office,Malaysia,APAC,Southeast Asia,OFF-BI-10004120,Office Supplies,Binders,96,3,0,22.95,14.11,High,2011
IN-2011-76163,2011-06-29,2011-07-03,Second Class,Bill Eplett,Home Office,Malaysia,APAC,Southeast Asia,OFF-PA-10000579,Office Supplies,Paper,79,3,0,27.54,13.63,High,2011
MX-2011-152128,2011-06-29,2011-07-02,First Class,Rob Lucas,Consumer,Mexico,LATAM,North,OFF-SU-10003162,Office Supplies,Supplies,79,4,0,30.72,10.44,Medium,2011
IT-2011-5334146,2011-06-29,2011-07-06,Standard Class,Keith Herrera,Consumer,United Kingdom,EU,North,OFF-SU-10002131,Office Supplies,Supplies,87,5,0.1,-3.92,8.68,Low,2011
ID-2011-22172,2011-06-29,2011-07-01,First Class,Frank Preis,Consumer,Indonesia,APAC,Southeast Asia,FUR-CH-10004339,Furniture,Chairs,250,4,0.27,-24.05,8.38,Medium,2011
UP-2011-7680,2011-06-29,2011-07-04,Standard Class,Skye Norling,Home Office,Ukraine,EMEA,EMEA,OFF-OIC-10002161,Office Supplies,Fasteners,74,6,0,14.76,7.84,High,2011
MX-2011-103184,2011-06-29,2011-07-03,Standard Class,Alejandro Grove,Consumer,El Salvador,LATAM,Central,OFF-EN-10002855,Office Supplies,Envelopes,66,2,0,29.56,6.65,High,2011
ID-2011-22172,2011-06-29,2011-07-01,First Class,Frank Preis,Consumer,Indonesia,APAC,Southeast Asia,FUR-CH-10000825,Furniture,Chairs,87,2,0.27,14.32,5.2,Medium,2011
MG-2011-5690,2011-06-29,2011-07-06,Standard Class,Philip Brown,Consumer,Mongolia,EMEA,EMEA,OFF-BIN-10001621,Office Supplies,Art,53,1,0,9.99,4.92,Medium,2011
MX-2011-107328,2011-06-29,2011-07-03,Standard Class,Evan Henry,Consumer,Brazil,LATAM,South,OFF-EN-10001751,Office Supplies,Envelopes,77,3,0,20.04,4.71,Medium,2011
ID-2011-57718,2011-06-29,2011-07-03,Standard Class,Rick Reed,Corporate,Australia,APAC,Oceania,OFF-ST-10001824,Office Supplies,Storage,43,2,0.1,-1.92,4.14,High,2011
TU-2011-6330,2011-06-29,2011-06-29,Same Day,Dionis Lloyd,Corporate,Turkey,EMEA,EMEA,OFF-SME-10004110,Office Supplies,Labels,10,2,0.6,-4.64,3.21,Critical,2011
MX-2011-152128,2011-06-29,2011-07-02,First Class,Rob Lucas,Consumer,Mexico,LATAM,North,OFF-LA-10001867,Office Supplies,Labels,23,3,0,2.76,2.01,Medium,2011
CA-2011-165974,2011-06-29,2011-07-06,Standard Class,Dan Lawera,Consumer,United States,US,East,OFF-AR-10003405,Office Supplies,Art,33,7,0.2,3.69,1.69,Medium,2011
RS-2011-4850,2011-06-29,2011-07-04,Standard Class,George Zrebassa,Corporate,Russia,EMEA,EMEA,OFF-AVE-10004556,Office Supplies,Binders,19,4,0,8.16,1.48,Medium,2011
MX-2011-107328,2011-06-29,2011-07-03,Standard Class,Evan Henry,Consumer,Brazil,LATAM,South,OFF-SU-10004662,Office Supplies,Supplies,51,4,0,16.4,1.47,Medium,2011
CA-2011-111773,2011-06-29,2011-07-03,Standard Class,Jim Karlsson,Consumer,United States,US,East,OFF-BI-10000174,Office Supplies,Binders,14,3,0.2,4.87,0.85,Medium,2011
MX-2011-137316,2011-06-30,2011-07-05,Standard Class,Damala Kotsonis,Corporate,Dominican Republic,LATAM,Caribbean,OFF-AP-10003794,Office Supplies,Appliances,1852,7,0.2,532.39,184.17,Medium,2011
ID-2011-37621,2011-06-30,2011-07-02,First Class,Peter McVee,Home Office,Indonesia,APAC,Southeast Asia,FUR-TA-10002527,Furniture,Tables,533,2,0.47,-301.8,97.72,Critical,2011
US-2011-111157,2011-06-30,2011-07-02,First Class,Clay Cheatham,Consumer,Peru,LATAM,South,OFF-ST-10001010,Office Supplies,Storage,249,3,0.4,-157.97,66.16,High,2011
IN-2011-40715,2011-06-30,2011-07-04,Standard Class,Ben Ferrer,Home Office,Philippines,APAC,Southeast Asia,FUR-BO-10004852,Furniture,Bookcases,567,2,0.35,17.43,55.2,Medium,2011
CA-2011-152254,2011-06-30,2011-06-30,Same Day,Brian DeCherney,Consumer,United States,US,South,OFF-PA-10001144,Office Supplies,Paper,311,7,0.2,108.74,52.26,Medium,2011
ID-2011-37621,2011-06-30,2011-07-02,First Class,Peter McVee,Home Office,Indonesia,APAC,Southeast Asia,OFF-ST-10004228,Office Supplies,Storage,137,3,0.17,23.09,34.53,Critical,2011
CA-2011-146640,2011-06-30,2011-07-05,Standard Class,Helen Abelman,Consumer,United States,US,East,OFF-BI-10002867,Office Supplies,Binders,335,7,0.2,108.8,25.42,Medium,2011
MX-2011-156237,2011-06-30,2011-07-05,Standard Class,Sally Knutson,Consumer,Brazil,LATAM,South,TEC-PH-10002102,Technology,Phones,203,4,0,95.2,20.74,Medium,2011
ID-2011-37621,2011-06-30,2011-07-02,First Class,Peter McVee,Home Office,Indonesia,APAC,Southeast Asia,OFF-AR-10000465,Office Supplies,Art,68,4,0.27,-8.43,19.88,Critical,2011
IN-2011-37999,2011-06-30,2011-07-07,Standard Class,Nathan Gelder,Consumer,India,APAC,Central Asia,FUR-FU-10002223,Furniture,Furnishings,76,3,0,18.9,14.32,Low,2011
MX-2011-156237,2011-06-30,2011-07-05,Standard Class,Sally Knutson,Consumer,Brazil,LATAM,South,OFF-SU-10000294,Office Supplies,Supplies,230,9,0,85.14,14.14,Medium,2011
IN-2011-40715,2011-06-30,2011-07-04,Standard Class,Ben Ferrer,Home Office,Philippines,APAC,Southeast Asia,FUR-CH-10002743,Furniture,Chairs,176,4,0.25,-58.83,9.52,Medium,2011
MX-2011-108112,2011-06-30,2011-07-03,First Class,Joe Elijah,Consumer,Mexico,LATAM,North,OFF-LA-10004538,Office Supplies,Labels,15,2,0,5.52,6.27,Critical,2011
MX-2011-108112,2011-06-30,2011-07-03,First Class,Joe Elijah,Consumer,Mexico,LATAM,North,OFF-BI-10000188,Office Supplies,Binders,14,4,0,0.4,5.29,Critical,2011
US-2011-158442,2011-06-30,2011-07-02,Second Class,Gary Hansen,Home Office,Peru,LATAM,South,FUR-CH-10004338,Furniture,Chairs,54,3,0.4,-32.52,4.92,Medium,2011
US-2011-159793,2011-06-30,2011-07-04,Standard Class,Kristina Nunn,Home Office,Dominican Republic,LATAM,Caribbean,FUR-CH-10004194,Furniture,Chairs,53,1,0.2,18.01,4.79,Medium,2011
CA-2011-116757,2011-06-30,2011-07-04,Standard Class,Michael Stewart,Corporate,United States,US,Central,OFF-PA-10002005,Office Supplies,Paper,26,5,0.2,9.07,4.13,High,2011
US-2011-159793,2011-06-30,2011-07-04,Standard Class,Kristina Nunn,Home Office,Dominican Republic,LATAM,Caribbean,TEC-MA-10001922,Technology,Machines,52,5,0.7,-61.97,3.93,Medium,2011
MX-2011-132059,2011-06-30,2011-07-06,Standard Class,Heather Kirkland,Corporate,El Salvador,LATAM,Central,TEC-PH-10003793,Technology,Phones,87,2,0,22.6,3.42,Medium,2011
US-2011-129721,2011-06-30,2011-07-02,First Class,Clay Cheatham,Consumer,Honduras,LATAM,Central,OFF-PA-10000108,Office Supplies,Paper,17,2,0.4,2.78,2.98,Medium,2011
MX-2011-132059,2011-06-30,2011-07-06,Standard Class,Heather Kirkland,Corporate,El Salvador,LATAM,Central,OFF-ST-10003344,Office Supplies,Storage,41,2,0,7.76,2.85,Medium,2011
TU-2011-1200,2011-06-30,2011-07-04,Standard Class,Katrina Edelman,Corporate,Turkey,EMEA,EMEA,OFF-ENE-10001356,Office Supplies,Paper,39,2,0.6,-44.65,2.6,High,2011
US-2011-129721,2011-06-30,2011-07-02,First Class,Clay Cheatham,Consumer,Honduras,LATAM,Central,OFF-PA-10003832,Office Supplies,Paper,20,2,0.4,-7.19,1.73,Medium,2011
CA-2011-109218,2011-06-30,2011-07-03,Second Class,Anthony Rawles,Corporate,United States,US,West,OFF-AR-10001374,Office Supplies,Art,32,5,0,10.37,1.53,Medium,2011
TU-2011-1200,2011-06-30,2011-07-04,Standard Class,Katrina Edelman,Corporate,Turkey,EMEA,EMEA,OFF-BIC-10003800,Office Supplies,Art,12,1,0.6,-5.53,1.45,High,2011
CA-2011-116757,2011-06-30,2011-07-04,Standard Class,Michael Stewart,Corporate,United States,US,Central,OFF-FA-10002815,Office Supplies,Fasteners,21,6,0.2,7.19,1.23,High,2011
MX-2011-132059,2011-06-30,2011-07-06,Standard Class,Heather Kirkland,Corporate,El Salvador,LATAM,Central,OFF-FA-10000439,Office Supplies,Fasteners,15,2,0,1.72,1.11,Medium,2011
CA-2011-123064,2011-06-30,2011-07-02,First Class,Russell Applegate,Consumer,United States,US,Central,OFF-AR-10004582,Office Supplies,Art,5,4,0.2,1.64,0.98,High,2011
MX-2011-156237,2011-06-30,2011-07-05,Standard Class,Sally Knutson,Consumer,Brazil,LATAM,South,OFF-LA-10002199,Office Supplies,Labels,11,2,0,3.72,0.93,Medium,2011
US-2011-159793,2011-06-30,2011-07-04,Standard Class,Kristina Nunn,Home Office,Dominican Republic,LATAM,Caribbean,OFF-FA-10000406,Office Supplies,Fasteners,15,2,0.2,-2.02,0.87,Medium,2011
US-2011-158442,2011-06-30,2011-07-02,Second Class,Gary Hansen,Home Office,Peru,LATAM,South,OFF-LA-10000448,Office Supplies,Labels,7,2,0.4,-2.03,0.7,Medium,2011
US-2011-158442,2011-06-30,2011-07-02,Second Class,Gary Hansen,Home Office,Peru,LATAM,South,OFF-BI-10000542,Office Supplies,Binders,11,2,0.4,-6.55,0.48,Medium,2011
US-2011-159793,2011-06-30,2011-07-04,Standard Class,Kristina Nunn,Home Office,Dominican Republic,LATAM,Caribbean,OFF-BI-10004908,Office Supplies,Binders,6,1,0.2,-0.6,0.38,Medium,2011
US-2011-121566,2011-06-30,2011-07-06,Standard Class,Cari Schnelling,Consumer,United States,US,East,OFF-AR-10001026,Office Supplies,Art,7,3,0,2.9,0.2,Medium,2011
US-2011-121566,2011-06-30,2011-07-06,Standard Class,Cari Schnelling,Consumer,United States,US,East,OFF-BI-10004528,Office Supplies,Binders,3,1,0.2,0.84,0.15,Medium,2011
ID-2011-69142,2011-07-01,2011-07-03,Second Class,Mike Pelletier,Home Office,China,APAC,North Asia,FUR-TA-10003747,Furniture,Tables,1888,6,0.3,-161.96,162.45,High,2011
CA-2011-160773,2011-07-01,2011-07-05,Standard Class,Laurel Workman,Corporate,United States,US,South,TEC-PH-10004586,Technology,Phones,576,2,0.2,71.99,93.1,High,2011
ID-2011-69142,2011-07-01,2011-07-03,Second Class,Mike Pelletier,Home Office,China,APAC,North Asia,FUR-TA-10003185,Furniture,Tables,623,2,0.3,-62.34,91.18,High,2011
MX-2011-126641,2011-07-01,2011-07-03,First Class,Fred Wasserman,Corporate,El Salvador,LATAM,Central,OFF-AR-10000019,Office Supplies,Art,139,11,0,56.76,30.89,Critical,2011
MX-2011-126641,2011-07-01,2011-07-03,First Class,Fred Wasserman,Corporate,El Salvador,LATAM,Central,FUR-BO-10004567,Furniture,Bookcases,463,4,0,120.48,30.14,Critical,2011
MX-2011-126641,2011-07-01,2011-07-03,First Class,Fred Wasserman,Corporate,El Salvador,LATAM,Central,OFF-PA-10001170,Office Supplies,Paper,62,2,0,8,16.06,Critical,2011
ES-2011-5729514,2011-07-01,2011-07-03,First Class,Justin Hirsh,Consumer,United Kingdom,EU,North,OFF-AR-10003217,Office Supplies,Art,34,2,0,14.28,11.12,High,2011
NI-2011-3020,2011-07-01,2011-07-04,First Class,Sung Pak,Corporate,Nigeria,Africa,Africa,FUR-ELD-10000857,Furniture,Furnishings,29,2,0.7,-55.63,10.35,Critical,2011
CA-2011-153150,2011-07-01,2011-07-06,Second Class,Dorris liebe,Corporate,United States,US,West,OFF-BI-10003355,Office Supplies,Binders,20,5,0.2,6.97,1.44,Medium,2011
NI-2011-3020,2011-07-01,2011-07-04,First Class,Sung Pak,Corporate,Nigeria,Africa,Africa,OFF-ACC-10001285,Office Supplies,Binders,5,2,0.7,-9.31,1.19,Critical,2011
CA-2011-160773,2011-07-01,2011-07-05,Standard Class,Laurel Workman,Corporate,United States,US,South,OFF-BI-10000546,Office Supplies,Binders,5,6,0.7,-3.63,0.69,High,2011
ID-2011-84136,2011-07-02,2011-07-07,Standard Class,Logan Haushalter,Consumer,New Zealand,APAC,Oceania,TEC-CO-10000847,Technology,Copiers,171,2,0.4,-39.97,14.26,Medium,2011
IT-2011-1260172,2011-07-02,2011-07-03,First Class,Tamara Dahlen,Consumer,Ireland,EU,North,OFF-AR-10004115,Office Supplies,Art,35,3,0.5,-21.65,4.7,High,2011
MX-2011-125871,2011-07-02,2011-07-05,Second Class,Steve Nguyen,Home Office,Dominican Republic,LATAM,Caribbean,OFF-BI-10003022,Office Supplies,Binders,46,3,0.2,5.76,3.07,Medium,2011
MX-2011-125871,2011-07-02,2011-07-05,Second Class,Steve Nguyen,Home Office,Dominican Republic,LATAM,Caribbean,OFF-SU-10001831,Office Supplies,Supplies,25,2,0.2,8.78,3.02,Medium,2011
ID-2011-84136,2011-07-02,2011-07-07,Standard Class,Logan Haushalter,Consumer,New Zealand,APAC,Oceania,OFF-BI-10000787,Office Supplies,Binders,32,8,0.4,-1.63,2.62,Medium,2011
CA-2011-107594,2011-07-02,2011-07-06,Standard Class,Eric Hoffmann,Consumer,United States,US,East,OFF-AR-10000716,Office Supplies,Art,6,1,0,2.18,0.57,Medium,2011
IT-2011-2876489,2011-07-04,2011-07-08,Standard Class,Christy Brittain,Consumer,France,EU,Central,OFF-ST-10000922,Office Supplies,Storage,800,7,0.1,-71.23,106.98,High,2011
CA-2011-120096,2011-07-04,2011-07-07,First Class,Katrina Edelman,Corporate,United States,US,West,OFF-PA-10001977,Office Supplies,Paper,178,4,0.2,62.14,34.66,Critical,2011
ID-2011-40953,2011-07-04,2011-07-07,First Class,Alex Avila,Consumer,Philippines,APAC,Southeast Asia,OFF-SU-10001308,Office Supplies,Supplies,279,13,0.45,-141.96,30.01,High,2011
IN-2011-47414,2011-07-04,2011-07-10,Standard Class,Joy Smith,Consumer,Vietnam,APAC,Southeast Asia,OFF-EN-10003413,Office Supplies,Envelopes,249,6,0.17,35.96,20.36,Medium,2011
MX-2011-164574,2011-07-04,2011-07-10,Standard Class,Tom Boeckenhauer,Consumer,Nicaragua,LATAM,Central,OFF-AR-10003245,Office Supplies,Art,171,5,0,42.8,11.68,Medium,2011
ID-2011-40953,2011-07-04,2011-07-07,First Class,Alex Avila,Consumer,Philippines,APAC,Southeast Asia,OFF-LA-10000425,Office Supplies,Labels,45,7,0.45,-4.21,6.91,High,2011
CA-2011-120096,2011-07-04,2011-07-07,First Class,Katrina Edelman,Corporate,United States,US,West,OFF-AP-10000692,Office Supplies,Appliances,32,2,0.2,3.24,6.83,Critical,2011
ID-2011-40953,2011-07-04,2011-07-07,First Class,Alex Avila,Consumer,Philippines,APAC,Southeast Asia,TEC-AC-10004704,Technology,Accessories,29,1,0.45,-8.53,6.66,High,2011
MX-2011-114615,2011-07-04,2011-07-06,First Class,Delfina Latchford,Consumer,Dominican Republic,LATAM,Caribbean,FUR-CH-10002882,Furniture,Chairs,103,3,0.2,26.92,3.2,High,2011
ID-2011-40953,2011-07-04,2011-07-07,First Class,Alex Avila,Consumer,Philippines,APAC,Southeast Asia,OFF-SU-10003723,Office Supplies,Supplies,52,2,0.45,-23.53,1.77,High,2011
CA-2011-138709,2011-07-04,2011-07-09,Standard Class,Maxwell Schwartz,Consumer,United States,US,South,OFF-PA-10004734,Office Supplies,Paper,22,3,0,10.92,1.04,Medium,2011
CA-2011-138709,2011-07-04,2011-07-09,Standard Class,Maxwell Schwartz,Consumer,United States,US,South,OFF-BI-10000145,Office Supplies,Binders,16,5,0,7.64,0.8,Medium,2011
UP-2011-7960,2011-07-04,2011-07-11,Standard Class,Stewart Visinsky,Consumer,Ukraine,EMEA,EMEA,OFF-NOV-10004968,Office Supplies,Labels,8,1,0,0,0.19,Medium,2011
CA-2011-157784,2011-07-05,2011-07-08,First Class,Michael Chen,Consumer,United States,US,South,TEC-AC-10003911,Technology,Accessories,480,3,0,163.19,94.49,High,2011
CA-2011-103317,2011-07-05,2011-07-08,First Class,Don Miller,Corporate,United States,US,South,FUR-FU-10003192,Furniture,Furnishings,213,3,0.2,15.99,33.33,High,2011
IN-2011-10503,2011-07-05,2011-07-10,Second Class,Lena Hernandez,Consumer,Indonesia,APAC,Southeast Asia,TEC-PH-10003927,Technology,Phones,415,3,0.17,105.04,29.69,Medium,2011
US-2011-160444,2011-07-05,2011-07-05,Same Day,Dan Campbell,Consumer,United States,US,Central,OFF-ST-10001522,Office Supplies,Storage,221,3,0.2,-44.16,25.69,Medium,2011
MX-2011-163083,2011-07-05,2011-07-12,Standard Class,Joy Daniels,Consumer,El Salvador,LATAM,Central,FUR-CH-10001647,Furniture,Chairs,324,3,0,32.4,18.53,Medium,2011
CA-2011-107139,2011-07-05,2011-07-11,Standard Class,Dennis Pardue,Home Office,United States,US,West,OFF-BI-10001670,Office Supplies,Binders,181,6,0.2,67.86,10.86,Medium,2011
MX-2011-163083,2011-07-05,2011-07-12,Standard Class,Joy Daniels,Consumer,El Salvador,LATAM,Central,OFF-SU-10002402,Office Supplies,Supplies,71,3,0,33.24,7.47,Medium,2011
ID-2011-15711,2011-07-05,2011-07-09,Second Class,Cyma Kinney,Corporate,Thailand,APAC,Southeast Asia,TEC-CO-10001846,Technology,Copiers,728,6,0.37,-254.21,7.32,Medium,2011
IN-2011-15557,2011-07-05,2011-07-09,Standard Class,Greg Hansen,Consumer,Australia,APAC,Oceania,OFF-AR-10004990,Office Supplies,Art,57,5,0.4,6.51,6.97,High,2011
IZ-2011-8230,2011-07-05,2011-07-12,Standard Class,Joni Sundaresam,Home Office,Iraq,EMEA,EMEA,OFF-STA-10000244,Office Supplies,Art,183,4,0,29.16,5.97,Medium,2011
US-2011-160444,2011-07-05,2011-07-05,Same Day,Dan Campbell,Consumer,United States,US,Central,OFF-ST-10000563,Office Supplies,Storage,281,11,0.2,-35.18,5.28,Medium,2011
MX-2011-163083,2011-07-05,2011-07-12,Standard Class,Joy Daniels,Consumer,El Salvador,LATAM,Central,TEC-PH-10002871,Technology,Phones,116,1,0,33.5,5.21,Medium,2011
CA-2011-157784,2011-07-05,2011-07-08,First Class,Michael Chen,Consumer,United States,US,South,OFF-PA-10000304,Office Supplies,Paper,19,3,0,9.33,4.95,High,2011
CA-2011-103317,2011-07-05,2011-07-08,First Class,Don Miller,Corporate,United States,US,South,FUR-FU-10001591,Furniture,Furnishings,20,2,0.2,5.37,4.94,High,2011
ID-2011-15711,2011-07-05,2011-07-09,Second Class,Cyma Kinney,Corporate,Thailand,APAC,Southeast Asia,OFF-PA-10003449,Office Supplies,Paper,63,4,0.47,-0.03,4.91,Medium,2011
MX-2011-163083,2011-07-05,2011-07-12,Standard Class,Joy Daniels,Consumer,El Salvador,LATAM,Central,FUR-FU-10004903,Furniture,Furnishings,50,3,0,14.58,4.26,Medium,2011
ID-2011-15711,2011-07-05,2011-07-09,Second Class,Cyma Kinney,Corporate,Thailand,APAC,Southeast Asia,OFF-BI-10002558,Office Supplies,Binders,50,5,0.17,-4.2,3.75,Medium,2011
CA-2011-157784,2011-07-05,2011-07-08,First Class,Michael Chen,Consumer,United States,US,South,OFF-LA-10001934,Office Supplies,Labels,15,2,0,6.87,3.05,High,2011
IN-2011-10503,2011-07-05,2011-07-10,Second Class,Lena Hernandez,Consumer,Indonesia,APAC,Southeast Asia,OFF-BI-10001096,Office Supplies,Binders,88,7,0.17,18.93,3.04,Medium,2011
ID-2011-15711,2011-07-05,2011-07-09,Second Class,Cyma Kinney,Corporate,Thailand,APAC,Southeast Asia,OFF-FA-10002481,Office Supplies,Fasteners,26,3,0.47,-21.83,2.78,Medium,2011
IN-2011-57676,2011-07-05,2011-07-09,Standard Class,Ann Blume,Corporate,Thailand,APAC,Southeast Asia,FUR-FU-10001933,Furniture,Furnishings,37,2,0.27,1.46,2.49,Medium,2011
CG-2011-2990,2011-07-05,2011-07-11,Standard Class,Julie Kriz,Home Office,Democratic Republic of the Congo,Africa,Africa,OFF-WIL-10003532,Office Supplies,Binders,49,1,0,17.61,2.35,Medium,2011
MX-2011-163083,2011-07-05,2011-07-12,Standard Class,Joy Daniels,Consumer,El Salvador,LATAM,Central,OFF-BI-10001892,Office Supplies,Binders,20,4,0,4.64,0.99,Medium,2011
CA-2011-103317,2011-07-05,2011-07-08,First Class,Don Miller,Corporate,United States,US,South,OFF-BI-10001787,Office Supplies,Binders,10,5,0.7,-6.87,0.88,High,2011
CA-2011-152849,2011-07-05,2011-07-12,Standard Class,David Wiener,Corporate,United States,US,South,OFF-AR-10002833,Office Supplies,Art,4,3,0.2,0.38,0.18,Medium,2011
CG-2011-2990,2011-07-05,2011-07-11,Standard Class,Julie Kriz,Home Office,Democratic Republic of the Congo,Africa,Africa,OFF-WIL-10001069,Office Supplies,Binders,4,1,0,0.42,0.06,Medium,2011
CA-2011-147543,2011-07-06,2011-07-12,Standard Class,Becky Castell,Home Office,United States,US,West,FUR-CH-10000155,Furniture,Chairs,478,2,0.2,47.85,65.59,Low,2011
ES-2011-3965225,2011-07-06,2011-07-13,Standard Class,Ed Braxton,Corporate,France,EU,Central,TEC-PH-10003439,Technology,Phones,994,7,0.15,198.68,49.53,Medium,2011
CA-2011-134278,2011-07-06,2011-07-08,First Class,Emily Phan,Consumer,United States,US,East,TEC-CO-10001046,Technology,Copiers,560,1,0.2,175,44.04,Medium,2011
MX-2011-116309,2011-07-06,2011-07-12,Standard Class,Lisa Ryan,Corporate,Brazil,LATAM,South,TEC-CO-10000917,Technology,Copiers,529,3,0,78.44,40.03,Medium,2011
IN-2011-67637,2011-07-06,2011-07-10,Standard Class,Carl Ludwig,Consumer,China,APAC,North Asia,OFF-BI-10004666,Office Supplies,Binders,353,7,0,158.76,29.19,Medium,2011
ES-2011-5743387,2011-07-06,2011-07-06,Same Day,Claire Gute,Consumer,United Kingdom,EU,North,OFF-ST-10001025,Office Supplies,Storage,108,2,0,41.22,21.06,High,2011
ES-2011-3965225,2011-07-06,2011-07-13,Standard Class,Ed Braxton,Corporate,France,EU,Central,FUR-FU-10004608,Furniture,Furnishings,175,4,0,54.12,14.13,Medium,2011
IN-2011-10426,2011-07-06,2011-07-07,First Class,Michelle Tran,Home Office,India,APAC,Central Asia,OFF-ST-10004331,Office Supplies,Storage,34,2,0,3.36,13.61,Critical,2011
ID-2011-75652,2011-07-06,2011-07-10,Standard Class,John Dryer,Consumer,Australia,APAC,Oceania,FUR-BO-10003913,Furniture,Bookcases,180,2,0.4,-90.2,9.53,Medium,2011
IN-2011-67637,2011-07-06,2011-07-10,Standard Class,Carl Ludwig,Consumer,China,APAC,North Asia,OFF-AR-10000851,Office Supplies,Art,91,2,0,19.98,6.15,Medium,2011
ID-2011-75652,2011-07-06,2011-07-10,Standard Class,John Dryer,Consumer,Australia,APAC,Oceania,FUR-FU-10001619,Furniture,Furnishings,90,3,0.4,-1.51,5.94,Medium,2011
ES-2011-4821517,2011-07-06,2011-07-10,Standard Class,Mark Packer,Home Office,Germany,EU,Central,OFF-ST-10003764,Office Supplies,Storage,76,5,0.1,31.41,5.06,Medium,2011
KE-2011-2120,2011-07-06,2011-07-08,First Class,Matt Connell,Corporate,Kenya,Africa,Africa,OFF-STO-10002803,Office Supplies,Fasteners,18,1,0,3.63,3.22,Medium,2011
ID-2011-75652,2011-07-06,2011-07-10,Standard Class,John Dryer,Consumer,Australia,APAC,Oceania,OFF-BI-10001326,Office Supplies,Binders,43,5,0.4,-10.68,2.75,Medium,2011
IN-2011-67637,2011-07-06,2011-07-10,Standard Class,Carl Ludwig,Consumer,China,APAC,North Asia,OFF-LA-10003381,Office Supplies,Labels,19,2,0,9.66,1.54,Medium,2011
SA-2011-3490,2011-07-06,2011-07-13,Standard Class,Sarah Brown,Consumer,Saudi Arabia,EMEA,EMEA,OFF-ROG-10002279,Office Supplies,Storage,24,1,0,0.45,1.43,Medium,2011
NI-2011-8710,2011-07-07,2011-07-09,Second Class,Ann Steele,Home Office,Nigeria,Africa,Africa,OFF-HAM-10004674,Office Supplies,Appliances,652,4,0.7,-695.17,164.81,Critical,2011
SF-2011-2790,2011-07-07,2011-07-14,Standard Class,Bryan Spruell,Home Office,South Africa,Africa,Africa,FUR-SAF-10004252,Furniture,Chairs,1856,4,0,129.84,163.07,Medium,2011
ES-2011-3814488,2011-07-07,2011-07-12,Standard Class,Hilary Holden,Corporate,Germany,EU,Central,TEC-PH-10000158,Technology,Phones,547,4,0,54.6,40.62,Medium,2011
ES-2011-3814488,2011-07-07,2011-07-12,Standard Class,Hilary Holden,Corporate,Germany,EU,Central,TEC-MA-10004933,Technology,Machines,690,8,0,137.76,23.69,Medium,2011
MX-2011-155159,2011-07-07,2011-07-10,First Class,Larry Blacks,Consumer,Mexico,LATAM,North,OFF-EN-10000025,Office Supplies,Envelopes,62,2,0,22.8,22.54,Critical,2011
US-2011-138758,2011-07-07,2011-07-11,Standard Class,John Lee,Consumer,United States,US,East,FUR-CH-10002880,Furniture,Chairs,172,2,0.3,-46.74,18.58,High,2011
MX-2011-132066,2011-07-07,2011-07-13,Standard Class,Charles McCrossin,Consumer,Argentina,LATAM,South,TEC-CO-10002759,Technology,Copiers,194,2,0.4,-123.94,13.92,Medium,2011
NI-2011-8710,2011-07-07,2011-07-09,Second Class,Ann Steele,Home Office,Nigeria,Africa,Africa,OFF-SME-10004702,Office Supplies,Storage,39,1,0.7,-53.94,13.45,Critical,2011
ID-2011-18749,2011-07-07,2011-07-13,Standard Class,Randy Bradley,Consumer,Australia,APAC,Oceania,TEC-AC-10000051,Technology,Accessories,186,3,0.4,-59.06,10.76,Medium,2011
US-2011-138758,2011-07-07,2011-07-11,Standard Class,John Lee,Consumer,United States,US,East,FUR-FU-10003039,Furniture,Furnishings,69,2,0.2,12.08,7.37,High,2011
MX-2011-132066,2011-07-07,2011-07-13,Standard Class,Charles McCrossin,Consumer,Argentina,LATAM,South,TEC-AC-10001311,Technology,Accessories,163,5,0.4,16.28,7.18,Medium,2011
NI-2011-8710,2011-07-07,2011-07-09,Second Class,Ann Steele,Home Office,Nigeria,Africa,Africa,OFF-ENE-10003549,Office Supplies,Paper,14,1,0.7,-31.5,4.62,Critical,2011
US-2011-137673,2011-07-07,2011-07-09,First Class,Rob Lucas,Consumer,Mexico,LATAM,North,FUR-FU-10000060,Furniture,Furnishings,24,3,0.4,-14.54,3.66,High,2011
US-2011-137673,2011-07-07,2011-07-09,First Class,Rob Lucas,Consumer,Mexico,LATAM,North,OFF-FA-10002286,Office Supplies,Fasteners,60,6,0,29.16,3.63,High,2011
NI-2011-8710,2011-07-07,2011-07-09,Second Class,Ann Steele,Home Office,Nigeria,Africa,Africa,OFF-TEN-10001031,Office Supplies,Storage,16,1,0.7,-24.63,2.73,Critical,2011
SF-2011-2790,2011-07-07,2011-07-14,Standard Class,Bryan Spruell,Home Office,South Africa,Africa,Africa,OFF-HAM-10003368,Office Supplies,Appliances,69,1,0,2.07,1.89,Medium,2011
SF-2011-2790,2011-07-07,2011-07-14,Standard Class,Bryan Spruell,Home Office,South Africa,Africa,Africa,OFF-GLO-10004430,Office Supplies,Envelopes,32,2,0,14.16,1.69,Medium,2011
SF-2011-2790,2011-07-07,2011-07-14,Standard Class,Bryan Spruell,Home Office,South Africa,Africa,Africa,OFF-SAN-10003368,Office Supplies,Art,11,1,0,2.64,0.58,Medium,2011
ID-2011-18056,2011-07-08,2011-07-13,Standard Class,Eugene Hildebrand,Home Office,Philippines,APAC,Southeast Asia,TEC-MA-10002468,Technology,Machines,1630,7,0.25,-282.56,147.98,Medium,2011
CA-2011-100090,2011-07-08,2011-07-12,Standard Class,Ed Braxton,Corporate,United States,US,West,FUR-TA-10003715,Furniture,Tables,502,3,0.2,-87.94,32.08,Medium,2011
IN-2011-13632,2011-07-08,2011-07-13,Standard Class,Roy Collins,Consumer,Malaysia,APAC,Southeast Asia,FUR-FU-10002890,Furniture,Furnishings,214,2,0,27.78,20.69,Medium,2011
ES-2011-3616229,2011-07-08,2011-07-12,Second Class,Jason Gross,Corporate,France,EU,Central,OFF-PA-10002040,Office Supplies,Paper,249,5,0,29.85,16.91,Medium,2011
ES-2011-4514717,2011-07-08,2011-07-14,Standard Class,Ricardo Sperren,Corporate,Germany,EU,Central,TEC-MA-10000473,Technology,Machines,250,3,0,104.94,13.69,Medium,2011
CA-2011-150301,2011-07-08,2011-07-10,First Class,Michelle Huthwaite,Consumer,United States,US,East,FUR-CH-10002647,Furniture,Chairs,64,1,0.1,10.65,13.38,High,2011
CA-2011-100090,2011-07-08,2011-07-12,Standard Class,Ed Braxton,Corporate,United States,US,West,OFF-BI-10001597,Office Supplies,Binders,197,6,0.2,68.85,12.97,Medium,2011
ES-2011-4514717,2011-07-08,2011-07-14,Standard Class,Ricardo Sperren,Corporate,Germany,EU,Central,OFF-LA-10000604,Office Supplies,Labels,116,9,0,24.3,11.82,Medium,2011
IN-2011-18098,2011-07-08,2011-07-13,Standard Class,Cari MacIntyre,Corporate,Australia,APAC,Oceania,OFF-AR-10004990,Office Supplies,Art,51,3,0.1,20.89,8.12,High,2011
ES-2011-4514717,2011-07-08,2011-07-14,Standard Class,Ricardo Sperren,Corporate,Germany,EU,Central,OFF-AR-10000491,Office Supplies,Art,60,4,0,21.72,7.33,Medium,2011
ES-2011-4514717,2011-07-08,2011-07-14,Standard Class,Ricardo Sperren,Corporate,Germany,EU,Central,OFF-ST-10001255,Office Supplies,Storage,52,1,0.1,22.97,4.31,Medium,2011
ES-2011-5693995,2011-07-09,2011-07-13,Standard Class,Michelle Moray,Consumer,Austria,EU,Central,OFF-AP-10001635,Office Supplies,Appliances,1057,2,0,412.32,58.91,Medium,2011
US-2011-117037,2011-07-09,2011-07-12,Second Class,Deirdre Greer,Corporate,Peru,LATAM,South,FUR-CH-10001282,Furniture,Chairs,133,7,0.4,-37.83,10.89,Medium,2011
CA-2011-6580,2011-07-09,2011-07-15,Standard Class,Toby Gnade,Consumer,Canada,Canada,Canada,OFF-IBI-10003191,Office Supplies,Binders,128,4,0,47.28,10.08,Medium,2011
CA-2011-113271,2011-07-09,2011-07-14,Standard Class,Darrin Sayre,Home Office,United States,US,West,FUR-BO-10004218,Furniture,Bookcases,120,1,0.15,7.05,10.03,Medium,2011
US-2011-117037,2011-07-09,2011-07-12,Second Class,Deirdre Greer,Corporate,Peru,LATAM,South,FUR-CH-10001616,Furniture,Chairs,49,2,0.4,-10.7,9.81,Medium,2011
ES-2011-5693995,2011-07-09,2011-07-13,Standard Class,Michelle Moray,Consumer,Austria,EU,Central,FUR-FU-10000620,Furniture,Furnishings,103,2,0,29.76,9.56,Medium,2011
MX-2011-166576,2011-07-09,2011-07-14,Standard Class,David Kendrick,Corporate,Mexico,LATAM,North,OFF-SU-10004663,Office Supplies,Supplies,90,5,0,35.1,6.67,High,2011
NI-2011-2810,2011-07-09,2011-07-14,Standard Class,Ken Brennan,Corporate,Nigeria,Africa,Africa,TEC-OKI-10003868,Technology,Machines,81,1,0.7,-115.47,5.51,Medium,2011
ES-2011-1322522,2011-07-09,2011-07-13,Standard Class,Joy Daniels,Consumer,France,EU,Central,OFF-AR-10001110,Office Supplies,Art,64,2,0,24.42,5.21,High,2011
CA-2011-760,2011-07-09,2011-07-11,Second Class,Kristen Hastings,Corporate,Canada,Canada,Canada,OFF-SAN-10002839,Office Supplies,Art,52,1,0,19.14,4.86,Medium,2011
CA-2011-114125,2011-07-09,2011-07-13,Standard Class,Gary Hansen,Home Office,United States,US,West,OFF-BI-10003291,Office Supplies,Binders,42,6,0.2,14.14,3.36,High,2011
CA-2011-113271,2011-07-09,2011-07-14,Standard Class,Darrin Sayre,Home Office,United States,US,West,OFF-PA-10002365,Office Supplies,Paper,32,5,0,15.55,2.14,Medium,2011
CA-2011-114125,2011-07-09,2011-07-13,Standard Class,Gary Hansen,Home Office,United States,US,West,OFF-ST-10001505,Office Supplies,Storage,24,4,0,4.07,1.7,High,2011
CA-2011-165379,2011-07-09,2011-07-15,Standard Class,Brian Moss,Corporate,United States,US,Central,OFF-PA-10002245,Office Supplies,Paper,14,3,0.2,4.49,1.37,Medium,2011
CA-2011-113271,2011-07-09,2011-07-14,Standard Class,Darrin Sayre,Home Office,United States,US,West,OFF-BI-10002609,Office Supplies,Binders,14,6,0.2,4.65,1.23,Medium,2011
CA-2011-114125,2011-07-09,2011-07-13,Standard Class,Gary Hansen,Home Office,United States,US,West,OFF-LA-10004559,Office Supplies,Labels,3,1,0,1.41,0.47,High,2011
CA-2011-113271,2011-07-09,2011-07-14,Standard Class,Darrin Sayre,Home Office,United States,US,West,OFF-AR-10003251,Office Supplies,Art,6,2,0,2.22,0.28,Medium,2011
CA-2011-123225,2011-07-11,2011-07-14,First Class,Michael Nguyen,Consumer,United States,US,Central,TEC-PH-10000895,Technology,Phones,576,4,0.2,43.2,151.89,High,2011
IN-2011-31692,2011-07-11,2011-07-16,Second Class,Roland Fjeld,Consumer,Myanmar (Burma),APAC,Southeast Asia,TEC-CO-10001204,Technology,Copiers,455,3,0.37,-151.77,77.84,High,2011
ID-2011-65117,2011-07-11,2011-07-15,Standard Class,Scot Wooten,Consumer,Philippines,APAC,Southeast Asia,FUR-CH-10001871,Furniture,Chairs,601,8,0.25,-152.28,63.81,High,2011
ID-2011-65117,2011-07-11,2011-07-15,Standard Class,Scot Wooten,Consumer,Philippines,APAC,Southeast Asia,TEC-PH-10001354,Technology,Phones,590,6,0.25,23.54,61.81,High,2011
CA-2011-163552,2011-07-11,2011-07-15,Standard Class,Laura Armstrong,Corporate,United States,US,East,FUR-CH-10003379,Furniture,Chairs,855,3,0,213.74,31.81,Medium,2011
ID-2011-65117,2011-07-11,2011-07-15,Standard Class,Scot Wooten,Consumer,Philippines,APAC,Southeast Asia,OFF-BI-10000089,Office Supplies,Binders,217,9,0.15,86.74,29.7,High,2011
CA-2011-166555,2011-07-11,2011-07-14,First Class,Jamie Kunitz,Consumer,United States,US,East,TEC-PH-10004912,Technology,Phones,165,3,0,47.81,21.73,Medium,2011
CA-2011-163552,2011-07-11,2011-07-15,Standard Class,Laura Armstrong,Corporate,United States,US,East,OFF-PA-10000474,Office Supplies,Paper,177,5,0,83.28,19.95,Medium,2011
ZA-2011-9390,2011-07-11,2011-07-16,Standard Class,Barry Pond,Corporate,Zambia,Africa,Africa,OFF-ROG-10003898,Office Supplies,Storage,212,1,0,93.12,16.15,Medium,2011
CA-2011-163552,2011-07-11,2011-07-15,Standard Class,Laura Armstrong,Corporate,United States,US,East,TEC-PH-10003885,Technology,Phones,198,3,0,57.41,13.28,Medium,2011
ES-2011-3975285,2011-07-11,2011-07-15,Standard Class,Dario Medina,Corporate,Germany,EU,Central,OFF-ST-10004739,Office Supplies,Storage,140,5,0.1,6.17,11.91,Medium,2011
MX-2011-118465,2011-07-11,2011-07-16,Standard Class,Chuck Magee,Consumer,Mexico,LATAM,North,TEC-CO-10004468,Technology,Copiers,523,3,0,35.55,10.16,Medium,2011
CA-2011-163552,2011-07-11,2011-07-15,Standard Class,Laura Armstrong,Corporate,United States,US,East,FUR-FU-10000629,Furniture,Furnishings,124,9,0,52.13,8.53,Medium,2011
IN-2011-31692,2011-07-11,2011-07-16,Second Class,Roland Fjeld,Consumer,Myanmar (Burma),APAC,Southeast Asia,TEC-PH-10000297,Technology,Phones,54,1,0.17,14.34,7.94,High,2011
ID-2011-65117,2011-07-11,2011-07-15,Standard Class,Scot Wooten,Consumer,Philippines,APAC,Southeast Asia,OFF-SU-10004177,Office Supplies,Supplies,61,3,0.45,-25.66,7.2,High,2011
MX-2011-118465,2011-07-11,2011-07-16,Standard Class,Chuck Magee,Consumer,Mexico,LATAM,North,OFF-PA-10002382,Office Supplies,Paper,112,6,0,14.52,5.86,Medium,2011
ID-2011-65117,2011-07-11,2011-07-15,Standard Class,Scot Wooten,Consumer,Philippines,APAC,Southeast Asia,OFF-EN-10003463,Office Supplies,Envelopes,52,5,0.45,-5.72,3.59,High,2011
CA-2011-133305,2011-07-11,2011-07-15,Standard Class,Mark Hamilton,Consumer,United States,US,East,OFF-PA-10001970,Office Supplies,Paper,49,4,0,23.09,3.16,Medium,2011
CA-2011-123225,2011-07-11,2011-07-14,First Class,Michael Nguyen,Consumer,United States,US,Central,OFF-PA-10000552,Office Supplies,Paper,10,2,0.2,3.63,1.17,High,2011
CA-2011-133305,2011-07-11,2011-07-15,Standard Class,Mark Hamilton,Consumer,United States,US,East,OFF-BI-10002954,Office Supplies,Binders,18,5,0.2,6.4,1.01,Medium,2011
CA-2011-163552,2011-07-11,2011-07-15,Standard Class,Laura Armstrong,Corporate,United States,US,East,OFF-LA-10001175,Office Supplies,Labels,14,5,0,7.06,0.86,Medium,2011
MX-2011-153360,2011-07-11,2011-07-15,Standard Class,Jonathan Doherty,Corporate,El Salvador,LATAM,Central,OFF-LA-10001701,Office Supplies,Labels,25,6,0,9.84,0.25,Medium,2011
IN-2011-62016,2011-07-12,2011-07-19,Standard Class,Neoma Murray,Consumer,India,APAC,Central Asia,FUR-TA-10000558,Furniture,Tables,1058,2,0,338.46,118.56,Low,2011
CA-2011-129924,2011-07-12,2011-07-17,Standard Class,Alyssa Crouse,Corporate,United States,US,West,FUR-TA-10004575,Furniture,Tables,698,3,0.2,-17.46,90.81,High,2011
CA-2011-110184,2011-07-12,2011-07-16,Standard Class,Ben Ferrer,Home Office,United States,US,West,OFF-ST-10000107,Office Supplies,Storage,250,9,0,44.96,52.56,High,2011
ES-2011-1084683,2011-07-12,2011-07-14,Second Class,Frank Olsen,Consumer,Germany,EU,Central,TEC-AC-10000827,Technology,Accessories,415,5,0,66.3,52.51,Medium,2011
CA-2011-110184,2011-07-12,2011-07-16,Standard Class,Ben Ferrer,Home Office,United States,US,West,TEC-PH-10000439,Technology,Phones,256,8,0.2,28.79,40.79,High,2011
ID-2011-84367,2011-07-12,2011-07-16,Standard Class,Dianna Arnett,Home Office,New Zealand,APAC,Oceania,TEC-AC-10000540,Technology,Accessories,155,6,0.4,-62.03,26.83,High,2011
CA-2011-161508,2011-07-12,2011-07-16,Standard Class,Paul Van Hugh,Home Office,United States,US,Central,FUR-CH-10002126,Furniture,Chairs,512,3,0.3,-14.64,21.81,Medium,2011
MX-2011-147025,2011-07-12,2011-07-16,Second Class,Aimee Bixby,Consumer,Nicaragua,LATAM,Central,OFF-ST-10004549,Office Supplies,Storage,595,7,0,273.56,19.96,Medium,2011
ES-2011-4384804,2011-07-12,2011-07-18,Standard Class,Christy Brittain,Consumer,Italy,EU,South,OFF-BI-10002511,Office Supplies,Binders,191,7,0,24.78,18.69,Medium,2011
ID-2011-84367,2011-07-12,2011-07-16,Standard Class,Dianna Arnett,Home Office,New Zealand,APAC,Oceania,OFF-AR-10001195,Office Supplies,Art,190,6,0.4,-19.08,17.56,High,2011
MX-2011-127138,2011-07-12,2011-07-17,Standard Class,Victor Preis,Home Office,Mexico,LATAM,North,OFF-AR-10003096,Office Supplies,Art,93,3,0,24.96,7.27,Medium,2011
ES-2011-2625537,2011-07-12,2011-07-17,Standard Class,Lori Olson,Corporate,Germany,EU,Central,OFF-BI-10002570,Office Supplies,Binders,57,2,0,11.82,6.65,High,2011
CA-2011-124807,2011-07-12,2011-07-15,Second Class,Max Engle,Consumer,United States,US,Central,OFF-PA-10001526,Office Supplies,Paper,36,9,0.2,13,6.61,High,2011
IT-2011-4004093,2011-07-12,2011-07-16,Standard Class,Sean Wendt,Home Office,United Kingdom,EU,North,OFF-ST-10004317,Office Supplies,Storage,61,7,0.5,-46.73,6.54,Medium,2011
CA-2011-131310,2011-07-12,2011-07-18,Standard Class,Clay Ludtke,Consumer,United States,US,West,FUR-CH-10001797,Furniture,Chairs,123,4,0.2,13.85,6.43,Medium,2011
EG-2011-7600,2011-07-12,2011-07-17,Standard Class,Liz Pelletier,Consumer,Egypt,Africa,Africa,FUR-OFF-10000344,Furniture,Chairs,116,2,0,16.2,6.22,Medium,2011
MX-2011-127138,2011-07-12,2011-07-17,Standard Class,Victor Preis,Home Office,Mexico,LATAM,North,OFF-SU-10004480,Office Supplies,Supplies,86,4,0,36.88,5.61,Medium,2011
ES-2011-1084683,2011-07-12,2011-07-14,Second Class,Frank Olsen,Consumer,Germany,EU,Central,FUR-FU-10000287,Furniture,Furnishings,63,2,0,7.56,5.38,Medium,2011
EG-2011-7570,2011-07-12,2011-07-15,Second Class,John Stevenson,Consumer,Egypt,Africa,Africa,OFF-ACC-10002772,Office Supplies,Binders,20,2,0,9.24,5.04,Critical,2011
ES-2011-4384804,2011-07-12,2011-07-18,Standard Class,Christy Brittain,Consumer,Italy,EU,South,TEC-AC-10000397,Technology,Accessories,81,2,0,9.72,4.89,Medium,2011
ID-2011-84367,2011-07-12,2011-07-16,Standard Class,Dianna Arnett,Home Office,New Zealand,APAC,Oceania,FUR-FU-10001933,Furniture,Furnishings,53,2,0.4,0.85,3.68,High,2011
CA-2011-161508,2011-07-12,2011-07-16,Standard Class,Paul Van Hugh,Home Office,United States,US,Central,OFF-AR-10003158,Office Supplies,Art,22,7,0.2,3.9,2.3,Medium,2011
CA-2011-124807,2011-07-12,2011-07-15,Second Class,Max Engle,Consumer,United States,US,Central,TEC-AC-10002857,Technology,Accessories,24,4,0.2,3.28,2.22,High,2011
CA-2011-129924,2011-07-12,2011-07-17,Standard Class,Alyssa Crouse,Corporate,United States,US,West,OFF-BI-10003314,Office Supplies,Binders,8,2,0.2,2.8,1.02,High,2011
IT-2011-4004093,2011-07-12,2011-07-16,Standard Class,Sean Wendt,Home Office,United Kingdom,EU,North,OFF-AR-10003113,Office Supplies,Art,24,4,0.5,-3.84,0.99,Medium,2011
CA-2011-161508,2011-07-12,2011-07-16,Standard Class,Paul Van Hugh,Home Office,United States,US,Central,OFF-PA-10001804,Office Supplies,Paper,16,3,0.2,5.61,0.96,Medium,2011
CA-2011-131310,2011-07-12,2011-07-18,Standard Class,Clay Ludtke,Consumer,United States,US,West,OFF-BI-10003094,Office Supplies,Binders,11,4,0.2,3.8,0.84,Medium,2011
UP-2011-4510,2011-07-12,2011-07-16,Standard Class,Tracy Hopkins,Home Office,Ukraine,EMEA,EMEA,OFF-NOV-10004048,Office Supplies,Labels,11,1,0,1.41,0.62,Medium,2011
CA-2011-161508,2011-07-12,2011-07-16,Standard Class,Paul Van Hugh,Home Office,United States,US,Central,OFF-FA-10001561,Office Supplies,Fasteners,3,2,0.2,0.57,0.18,Medium,2011
MX-2011-155257,2011-07-13,2011-07-15,First Class,Justin Hirsh,Consumer,Guatemala,LATAM,Central,TEC-PH-10002387,Technology,Phones,584,6,0,251.04,111.69,High,2011
US-2011-165862,2011-07-13,2011-07-17,Standard Class,Grace Kelly,Corporate,United States,US,West,FUR-TA-10002855,Furniture,Tables,351,3,0.2,4.39,47.79,High,2011
ES-2011-1808201,2011-07-13,2011-07-15,First Class,Erica Smith,Consumer,France,EU,Central,OFF-ST-10001173,Office Supplies,Storage,79,5,0.1,-6.18,25.56,High,2011
MX-2011-155257,2011-07-13,2011-07-15,First Class,Justin Hirsh,Consumer,Guatemala,LATAM,Central,OFF-EN-10004186,Office Supplies,Envelopes,235,7,0,103.6,22.9,High,2011
MX-2011-111458,2011-07-13,2011-07-18,Standard Class,Maribeth Schnelling,Consumer,Dominican Republic,LATAM,Caribbean,OFF-ST-10002781,Office Supplies,Storage,137,2,0.2,30.91,10.35,Medium,2011
UP-2011-5790,2011-07-13,2011-07-18,Standard Class,Elpida Rittenbach,Corporate,Ukraine,EMEA,EMEA,FUR-DEF-10001359,Furniture,Furnishings,109,1,0,2.16,8.38,Medium,2011
MX-2011-155257,2011-07-13,2011-07-15,First Class,Justin Hirsh,Consumer,Guatemala,LATAM,Central,OFF-BI-10003709,Office Supplies,Binders,67,2,0,6.04,7.68,High,2011
ES-2011-1849602,2011-07-13,2011-07-18,Standard Class,Delfina Latchford,Consumer,United Kingdom,EU,North,OFF-PA-10004856,Office Supplies,Paper,94,7,0,14.07,7.57,Medium,2011
ES-2011-1849602,2011-07-13,2011-07-18,Standard Class,Delfina Latchford,Consumer,United Kingdom,EU,North,OFF-ST-10001222,Office Supplies,Storage,194,4,0,0,6.49,Medium,2011
MX-2011-155257,2011-07-13,2011-07-15,First Class,Justin Hirsh,Consumer,Guatemala,LATAM,Central,OFF-ST-10001172,Office Supplies,Storage,38,1,0,4.14,4.16,High,2011
MX-2011-155257,2011-07-13,2011-07-15,First Class,Justin Hirsh,Consumer,Guatemala,LATAM,Central,OFF-BI-10001248,Office Supplies,Binders,17,2,0,1.2,1.94,High,2011
MX-2011-155257,2011-07-13,2011-07-15,First Class,Justin Hirsh,Consumer,Guatemala,LATAM,Central,OFF-BI-10002062,Office Supplies,Binders,13,3,0,2.22,1.94,High,2011
MX-2011-111458,2011-07-13,2011-07-18,Standard Class,Maribeth Schnelling,Consumer,Dominican Republic,LATAM,Caribbean,OFF-EN-10003071,Office Supplies,Envelopes,12,2,0.2,-1.08,0.95,Medium,2011
MX-2011-111458,2011-07-13,2011-07-18,Standard Class,Maribeth Schnelling,Consumer,Dominican Republic,LATAM,Caribbean,OFF-BI-10003503,Office Supplies,Binders,9,2,0.2,1.38,0.41,Medium,2011
IT-2011-1646767,2011-07-14,2011-07-15,First Class,Melanie Seite,Consumer,United Kingdom,EU,North,TEC-MA-10001777,Technology,Machines,956,4,0.1,-95.7,324.98,Critical,2011
IT-2011-1646767,2011-07-14,2011-07-15,First Class,Melanie Seite,Consumer,United Kingdom,EU,North,TEC-PH-10002597,Technology,Phones,738,6,0.1,-8.37,204.65,Critical,2011
ES-2011-5752766,2011-07-14,2011-07-18,Standard Class,Michelle Ellison,Corporate,Belgium,EU,Central,OFF-ST-10001547,Office Supplies,Storage,424,2,0,161.16,16.06,Medium,2011
ES-2011-1210983,2011-07-14,2011-07-20,Standard Class,Pauline Webber,Corporate,Spain,EU,South,FUR-FU-10002017,Furniture,Furnishings,351,8,0,24.48,13.55,Medium,2011
MX-2011-140032,2011-07-14,2011-07-20,Standard Class,Harold Engle,Corporate,Brazil,LATAM,South,OFF-SU-10001421,Office Supplies,Supplies,103,3,0,26.76,7.88,Medium,2011
ES-2011-5752766,2011-07-14,2011-07-18,Standard Class,Michelle Ellison,Corporate,Belgium,EU,Central,OFF-BI-10001643,Office Supplies,Binders,62,4,0,1.8,5.71,Medium,2011
US-2011-124310,2011-07-14,2011-07-20,Standard Class,Harold Engle,Corporate,Brazil,LATAM,South,OFF-SU-10000113,Office Supplies,Supplies,41,3,0.6,-35.09,5.07,Low,2011
US-2011-150532,2011-07-14,2011-07-21,Standard Class,Philip Brown,Consumer,United States,US,West,OFF-ST-10000760,Office Supplies,Storage,56,5,0.2,6.29,4.39,Low,2011
CA-2011-124464,2011-07-14,2011-07-20,Standard Class,Shirley Schmidt,Home Office,United States,US,East,OFF-AP-10000576,Office Supplies,Appliances,39,1,0,11.05,4.04,Low,2011
CA-2011-164182,2011-07-14,2011-07-18,Standard Class,Shui Tom,Consumer,United States,US,East,OFF-AR-10001044,Office Supplies,Art,42,2,0.2,4.68,3.85,Medium,2011
ES-2011-5752766,2011-07-14,2011-07-18,Standard Class,Michelle Ellison,Corporate,Belgium,EU,Central,OFF-SU-10001137,Office Supplies,Supplies,67,3,0,20.7,3.56,Medium,2011
US-2011-103905,2011-07-14,2011-07-20,Standard Class,Arthur Wiediger,Home Office,United States,US,Central,OFF-BI-10001098,Office Supplies,Binders,30,7,0.8,-46.39,3.47,Low,2011
US-2011-103905,2011-07-14,2011-07-20,Standard Class,Arthur Wiediger,Home Office,United States,US,Central,TEC-PH-10001552,Technology,Phones,38,4,0.2,3.83,2.03,Low,2011
CA-2011-164182,2011-07-14,2011-07-18,Standard Class,Shui Tom,Consumer,United States,US,East,TEC-PH-10002583,Technology,Phones,24,2,0.4,-13.99,1.86,Medium,2011
CA-2011-109904,2011-07-14,2011-07-17,Second Class,Barbara Fisher,Corporate,United States,US,East,OFF-AR-10004999,Office Supplies,Art,18,3,0,4.49,1.81,Medium,2011
CA-2011-164182,2011-07-14,2011-07-18,Standard Class,Shui Tom,Consumer,United States,US,East,FUR-FU-10001057,Furniture,Furnishings,32,2,0.2,1.2,1.2,Medium,2011
CA-2011-164182,2011-07-14,2011-07-18,Standard Class,Shui Tom,Consumer,United States,US,East,TEC-PH-10002070,Technology,Phones,13,1,0.4,-2.25,1,Medium,2011
ID-2011-58040,2011-07-15,2011-07-17,First Class,Logan Haushalter,Consumer,Indonesia,APAC,Southeast Asia,OFF-AR-10002417,Office Supplies,Art,151,4,0.27,-33.24,52.16,Critical,2011
TU-2011-9120,2011-07-15,2011-07-18,First Class,Catherine Glotzbach,Home Office,Turkey,EMEA,EMEA,TEC-MOT-10003348,Technology,Phones,257,1,0.6,-141.41,43.07,Critical,2011
TU-2011-9120,2011-07-15,2011-07-18,First Class,Catherine Glotzbach,Home Office,Turkey,EMEA,EMEA,TEC-MOT-10001196,Technology,Phones,141,2,0.6,-119.84,42.89,Critical,2011
US-2011-116358,2011-07-15,2011-07-21,Standard Class,Toby Swindell,Consumer,Honduras,LATAM,Central,TEC-AC-10000501,Technology,Accessories,312,3,0.4,-135.14,20.67,Medium,2011
TU-2011-9120,2011-07-15,2011-07-18,First Class,Catherine Glotzbach,Home Office,Turkey,EMEA,EMEA,TEC-BEL-10004386,Technology,Accessories,23,1,0.6,-16.84,3.49,Critical,2011
US-2011-160171,2011-07-15,2011-07-20,Standard Class,Larry Tron,Consumer,Panama,LATAM,Central,OFF-EN-10000025,Office Supplies,Envelopes,37,2,0.4,-1.86,2.68,Medium,2011
CA-2011-115980,2011-07-15,2011-07-19,Standard Class,Victoria Wilson,Corporate,United States,US,Central,OFF-FA-10000304,Office Supplies,Fasteners,7,3,0,2.68,0.52,Medium,2011
TI-2011-1290,2011-07-15,2011-07-20,Standard Class,Craig Reiter,Consumer,Tajikistan,EMEA,EMEA,OFF-HON-10003921,Office Supplies,Labels,3,1,0.7,-3.85,0.21,Medium,2011
CA-2011-115980,2011-07-15,2011-07-19,Standard Class,Victoria Wilson,Corporate,United States,US,Central,TEC-AC-10003709,Technology,Accessories,3,3,0,1.31,0.13,Medium,2011
IN-2011-69429,2011-07-16,2011-07-20,Standard Class,Corey Catlett,Corporate,China,APAC,North Asia,FUR-BO-10000208,Furniture,Bookcases,1729,14,0,483.84,164.33,Medium,2011
ES-2011-5605335,2011-07-16,2011-07-19,Second Class,Pamela Stobb,Consumer,Austria,EU,Central,TEC-CO-10001567,Technology,Copiers,524,2,0,5.22,98.8,High,2011
TU-2011-490,2011-07-16,2011-07-19,Second Class,Patrick Ryan,Consumer,Turkey,EMEA,EMEA,FUR-HON-10004987,Furniture,Tables,268,2,0.6,-127.31,60.35,Critical,2011
AO-2011-8260,2011-07-16,2011-07-20,Standard Class,Rose OBrian,Consumer,Angola,Africa,Africa,OFF-BIC-10003680,Office Supplies,Art,227,12,0,90.72,47.97,High,2011
IN-2011-69429,2011-07-16,2011-07-20,Standard Class,Corey Catlett,Corporate,China,APAC,North Asia,TEC-PH-10004682,Technology,Phones,266,3,0,58.41,25.24,Medium,2011
IN-2011-69429,2011-07-16,2011-07-20,Standard Class,Corey Catlett,Corporate,China,APAC,North Asia,FUR-BO-10000175,Furniture,Bookcases,244,2,0,68.34,11.63,Medium,2011
AO-2011-8260,2011-07-16,2011-07-20,Standard Class,Rose OBrian,Consumer,Angola,Africa,Africa,OFF-AVE-10004310,Office Supplies,Labels,107,12,0,35.28,8.18,High,2011
AO-2011-8260,2011-07-16,2011-07-20,Standard Class,Rose OBrian,Consumer,Angola,Africa,Africa,FUR-ADV-10004718,Furniture,Furnishings,40,2,0,8.04,6.91,High,2011
AO-2011-8260,2011-07-16,2011-07-20,Standard Class,Rose OBrian,Consumer,Angola,Africa,Africa,OFF-ROG-10002866,Office Supplies,Storage,61,2,0,1.2,5.31,High,2011
ES-2011-5605335,2011-07-16,2011-07-19,Second Class,Pamela Stobb,Consumer,Austria,EU,Central,OFF-BI-10000042,Office Supplies,Binders,29,4,0,10.08,4.08,High,2011
AO-2011-8260,2011-07-16,2011-07-20,Standard Class,Rose OBrian,Consumer,Angola,Africa,Africa,OFF-CUI-10002506,Office Supplies,Appliances,65,1,0,24.72,3.94,High,2011
AO-2011-8260,2011-07-16,2011-07-20,Standard Class,Rose OBrian,Consumer,Angola,Africa,Africa,OFF-BIC-10001632,Office Supplies,Art,15,1,0,3.18,1.97,High,2011
IN-2011-69429,2011-07-16,2011-07-20,Standard Class,Corey Catlett,Corporate,China,APAC,North Asia,OFF-BI-10003142,Office Supplies,Binders,51,4,0,0,1.67,Medium,2011
IN-2011-45496,2011-07-17,2011-07-22,Standard Class,Ken Black,Corporate,China,APAC,North Asia,TEC-AC-10002702,Technology,Accessories,167,2,0,4.98,11.26,Medium,2011
MX-2011-125087,2011-07-17,2011-07-21,Standard Class,Denise Leinenbach,Consumer,Cuba,LATAM,Caribbean,OFF-BI-10001324,Office Supplies,Binders,80,4,0,6.4,11.02,High,2011
MX-2011-125087,2011-07-17,2011-07-21,Standard Class,Denise Leinenbach,Consumer,Cuba,LATAM,Caribbean,OFF-EN-10003472,Office Supplies,Envelopes,71,9,0,9.18,7.07,High,2011
MX-2011-125087,2011-07-17,2011-07-21,Standard Class,Denise Leinenbach,Consumer,Cuba,LATAM,Caribbean,OFF-LA-10002068,Office Supplies,Labels,36,5,0,11.9,2.38,High,2011
SG-2011-9120,2011-07-18,2011-07-22,Standard Class,Erica Bern,Corporate,Senegal,Africa,Africa,OFF-FEL-10004665,Office Supplies,Storage,1659,8,0,431.04,152.16,Medium,2011
ES-2011-4314290,2011-07-18,2011-07-23,Standard Class,Steven Roelle,Home Office,United Kingdom,EU,North,TEC-MA-10003927,Technology,Machines,1207,4,0,36.12,100.36,Medium,2011
US-2011-115875,2011-07-18,2011-07-23,Standard Class,Jack Garza,Consumer,Mexico,LATAM,North,FUR-BO-10000502,Furniture,Bookcases,702,3,0.2,-35.12,61.84,Medium,2011
ES-2011-1647855,2011-07-18,2011-07-24,Standard Class,Doug Bickford,Consumer,France,EU,Central,FUR-BO-10004547,Furniture,Bookcases,332,3,0.1,55.27,37.06,Low,2011
IN-2011-68526,2011-07-18,2011-07-23,Standard Class,Maureen Gastineau,Home Office,Australia,APAC,Oceania,OFF-AR-10002458,Office Supplies,Art,224,5,0.1,67.08,31.55,High,2011
CA-2011-123295,2011-07-18,2011-07-18,Same Day,Adrian Hane,Home Office,United States,US,West,FUR-CH-10002372,Furniture,Chairs,259,4,0.2,-25.91,31.15,High,2011
MX-2011-159688,2011-07-18,2011-07-22,Standard Class,Daniel Byrd,Home Office,Cuba,LATAM,Caribbean,OFF-AR-10000833,Office Supplies,Art,305,9,0,5.94,17.06,Medium,2011
EG-2011-4860,2011-07-18,2011-07-23,Standard Class,Katharine Harms,Corporate,Egypt,Africa,Africa,OFF-TEN-10004270,Office Supplies,Storage,268,2,0,24.12,8.59,Medium,2011
IN-2011-68526,2011-07-18,2011-07-23,Standard Class,Maureen Gastineau,Home Office,Australia,APAC,Oceania,OFF-ST-10004871,Office Supplies,Storage,111,2,0.1,19.7,8.13,High,2011
MX-2011-146304,2011-07-18,2011-07-20,First Class,Neil Ducich,Corporate,Mexico,LATAM,North,OFF-BI-10002517,Office Supplies,Binders,42,4,0,16.4,7.61,High,2011
MX-2011-159688,2011-07-18,2011-07-22,Standard Class,Daniel Byrd,Home Office,Cuba,LATAM,Caribbean,TEC-AC-10002664,Technology,Accessories,111,2,0,37.6,5.8,Medium,2011
MX-2011-146304,2011-07-18,2011-07-20,First Class,Neil Ducich,Corporate,Mexico,LATAM,North,OFF-AP-10003079,Office Supplies,Appliances,26,1,0,12.84,3.85,High,2011
IN-2011-12547,2011-07-18,2011-07-22,Standard Class,Tamara Willingham,Home Office,Indonesia,APAC,Southeast Asia,OFF-AR-10001329,Office Supplies,Art,34,3,0.27,0.91,3.35,Medium,2011
US-2011-114965,2011-07-18,2011-07-22,Standard Class,Erica Smith,Consumer,Brazil,LATAM,South,OFF-AR-10003897,Office Supplies,Art,45,6,0.6,-45.86,2.66,Medium,2011
TZ-2011-8300,2011-07-18,2011-07-23,Standard Class,Xylona Preis,Consumer,Tanzania,Africa,Africa,OFF-ELD-10000967,Office Supplies,Storage,31,2,0.1,-2.47,1.8,Medium,2011
MX-2011-159688,2011-07-18,2011-07-22,Standard Class,Daniel Byrd,Home Office,Cuba,LATAM,Caribbean,OFF-EN-10002490,Office Supplies,Envelopes,32,2,0,10.88,1.38,Medium,2011
UP-2011-9150,2011-07-18,2011-07-22,Standard Class,Deanra Eno,Home Office,Ukraine,EMEA,EMEA,OFF-ACC-10002167,Office Supplies,Fasteners,13,1,0,0.66,1.18,Medium,2011
CA-2011-138198,2011-07-18,2011-07-23,Standard Class,Jack Lebron,Consumer,United States,US,East,OFF-BI-10002103,Office Supplies,Binders,14,2,0.2,4.52,0.84,Medium,2011
UP-2011-9150,2011-07-18,2011-07-22,Standard Class,Deanra Eno,Home Office,Ukraine,EMEA,EMEA,OFF-BOS-10000350,Office Supplies,Art,28,2,0,0.54,0.77,Medium,2011
IN-2011-76989,2011-07-19,2011-07-20,First Class,Bruce Geld,Consumer,Malaysia,APAC,Southeast Asia,TEC-PH-10004664,Technology,Phones,2556,4,0,664.44,410.22,High,2011
IN-2011-76989,2011-07-19,2011-07-20,First Class,Bruce Geld,Consumer,Malaysia,APAC,Southeast Asia,TEC-MA-10002389,Technology,Machines,981,9,0,215.73,95.42,High,2011
US-2011-150434,2011-07-19,2011-07-24,Standard Class,Christine Abelman,Corporate,United States,US,East,TEC-PH-10000895,Technology,Phones,360,2,0,93.59,31.02,Medium,2011
ID-2011-52377,2011-07-19,2011-07-23,Second Class,Patrick Bzostek,Home Office,Indonesia,APAC,Southeast Asia,TEC-AC-10000499,Technology,Accessories,109,2,0.47,-10.29,8.87,Medium,2011
US-2011-150434,2011-07-19,2011-07-24,Standard Class,Christine Abelman,Corporate,United States,US,East,FUR-TA-10004152,Furniture,Tables,71,1,0.3,-4.03,6.33,Medium,2011
AG-2011-8390,2011-07-19,2011-07-24,Standard Class,Mitch Webber,Consumer,Algeria,Africa,Africa,OFF-ADV-10000308,Office Supplies,Fasteners,55,4,0,19.32,3.98,Medium,2011
MX-2011-109029,2011-07-19,2011-07-21,First Class,Anthony Witt,Consumer,Brazil,LATAM,South,OFF-BI-10004491,Office Supplies,Binders,17,2,0,6.2,3.37,High,2011
MX-2011-150847,2011-07-19,2011-07-21,Second Class,Dave Poirier,Corporate,Panama,LATAM,Central,FUR-FU-10000350,Furniture,Furnishings,45,6,0.4,2.16,2.68,Medium,2011
KE-2011-9210,2011-07-19,2011-07-23,Second Class,Ritsa Hightower,Consumer,Kenya,Africa,Africa,OFF-HAM-10004917,Office Supplies,Appliances,542,1,0,244.05,1.78,Medium,2011
US-2011-150434,2011-07-19,2011-07-24,Standard Class,Christine Abelman,Corporate,United States,US,East,OFF-BI-10003694,Office Supplies,Binders,21,2,0,9.6,1.12,Medium,2011
CA-2011-168158,2011-07-19,2011-07-24,Standard Class,Eugene Moren,Home Office,United States,US,West,OFF-BI-10001759,Office Supplies,Binders,6,2,0.2,2.21,0.59,Medium,2011
US-2011-150434,2011-07-19,2011-07-24,Standard Class,Christine Abelman,Corporate,United States,US,East,OFF-BI-10002160,Office Supplies,Binders,4,1,0,1.83,0.28,Medium,2011
MX-2011-150112,2011-07-20,2011-07-20,Same Day,Bruce Degenhardt,Consumer,Guatemala,LATAM,Central,TEC-AC-10003955,Technology,Accessories,976,6,0,448.92,174.68,Medium,2011
IN-2011-42619,2011-07-20,2011-07-22,Second Class,Bruce Stewart,Consumer,Australia,APAC,Oceania,FUR-BO-10001196,Furniture,Bookcases,1536,7,0.4,-409.63,156.97,Medium,2011
EG-2011-7590,2011-07-20,2011-07-22,Second Class,Ivan Gibson,Consumer,Egypt,Africa,Africa,TEC-MOT-10000939,Technology,Phones,531,4,0,26.52,145.11,Critical,2011
IN-2011-47589,2011-07-20,2011-07-22,First Class,Tracy Hopkins,Home Office,Australia,APAC,Oceania,TEC-CO-10001157,Technology,Copiers,262,2,0.1,101.96,108.82,Critical,2011
CA-2011-143903,2011-07-20,2011-07-24,Standard Class,Katherine Murray,Home Office,United States,US,Central,FUR-CH-10002024,Furniture,Chairs,981,2,0.3,-140.2,85.32,High,2011
IT-2011-2226067,2011-07-20,2011-07-22,Second Class,Alex Grayson,Consumer,United Kingdom,EU,North,OFF-ST-10002706,Office Supplies,Storage,273,2,0,57.24,80.24,Critical,2011
EG-2011-7590,2011-07-20,2011-07-22,Second Class,Ivan Gibson,Consumer,Egypt,Africa,Africa,FUR-HAR-10002632,Furniture,Chairs,298,4,0,113.16,74.17,Critical,2011
IN-2011-47589,2011-07-20,2011-07-22,First Class,Tracy Hopkins,Home Office,Australia,APAC,Oceania,OFF-ST-10001707,Office Supplies,Storage,176,4,0.1,-11.78,49.43,Critical,2011
ES-2011-2410472,2011-07-20,2011-07-20,Same Day,Tiffany House,Corporate,Finland,EU,North,OFF-SU-10001879,Office Supplies,Supplies,178,4,0,51.6,33.35,High,2011
EG-2011-7590,2011-07-20,2011-07-22,Second Class,Ivan Gibson,Consumer,Egypt,Africa,Africa,OFF-SME-10001652,Office Supplies,Storage,190,4,0,24.72,32.58,Critical,2011
CA-2011-143903,2011-07-20,2011-07-24,Standard Class,Katherine Murray,Home Office,United States,US,Central,OFF-ST-10003306,Office Supplies,Storage,343,3,0.2,38.57,31.88,High,2011
IT-2011-2226067,2011-07-20,2011-07-22,Second Class,Alex Grayson,Consumer,United Kingdom,EU,North,FUR-FU-10000361,Furniture,Furnishings,106,3,0.3,-22.79,27.08,Critical,2011
KZ-2011-7910,2011-07-20,2011-07-20,Same Day,Michelle Moray,Consumer,Kazakhstan,EMEA,EMEA,TEC-HEW-10002501,Technology,Copiers,384,4,0.7,-831.82,25.82,Medium,2011
IN-2011-44369,2011-07-20,2011-07-23,First Class,Cynthia Delaney,Home Office,China,APAC,North Asia,OFF-EN-10002140,Office Supplies,Envelopes,165,9,0,52.65,25.28,Medium,2011
CA-2011-141726,2011-07-20,2011-07-22,First Class,Charles Crestani,Consumer,United States,US,West,OFF-PA-10000418,Office Supplies,Paper,105,1,0,50.33,22.92,Medium,2011
CA-2011-157546,2011-07-20,2011-07-22,First Class,Roger Demir,Consumer,United States,US,West,OFF-BI-10002498,Office Supplies,Binders,90,6,0.2,30.28,22.9,High,2011
IT-2011-2226067,2011-07-20,2011-07-22,Second Class,Alex Grayson,Consumer,United Kingdom,EU,North,OFF-EN-10000673,Office Supplies,Envelopes,79,5,0,35.4,19.53,Critical,2011
CA-2011-127866,2011-07-20,2011-07-23,First Class,Jonathan Doherty,Corporate,United States,US,West,OFF-ST-10001490,Office Supplies,Storage,535,3,0,160.62,17.7,High,2011
ES-2011-2410472,2011-07-20,2011-07-20,Same Day,Tiffany House,Corporate,Finland,EU,North,OFF-SU-10003924,Office Supplies,Supplies,123,3,0,60.3,14.39,High,2011
CA-2011-142965,2011-07-20,2011-07-20,Same Day,Scot Wooten,Consumer,United States,US,East,OFF-ST-10002583,Office Supplies,Storage,26,1,0.2,-5.2,12.61,Critical,2011
CA-2011-142965,2011-07-20,2011-07-20,Same Day,Scot Wooten,Consumer,United States,US,East,OFF-BI-10000977,Office Supplies,Binders,27,3,0.7,-21.89,10.04,Critical,2011
CA-2011-141726,2011-07-20,2011-07-22,First Class,Charles Crestani,Consumer,United States,US,West,FUR-FU-10003577,Furniture,Furnishings,43,3,0,15.49,10.02,Medium,2011
IN-2011-47589,2011-07-20,2011-07-22,First Class,Tracy Hopkins,Home Office,Australia,APAC,Oceania,FUR-FU-10003420,Furniture,Furnishings,37,1,0.1,12.7,9.8,Critical,2011
IN-2011-23208,2011-07-20,2011-07-24,Standard Class,Alan Schoenberger,Corporate,Vietnam,APAC,Southeast Asia,OFF-FA-10003819,Office Supplies,Fasteners,58,5,0.17,11.84,9.46,High,2011
IT-2011-2226067,2011-07-20,2011-07-22,Second Class,Alex Grayson,Consumer,United Kingdom,EU,North,OFF-FA-10000411,Office Supplies,Fasteners,34,2,0,10.08,9.38,Critical,2011
EG-2011-7590,2011-07-20,2011-07-22,Second Class,Ivan Gibson,Consumer,Egypt,Africa,Africa,TEC-SAN-10002254,Technology,Accessories,39,1,0,7.29,9.11,Critical,2011
IN-2011-44369,2011-07-20,2011-07-23,First Class,Cynthia Delaney,Home Office,China,APAC,North Asia,OFF-BI-10004651,Office Supplies,Binders,148,3,0,67.86,8.95,Medium,2011
CA-2011-157546,2011-07-20,2011-07-22,First Class,Roger Demir,Consumer,United States,US,West,OFF-PA-10004569,Office Supplies,Paper,23,3,0,10.73,6.37,High,2011
CA-2011-127866,2011-07-20,2011-07-23,First Class,Jonathan Doherty,Corporate,United States,US,West,TEC-AC-10000023,Technology,Accessories,42,2,0,15.1,4.64,High,2011
IN-2011-23208,2011-07-20,2011-07-24,Standard Class,Alan Schoenberger,Corporate,Vietnam,APAC,Southeast Asia,OFF-FA-10001010,Office Supplies,Fasteners,32,2,0.17,3.44,4.46,High,2011
CA-2011-141726,2011-07-20,2011-07-22,First Class,Charles Crestani,Consumer,United States,US,West,OFF-PA-10002230,Office Supplies,Paper,20,4,0,9.76,3.15,Medium,2011
CA-2011-127866,2011-07-20,2011-07-23,First Class,Jonathan Doherty,Corporate,United States,US,West,OFF-PA-10003971,Office Supplies,Paper,12,2,0,5.86,2.18,High,2011
CA-2011-141726,2011-07-20,2011-07-22,First Class,Charles Crestani,Consumer,United States,US,West,OFF-BI-10001982,Office Supplies,Binders,9,2,0.2,3.16,2.06,Medium,2011
CA-2011-143903,2011-07-20,2011-07-24,Standard Class,Katherine Murray,Home Office,United States,US,Central,FUR-FU-10003724,Furniture,Furnishings,17,5,0.6,-14.23,1.6,High,2011
ID-2011-58726,2011-07-20,2011-07-25,Second Class,Dan Lawera,Consumer,India,APAC,Central Asia,OFF-LA-10003848,Office Supplies,Labels,24,5,0.5,-21.53,1.45,Medium,2011
IT-2011-2226067,2011-07-20,2011-07-22,Second Class,Alex Grayson,Consumer,United Kingdom,EU,North,OFF-LA-10001607,Office Supplies,Labels,11,1,0,5.4,1.29,Critical,2011
CA-2011-127866,2011-07-20,2011-07-23,First Class,Jonathan Doherty,Corporate,United States,US,West,OFF-AR-10003481,Office Supplies,Art,13,4,0,3.8,0.63,High,2011
KZ-2011-7910,2011-07-20,2011-07-20,Same Day,Michelle Moray,Consumer,Kazakhstan,EMEA,EMEA,TEC-LOG-10002589,Technology,Accessories,31,1,0.7,-55.95,0.12,Medium,2011
MX-2011-158792,2011-07-21,2011-07-24,First Class,Toby Ritter,Consumer,Brazil,LATAM,South,TEC-CO-10004904,Technology,Copiers,393,2,0,7.05,141.21,Critical,2011
CA-2011-450,2011-07-21,2011-07-26,Standard Class,Ellis Ballard,Corporate,Canada,Canada,Canada,OFF-HAM-10003663,Office Supplies,Appliances,1084,2,0,400.86,76.32,Medium,2011
CA-2011-129189,2011-07-21,2011-07-25,Standard Class,Harry Marie,Corporate,United States,US,Central,FUR-CH-10004997,Furniture,Chairs,658,5,0.3,-93.99,65.18,Medium,2011
MX-2011-158792,2011-07-21,2011-07-24,First Class,Toby Ritter,Consumer,Brazil,LATAM,South,TEC-AC-10001410,Technology,Accessories,273,4,0,73.6,57.71,Critical,2011
US-2011-144729,2011-07-21,2011-07-24,First Class,Saphhira Shifley,Corporate,Panama,LATAM,Central,TEC-CO-10003142,Technology,Copiers,308,4,0.4,-114.2,54.08,Medium,2011
MX-2011-158792,2011-07-21,2011-07-24,First Class,Toby Ritter,Consumer,Brazil,LATAM,South,OFF-AR-10001053,Office Supplies,Art,141,7,0,2.8,51.18,Critical,2011
MX-2011-104626,2011-07-21,2011-07-26,Standard Class,Evan Bailliet,Consumer,Nicaragua,LATAM,Central,FUR-BO-10003463,Furniture,Bookcases,651,8,0,32.48,49.41,Medium,2011
CA-2011-116932,2011-07-21,2011-07-25,Standard Class,Michelle Ellison,Corporate,United States,US,West,FUR-CH-10001215,Furniture,Chairs,802,2,0.2,50.1,39.84,Medium,2011
CA-2011-450,2011-07-21,2011-07-26,Standard Class,Ellis Ballard,Corporate,Canada,Canada,Canada,TEC-CAN-10001981,Technology,Copiers,291,2,0,93,34.56,Medium,2011
MX-2011-158792,2011-07-21,2011-07-24,First Class,Toby Ritter,Consumer,Brazil,LATAM,South,OFF-PA-10003517,Office Supplies,Paper,95,5,0,25.6,29.15,Critical,2011
US-2011-150406,2011-07-21,2011-07-26,Standard Class,Evan Bailliet,Consumer,Brazil,LATAM,South,FUR-BO-10000517,Furniture,Bookcases,260,8,0.6,-358.05,28.07,High,2011
IT-2011-5521557,2011-07-21,2011-07-25,Second Class,Dan Lawera,Consumer,Ireland,EU,North,OFF-BI-10004446,Office Supplies,Binders,128,5,0.5,-53.78,21.04,High,2011
CA-2011-116932,2011-07-21,2011-07-25,Standard Class,Michelle Ellison,Corporate,United States,US,West,FUR-TA-10004175,Furniture,Tables,273,1,0.2,27.28,20.83,Medium,2011
US-2011-144729,2011-07-21,2011-07-24,First Class,Saphhira Shifley,Corporate,Panama,LATAM,Central,TEC-PH-10004287,Technology,Phones,146,4,0.4,-68.18,18.6,Medium,2011
IN-2011-44467,2011-07-21,2011-07-27,Standard Class,Anna Andreadi,Consumer,Hong Kong,APAC,North Asia,TEC-PH-10001478,Technology,Phones,149,2,0,46.08,14.25,Medium,2011
IT-2011-5521557,2011-07-21,2011-07-25,Second Class,Dan Lawera,Consumer,Ireland,EU,North,FUR-FU-10002305,Furniture,Furnishings,90,5,0.6,-87.84,12.61,High,2011
IT-2011-5521557,2011-07-21,2011-07-25,Second Class,Dan Lawera,Consumer,Ireland,EU,North,OFF-AR-10003633,Office Supplies,Art,52,2,0.5,-34.11,7.66,High,2011
CA-2011-116932,2011-07-21,2011-07-25,Standard Class,Michelle Ellison,Corporate,United States,US,West,OFF-AR-10002067,Office Supplies,Art,99,5,0,25.79,7.53,Medium,2011
CA-2011-129189,2011-07-21,2011-07-25,Standard Class,Harry Marie,Corporate,United States,US,Central,OFF-EN-10003567,Office Supplies,Envelopes,88,5,0.2,29.67,3.58,Medium,2011
CA-2011-450,2011-07-21,2011-07-26,Standard Class,Ellis Ballard,Corporate,Canada,Canada,Canada,OFF-STI-10000856,Office Supplies,Supplies,50,1,0,10.92,1.8,Medium,2011
CA-2011-450,2011-07-21,2011-07-26,Standard Class,Ellis Ballard,Corporate,Canada,Canada,Canada,OFF-BIC-10002942,Office Supplies,Art,19,1,0,4.41,1.76,Medium,2011
CA-2011-109890,2011-07-21,2011-07-27,Standard Class,Patrick Gardner,Consumer,United States,US,Central,TEC-PH-10004100,Technology,Phones,36,2,0,10.07,1.73,Medium,2011
US-2011-144729,2011-07-21,2011-07-24,First Class,Saphhira Shifley,Corporate,Panama,LATAM,Central,OFF-FA-10002247,Office Supplies,Fasteners,12,2,0.4,-5.22,0.97,Medium,2011
CA-2011-129189,2011-07-21,2011-07-25,Standard Class,Harry Marie,Corporate,United States,US,Central,OFF-AP-10000124,Office Supplies,Appliances,5,3,0.8,-12.98,0.64,Medium,2011
CA-2011-129189,2011-07-21,2011-07-25,Standard Class,Harry Marie,Corporate,United States,US,Central,OFF-BI-10000494,Office Supplies,Binders,1,1,0.8,-1.83,0.1,Medium,2011
ES-2011-1656997,2011-07-22,2011-07-24,Second Class,Nick Zandusky,Home Office,United Kingdom,EU,North,TEC-CO-10003523,Technology,Copiers,1508,4,0,331.68,192.96,Medium,2011
CA-2011-117464,2011-07-22,2011-07-24,Second Class,Naresj Patel,Consumer,United States,US,West,FUR-CH-10000155,Furniture,Chairs,718,3,0.2,71.77,94.34,High,2011
CA-2011-117464,2011-07-22,2011-07-24,Second Class,Naresj Patel,Consumer,United States,US,West,OFF-ST-10003058,Office Supplies,Storage,237,10,0,68.59,28.62,High,2011
CA-2011-127691,2011-07-22,2011-07-27,Standard Class,Erin Mull,Consumer,United States,US,East,TEC-AC-10002567,Technology,Accessories,160,2,0,57.59,25.45,High,2011
CA-2011-117464,2011-07-22,2011-07-24,Second Class,Naresj Patel,Consumer,United States,US,West,FUR-TA-10004767,Furniture,Tables,170,3,0.2,19.16,17.28,High,2011
US-2011-129504,2011-07-22,2011-07-27,Standard Class,Max Jones,Consumer,Haiti,LATAM,Caribbean,OFF-EN-10004410,Office Supplies,Envelopes,147,9,0.4,0,6.6,Medium,2011
US-2011-164644,2011-07-22,2011-07-24,Second Class,John Lucas,Consumer,United States,US,Central,OFF-ST-10003123,Office Supplies,Storage,27,1,0.2,1.33,3.38,High,2011
US-2011-129504,2011-07-22,2011-07-27,Standard Class,Max Jones,Consumer,Haiti,LATAM,Caribbean,FUR-FU-10001324,Furniture,Furnishings,30,3,0.7,-70.52,2.3,Medium,2011
CA-2011-117464,2011-07-22,2011-07-24,Second Class,Naresj Patel,Consumer,United States,US,West,OFF-AR-10003190,Office Supplies,Art,12,4,0,3.23,1.92,High,2011
CA-2011-122679,2011-07-22,2011-07-28,Standard Class,Alejandro Ballentine,Home Office,United States,US,West,OFF-AR-10004757,Office Supplies,Art,20,6,0,6.49,1.37,Medium,2011
US-2011-129504,2011-07-22,2011-07-27,Standard Class,Max Jones,Consumer,Haiti,LATAM,Caribbean,OFF-BI-10000280,Office Supplies,Binders,17,6,0.4,-11.18,0.94,Medium,2011
ES-2011-1656997,2011-07-22,2011-07-24,Second Class,Nick Zandusky,Home Office,United Kingdom,EU,North,OFF-BI-10003999,Office Supplies,Binders,12,3,0,1.08,0.82,Medium,2011
CA-2011-127691,2011-07-22,2011-07-27,Standard Class,Erin Mull,Consumer,United States,US,East,OFF-AR-10002053,Office Supplies,Art,6,2,0,1.67,0.71,High,2011
US-2011-129504,2011-07-22,2011-07-27,Standard Class,Max Jones,Consumer,Haiti,LATAM,Caribbean,OFF-FA-10000467,Office Supplies,Fasteners,6,1,0.4,-0.74,0.43,Medium,2011
US-2011-129504,2011-07-22,2011-07-27,Standard Class,Max Jones,Consumer,Haiti,LATAM,Caribbean,OFF-BI-10000821,Office Supplies,Binders,7,2,0.4,-0.87,0.36,Medium,2011
US-2011-119137,2011-07-23,2011-07-27,Standard Class,Arthur Gainer,Consumer,United States,US,West,TEC-AC-10002076,Technology,Accessories,479,10,0.2,-29.94,88.46,High,2011
US-2011-119137,2011-07-23,2011-07-27,Standard Class,Arthur Gainer,Consumer,United States,US,West,TEC-AC-10003911,Technology,Accessories,1024,8,0.2,179.19,83.9,High,2011
CA-2011-145254,2011-07-23,2011-07-27,Standard Class,Nick Crebassa,Corporate,United States,US,West,TEC-PH-10000441,Technology,Phones,605,6,0.2,60.48,52.86,High,2011
MX-2011-121524,2011-07-23,2011-07-26,First Class,Gene McClure,Consumer,Brazil,LATAM,South,OFF-PA-10002464,Office Supplies,Paper,125,6,0,9.96,47.82,Critical,2011
MX-2011-121524,2011-07-23,2011-07-26,First Class,Gene McClure,Consumer,Brazil,LATAM,South,OFF-BI-10003373,Office Supplies,Binders,131,4,0,36.48,40,Critical,2011
CA-2011-145254,2011-07-23,2011-07-27,Standard Class,Nick Crebassa,Corporate,United States,US,West,TEC-PH-10004531,Technology,Phones,302,3,0.2,37.8,27.37,High,2011
CA-2011-103058,2011-07-23,2011-07-24,First Class,Alejandro Grove,Consumer,United States,US,East,TEC-AC-10001314,Technology,Accessories,100,2,0,8,22.93,Critical,2011
MX-2011-147585,2011-07-23,2011-07-29,Standard Class,Erica Bern,Corporate,Guatemala,LATAM,Central,OFF-ST-10000028,Office Supplies,Storage,124,3,0,32.28,17.46,Low,2011
IN-2011-25882,2011-07-23,2011-07-28,Standard Class,Lela Donovan,Corporate,Indonesia,APAC,Southeast Asia,TEC-PH-10000922,Technology,Phones,243,4,0.17,55.53,13.01,Medium,2011
MX-2011-155572,2011-07-23,2011-07-26,Second Class,Larry Hughes,Consumer,El Salvador,LATAM,Central,OFF-FA-10001435,Office Supplies,Fasteners,78,7,0,7.7,10.42,Medium,2011
TU-2011-7800,2011-07-23,2011-07-26,First Class,Thomas Seio,Corporate,Turkey,EMEA,EMEA,TEC-SHA-10001413,Technology,Copiers,49,1,0.6,-40.1,8.87,Medium,2011
MX-2011-121524,2011-07-23,2011-07-26,First Class,Gene McClure,Consumer,Brazil,LATAM,South,OFF-ST-10000423,Office Supplies,Storage,41,1,0,4.52,6.61,Critical,2011
IN-2011-25882,2011-07-23,2011-07-28,Standard Class,Lela Donovan,Corporate,Indonesia,APAC,Southeast Asia,OFF-BI-10003468,Office Supplies,Binders,42,4,0.17,11.05,3.38,Medium,2011
CA-2011-145254,2011-07-23,2011-07-27,Standard Class,Nick Crebassa,Corporate,United States,US,West,OFF-SU-10004664,Office Supplies,Supplies,41,5,0,11.8,3.27,High,2011
IN-2011-25882,2011-07-23,2011-07-28,Standard Class,Lela Donovan,Corporate,Indonesia,APAC,Southeast Asia,TEC-PH-10002154,Technology,Phones,298,4,0.17,25.02,2.28,Medium,2011
MX-2011-147585,2011-07-23,2011-07-29,Standard Class,Erica Bern,Corporate,Guatemala,LATAM,Central,OFF-FA-10003891,Office Supplies,Fasteners,10,1,0,0.18,1.17,Low,2011
MX-2011-155572,2011-07-23,2011-07-26,Second Class,Larry Hughes,Consumer,El Salvador,LATAM,Central,OFF-LA-10002469,Office Supplies,Labels,23,3,0,6.6,1.15,Medium,2011
US-2011-119137,2011-07-23,2011-07-27,Standard Class,Arthur Gainer,Consumer,United States,US,West,OFF-BI-10001982,Office Supplies,Binders,8,5,0.7,-5.71,1.15,High,2011
MX-2011-155572,2011-07-23,2011-07-26,Second Class,Larry Hughes,Consumer,El Salvador,LATAM,Central,OFF-PA-10000960,Office Supplies,Paper,23,2,0,7.64,0.83,Medium,2011
MX-2011-155572,2011-07-23,2011-07-26,Second Class,Larry Hughes,Consumer,El Salvador,LATAM,Central,OFF-SU-10004780,Office Supplies,Supplies,47,2,0,3.72,0.7,Medium,2011
IN-2011-25882,2011-07-23,2011-07-28,Standard Class,Lela Donovan,Corporate,Indonesia,APAC,Southeast Asia,OFF-BI-10002712,Office Supplies,Binders,14,2,0.17,1.13,0.61,Medium,2011
US-2011-119137,2011-07-23,2011-07-27,Standard Class,Arthur Gainer,Consumer,United States,US,West,OFF-AR-10000658,Office Supplies,Art,9,1,0.2,0.92,0.6,High,2011
IT-2011-4977940,2011-07-24,2011-07-26,First Class,Kean Thornton,Consumer,Portugal,EU,South,OFF-BI-10003281,Office Supplies,Binders,40,5,0.5,-33.3,8.58,High,2011
IT-2011-4977940,2011-07-24,2011-07-26,First Class,Kean Thornton,Consumer,Portugal,EU,South,OFF-EN-10003885,Office Supplies,Envelopes,23,1,0.5,-4.98,3.88,High,2011
MX-2011-122994,2011-07-24,2011-07-31,Standard Class,James Lanier,Home Office,Mexico,LATAM,North,OFF-BI-10004177,Office Supplies,Binders,39,2,0,16.88,1.87,Medium,2011
IN-2011-60560,2011-07-25,2011-07-30,Standard Class,Muhammed Lee,Consumer,Australia,APAC,Oceania,TEC-CO-10004535,Technology,Copiers,1432,5,0.1,413.49,129.06,High,2011
IN-2011-54001,2011-07-25,2011-07-31,Standard Class,David Kendrick,Corporate,Australia,APAC,Oceania,OFF-AP-10000647,Office Supplies,Appliances,1416,3,0.1,0,61.79,Medium,2011
IR-2011-3170,2011-07-25,2011-07-31,Standard Class,Fred Hopkins,Corporate,Iran,EMEA,EMEA,TEC-SAM-10004785,Technology,Phones,636,1,0,311.7,41.29,Low,2011
BU-2011-5160,2011-07-25,2011-08-01,Standard Class,Hallie Redmond,Home Office,Bulgaria,EMEA,EMEA,TEC-CAN-10002879,Technology,Copiers,260,1,0,46.86,28.43,Low,2011
CA-2011-143917,2011-07-25,2011-07-27,Second Class,Ken Lonsdale,Consumer,United States,US,West,OFF-SU-10000151,Office Supplies,Supplies,8188,5,0,327.51,16.77,High,2011
IN-2011-60560,2011-07-25,2011-07-30,Standard Class,Muhammed Lee,Consumer,Australia,APAC,Oceania,OFF-FA-10002247,Office Supplies,Fasteners,90,6,0.1,17.91,12.17,High,2011
IN-2011-10363,2011-07-25,2011-07-27,First Class,Andrew Roberts,Consumer,Vietnam,APAC,Southeast Asia,OFF-LA-10002465,Office Supplies,Labels,49,5,0.17,1.7,9.51,High,2011
CA-2011-143917,2011-07-25,2011-07-27,Second Class,Ken Lonsdale,Consumer,United States,US,West,OFF-ST-10001228,Office Supplies,Storage,54,4,0,15.04,5.53,High,2011
CA-2011-143917,2011-07-25,2011-07-27,Second Class,Ken Lonsdale,Consumer,United States,US,West,FUR-FU-10004351,Furniture,Furnishings,78,8,0,34.28,3.84,High,2011
IN-2011-60560,2011-07-25,2011-07-30,Standard Class,Muhammed Lee,Consumer,Australia,APAC,Oceania,OFF-LA-10004062,Office Supplies,Labels,28,3,0.1,11.05,3.2,High,2011
IN-2011-18203,2011-07-25,2011-07-29,Standard Class,Aleksandra Gannaway,Corporate,Australia,APAC,Oceania,OFF-LA-10000370,Office Supplies,Labels,46,4,0.1,11.68,2.92,Medium,2011
BU-2011-5160,2011-07-25,2011-08-01,Standard Class,Hallie Redmond,Home Office,Bulgaria,EMEA,EMEA,OFF-CAM-10001761,Office Supplies,Envelopes,24,2,0,5.7,2.08,Low,2011
BU-2011-5160,2011-07-25,2011-08-01,Standard Class,Hallie Redmond,Home Office,Bulgaria,EMEA,EMEA,OFF-BOS-10000350,Office Supplies,Art,14,1,0,0.27,1.09,Low,2011
CA-2011-146528,2011-07-25,2011-07-27,Second Class,Vicky Freymann,Home Office,United States,US,West,OFF-SU-10002522,Office Supplies,Supplies,16,4,0,4.5,0.86,High,2011
CA-2011-146528,2011-07-25,2011-07-27,Second Class,Vicky Freymann,Home Office,United States,US,West,OFF-PA-10002195,Office Supplies,Paper,6,1,0,3.18,0.79,High,2011
CA-2011-169019,2011-07-26,2011-07-30,Standard Class,Luke Foster,Consumer,United States,US,Central,OFF-BI-10004995,Office Supplies,Binders,2178,8,0.8,-3701.89,172.07,Medium,2011
MX-2011-127782,2011-07-26,2011-07-31,Standard Class,Mark Cousins,Corporate,Mexico,LATAM,North,TEC-CO-10004831,Technology,Copiers,873,5,0,164.35,108.91,High,2011
CA-2011-126760,2011-07-26,2011-08-02,Standard Class,Kunst Miller,Consumer,United States,US,West,TEC-PH-10001363,Technology,Phones,912,2,0.2,114,60.99,Medium,2011
US-2011-163377,2011-07-26,2011-07-28,Second Class,Ivan Gibson,Consumer,Dominican Republic,LATAM,Caribbean,FUR-CH-10001658,Furniture,Chairs,233,7,0.2,-43.74,37.01,High,2011
CA-2011-169019,2011-07-26,2011-07-30,Standard Class,Luke Foster,Consumer,United States,US,Central,TEC-AC-10002076,Technology,Accessories,431,9,0.2,-26.95,34.99,Medium,2011
SF-2011-6020,2011-07-26,2011-07-30,Standard Class,Dennis Pardue,Home Office,South Africa,Africa,Africa,FUR-BUS-10000332,Furniture,Bookcases,364,1,0,18.21,31.47,Medium,2011
IN-2011-22970,2011-07-26,2011-07-31,Standard Class,Denny Ordway,Consumer,Australia,APAC,Oceania,TEC-CO-10002057,Technology,Copiers,428,2,0.1,37.98,25.38,Medium,2011
IT-2011-5027623,2011-07-26,2011-08-01,Standard Class,Sarah Foster,Consumer,Italy,EU,South,TEC-PH-10000641,Technology,Phones,194,4,0.4,-58.37,20.95,Low,2011
CA-2011-116190,2011-07-26,2011-08-01,Standard Class,Sheri Gordon,Consumer,United States,US,South,OFF-LA-10002762,Office Supplies,Labels,163,13,0,76.56,15.49,Medium,2011
CA-2011-159121,2011-07-26,2011-08-01,Standard Class,Jack OBriant,Corporate,United States,US,West,TEC-AC-10002006,Technology,Accessories,112,7,0,34.7,14.42,Low,2011
ES-2011-5239101,2011-07-26,2011-07-30,Standard Class,Maureen Gnade,Consumer,Germany,EU,Central,OFF-PA-10001971,Office Supplies,Paper,136,3,0,40.59,14.37,High,2011
CA-2011-126760,2011-07-26,2011-08-02,Standard Class,Kunst Miller,Consumer,United States,US,West,FUR-FU-10004018,Furniture,Furnishings,134,9,0,36.18,13.94,Medium,2011
NI-2011-9170,2011-07-26,2011-07-31,Second Class,Grace Kelly,Corporate,Nigeria,Africa,Africa,TEC-SAM-10003205,Technology,Phones,100,2,0.7,-146.93,12.61,Medium,2011
CA-2011-126760,2011-07-26,2011-08-02,Standard Class,Kunst Miller,Consumer,United States,US,West,TEC-AC-10004814,Technology,Accessories,171,3,0,70.1,10.51,Medium,2011
US-2011-155894,2011-07-26,2011-07-30,Second Class,Carl Ludwig,Consumer,United States,US,Central,OFF-ST-10004804,Office Supplies,Storage,124,3,0.2,-29.34,9.62,High,2011
SF-2011-6020,2011-07-26,2011-07-30,Standard Class,Dennis Pardue,Home Office,South Africa,Africa,Africa,OFF-FEL-10001541,Office Supplies,Storage,206,1,0,92.88,7.63,Medium,2011
MX-2011-107629,2011-07-26,2011-07-28,Second Class,Michael Chen,Consumer,Mexico,LATAM,North,TEC-AC-10003044,Technology,Accessories,79,2,0,10.24,6.1,Medium,2011
CA-2011-116190,2011-07-26,2011-08-01,Standard Class,Sheri Gordon,Consumer,United States,US,South,FUR-CH-10000553,Furniture,Chairs,68,2,0,18.33,5.57,Medium,2011
PL-2011-5240,2011-07-26,2011-07-30,Standard Class,Philip Brown,Consumer,Poland,EMEA,EMEA,TEC-SAN-10003793,Technology,Accessories,110,1,0,19.83,5.41,Medium,2011
ES-2011-5239101,2011-07-26,2011-07-30,Standard Class,Maureen Gnade,Consumer,Germany,EU,Central,OFF-ST-10002151,Office Supplies,Storage,28,3,0.1,4.84,4.26,High,2011
NI-2011-9170,2011-07-26,2011-07-31,Second Class,Grace Kelly,Corporate,Nigeria,Africa,Africa,FUR-TEN-10000986,Furniture,Furnishings,33,1,0.7,-68.24,3.81,Medium,2011
US-2011-163377,2011-07-26,2011-07-28,Second Class,Ivan Gibson,Consumer,Dominican Republic,LATAM,Caribbean,OFF-SU-10003632,Office Supplies,Supplies,16,2,0.2,1.15,2.25,High,2011
CA-2011-116190,2011-07-26,2011-08-01,Standard Class,Sheri Gordon,Consumer,United States,US,South,FUR-FU-10000719,Furniture,Furnishings,26,3,0,9.26,2.06,Medium,2011
ES-2011-5239101,2011-07-26,2011-07-30,Standard Class,Maureen Gnade,Consumer,Germany,EU,Central,OFF-AR-10000703,Office Supplies,Art,17,1,0,7.14,1.57,High,2011
CA-2011-169019,2011-07-26,2011-07-30,Standard Class,Luke Foster,Consumer,United States,US,Central,OFF-BI-10001524,Office Supplies,Binders,17,4,0.8,-26.85,1.55,Medium,2011
CA-2011-169019,2011-07-26,2011-07-30,Standard Class,Luke Foster,Consumer,United States,US,Central,FUR-FU-10004666,Furniture,Furnishings,17,3,0.6,-10.06,1.12,Medium,2011
SF-2011-6020,2011-07-26,2011-07-30,Standard Class,Dennis Pardue,Home Office,South Africa,Africa,Africa,OFF-BOS-10001348,Office Supplies,Art,32,1,0,16.05,1.04,Medium,2011
CA-2011-169019,2011-07-26,2011-07-30,Standard Class,Luke Foster,Consumer,United States,US,Central,OFF-BI-10001679,Office Supplies,Binders,9,5,0.8,-13.32,0.82,Medium,2011
SF-2011-6020,2011-07-26,2011-07-30,Standard Class,Dennis Pardue,Home Office,South Africa,Africa,Africa,OFF-ACC-10004322,Office Supplies,Binders,15,1,0,4.8,0.79,Medium,2011
NI-2011-9170,2011-07-26,2011-07-31,Second Class,Grace Kelly,Corporate,Nigeria,Africa,Africa,OFF-GLO-10003650,Office Supplies,Envelopes,13,1,0.7,-21.48,0.59,Medium,2011
CA-2011-169019,2011-07-26,2011-07-30,Standard Class,Luke Foster,Consumer,United States,US,Central,OFF-AP-10003281,Office Supplies,Appliances,5,2,0.8,-12.09,0.47,Medium,2011
ES-2011-4024349,2011-07-27,2011-07-31,Standard Class,Bryan Davis,Consumer,France,EU,Central,TEC-PH-10004823,Technology,Phones,1622,3,0.15,534.21,183.14,High,2011
MX-2011-157595,2011-07-27,2011-07-28,First Class,Liz Preis,Consumer,Guatemala,LATAM,Central,FUR-BO-10001781,Furniture,Bookcases,1457,6,0,378.84,138.78,High,2011
IN-2011-50361,2011-07-27,2011-07-31,Standard Class,Michael Chen,Consumer,Indonesia,APAC,Southeast Asia,TEC-CO-10002119,Technology,Copiers,824,3,0.07,97.38,84.76,Medium,2011
MX-2011-157595,2011-07-27,2011-07-28,First Class,Liz Preis,Consumer,Guatemala,LATAM,Central,TEC-PH-10002871,Technology,Phones,347,3,0,100.5,64.99,High,2011
IT-2011-3202706,2011-07-27,2011-07-29,First Class,Eudokia Martin,Corporate,Italy,EU,South,TEC-PH-10002564,Technology,Phones,173,2,0.4,-69.34,60.08,High,2011
CA-2011-124709,2011-07-27,2011-07-29,Second Class,Giulietta Weimer,Consumer,United States,US,West,TEC-AC-10002842,Technology,Accessories,238,2,0,38.08,57.93,Critical,2011
ID-2011-21402,2011-07-27,2011-07-31,Second Class,Mitch Webber,Consumer,Australia,APAC,Oceania,TEC-PH-10004221,Technology,Phones,340,3,0.1,113.46,53.36,High,2011
MX-2011-113243,2011-07-27,2011-07-29,First Class,Logan Currie,Consumer,Mexico,LATAM,North,TEC-CO-10001234,Technology,Copiers,423,2,0,41.55,40.53,High,2011
CA-2011-169642,2011-07-27,2011-07-30,Second Class,Barry Blumstein,Corporate,United States,US,West,OFF-ST-10002574,Office Supplies,Storage,276,2,0,0,32.27,Medium,2011
MX-2011-157595,2011-07-27,2011-07-28,First Class,Liz Preis,Consumer,Guatemala,LATAM,Central,TEC-CO-10004998,Technology,Copiers,804,7,0,14.49,30.23,High,2011
IT-2011-5718509,2011-07-27,2011-07-30,Second Class,Gene Hale,Corporate,Italy,EU,South,OFF-ST-10004482,Office Supplies,Storage,451,12,0.4,-75.17,29.96,Medium,2011
MX-2011-124030,2011-07-27,2011-08-03,Standard Class,Sara Luxemburg,Home Office,Mexico,LATAM,North,TEC-MA-10000170,Technology,Machines,404,5,0,113.2,28.44,Medium,2011
IN-2011-68827,2011-07-27,2011-08-03,Standard Class,Maria Zettner,Home Office,China,APAC,North Asia,TEC-CO-10000562,Technology,Copiers,360,1,0,79.14,25.82,Medium,2011
ID-2011-21402,2011-07-27,2011-07-31,Second Class,Mitch Webber,Consumer,Australia,APAC,Oceania,FUR-CH-10001695,Furniture,Chairs,267,4,0.1,-26.82,17.83,High,2011
MX-2011-124030,2011-07-27,2011-08-03,Standard Class,Sara Luxemburg,Home Office,Mexico,LATAM,North,TEC-AC-10000335,Technology,Accessories,347,2,0,69.4,15.33,Medium,2011
MX-2011-157595,2011-07-27,2011-07-28,First Class,Liz Preis,Consumer,Guatemala,LATAM,Central,OFF-AR-10003369,Office Supplies,Art,66,2,0,31.64,13.88,High,2011
MX-2011-124030,2011-07-27,2011-08-03,Standard Class,Sara Luxemburg,Home Office,Mexico,LATAM,North,TEC-PH-10003885,Technology,Phones,118,2,0,33,10.25,Medium,2011
ES-2011-5496179,2011-07-27,2011-08-01,Standard Class,Lisa DeCherney,Consumer,France,EU,Central,OFF-ST-10001758,Office Supplies,Storage,381,2,0.1,-12.74,10.06,Medium,2011
MX-2011-157595,2011-07-27,2011-07-28,First Class,Liz Preis,Consumer,Guatemala,LATAM,Central,OFF-BI-10002455,Office Supplies,Binders,42,2,0,6.32,7.63,High,2011
IN-2011-50361,2011-07-27,2011-07-31,Standard Class,Michael Chen,Consumer,Indonesia,APAC,Southeast Asia,TEC-AC-10002850,Technology,Accessories,121,2,0.47,-73.27,7.31,Medium,2011
ES-2011-3074997,2011-07-27,2011-07-31,Second Class,Anna Häberlin,Corporate,Italy,EU,South,OFF-LA-10004709,Office Supplies,Labels,43,6,0,10.62,5.5,High,2011
IN-2011-50361,2011-07-27,2011-07-31,Standard Class,Michael Chen,Consumer,Indonesia,APAC,Southeast Asia,OFF-AR-10000054,Office Supplies,Art,57,3,0.27,7.03,5.16,Medium,2011
MX-2011-157595,2011-07-27,2011-07-28,First Class,Liz Preis,Consumer,Guatemala,LATAM,Central,OFF-BI-10001892,Office Supplies,Binders,29,6,0,6.96,4.88,High,2011
MX-2011-113243,2011-07-27,2011-07-29,First Class,Logan Currie,Consumer,Mexico,LATAM,North,TEC-MA-10001447,Technology,Machines,111,2,0,20,4.65,High,2011
MX-2011-161550,2011-07-27,2011-07-30,Second Class,Sung Shariari,Consumer,Nicaragua,LATAM,Central,OFF-ST-10004116,Office Supplies,Storage,193,5,0,0,4.62,High,2011
US-2011-150126,2011-07-27,2011-08-02,Standard Class,Aaron Smayling,Corporate,United States,US,East,OFF-PA-10002709,Office Supplies,Paper,66,11,0,32.23,4.36,Medium,2011
IN-2011-50361,2011-07-27,2011-07-31,Standard Class,Michael Chen,Consumer,Indonesia,APAC,Southeast Asia,TEC-MA-10001267,Technology,Machines,72,2,0.17,7.81,3.85,Medium,2011
MX-2011-157595,2011-07-27,2011-07-28,First Class,Liz Preis,Consumer,Guatemala,LATAM,Central,OFF-PA-10002944,Office Supplies,Paper,22,2,0,8.16,3.72,High,2011
US-2011-156440,2011-07-27,2011-07-29,First Class,Craig Carreira,Consumer,Mexico,LATAM,North,FUR-FU-10001617,Furniture,Furnishings,47,1,0.4,-9.3,3.55,High,2011
IT-2011-5718509,2011-07-27,2011-07-30,Second Class,Gene Hale,Corporate,Italy,EU,South,OFF-FA-10001530,Office Supplies,Fasteners,28,2,0,1.68,2.67,Medium,2011
MX-2011-161550,2011-07-27,2011-07-30,Second Class,Sung Shariari,Consumer,Nicaragua,LATAM,Central,OFF-BI-10004148,Office Supplies,Binders,10,1,0,1.04,1.62,High,2011
MX-2011-157595,2011-07-27,2011-07-28,First Class,Liz Preis,Consumer,Guatemala,LATAM,Central,OFF-BI-10000070,Office Supplies,Binders,55,3,0,19.74,1.13,High,2011
ES-2011-1916591,2011-07-27,2011-08-01,Standard Class,Dan Reichenbach,Corporate,Spain,EU,South,OFF-BI-10004712,Office Supplies,Binders,10,2,0,4.38,0.62,Medium,2011
MX-2011-109169,2011-07-28,2011-07-30,Second Class,Shui Tom,Consumer,El Salvador,LATAM,Central,FUR-TA-10003929,Furniture,Tables,1313,5,0.2,377.34,169.68,Medium,2011
ES-2011-3954575,2011-07-28,2011-08-04,Standard Class,Mathew Reese,Home Office,France,EU,Central,FUR-CH-10004676,Furniture,Chairs,623,5,0.1,69.21,40.11,Low,2011
ID-2011-31818,2011-07-28,2011-08-01,Standard Class,Harry Greene,Consumer,Singapore,APAC,Southeast Asia,OFF-EN-10003000,Office Supplies,Envelopes,185,5,0,73.8,24.78,High,2011
CA-2011-131541,2011-07-28,2011-07-28,Same Day,Chloris Kastensmidt,Consumer,United States,US,South,FUR-FU-10003623,Furniture,Furnishings,130,6,0.2,12.99,24.59,High,2011
ID-2011-31818,2011-07-28,2011-08-01,Standard Class,Harry Greene,Consumer,Singapore,APAC,Southeast Asia,TEC-PH-10003488,Technology,Phones,273,2,0,46.44,20.56,High,2011
CA-2011-131541,2011-07-28,2011-07-28,Same Day,Chloris Kastensmidt,Consumer,United States,US,South,OFF-EN-10000781,Office Supplies,Envelopes,49,7,0.2,16.52,10.66,High,2011
MX-2011-109169,2011-07-28,2011-07-30,Second Class,Shui Tom,Consumer,El Salvador,LATAM,Central,OFF-EN-10003332,Office Supplies,Envelopes,121,4,0,40.96,9.58,Medium,2011
IN-2011-22830,2011-07-28,2011-07-30,First Class,Bryan Mills,Consumer,Indonesia,APAC,Southeast Asia,OFF-ST-10001229,Office Supplies,Storage,49,3,0.17,-5.37,9.33,Medium,2011
IT-2011-4685233,2011-07-28,2011-08-01,Standard Class,Speros Goranitis,Consumer,Netherlands,EU,Central,FUR-BO-10000684,Furniture,Bookcases,74,1,0.5,-63.36,8.35,High,2011
IN-2011-22830,2011-07-28,2011-07-30,First Class,Bryan Mills,Consumer,Indonesia,APAC,Southeast Asia,OFF-BI-10003098,Office Supplies,Binders,43,1,0.17,11.3,7.87,Medium,2011
MX-2011-111843,2011-07-28,2011-08-01,Standard Class,Erin Creighton,Consumer,Brazil,LATAM,South,OFF-BI-10003373,Office Supplies,Binders,65,2,0,18.24,6.01,High,2011
IZ-2011-600,2011-07-28,2011-07-28,Same Day,Daniel Byrd,Home Office,Iraq,EMEA,EMEA,OFF-XER-10003104,Office Supplies,Paper,27,2,0,4.02,5.44,Medium,2011
IN-2011-22830,2011-07-28,2011-07-30,First Class,Bryan Mills,Consumer,Indonesia,APAC,Southeast Asia,OFF-SU-10001382,Office Supplies,Supplies,44,2,0.47,-17.38,5.14,Medium,2011
IN-2011-70402,2011-07-28,2011-08-02,Standard Class,Bradley Drucker,Consumer,India,APAC,Central Asia,OFF-PA-10003416,Office Supplies,Paper,33,2,0,3.3,3.17,Medium,2011
CA-2011-770,2011-07-28,2011-08-02,Standard Class,Philisse Overcash,Home Office,Canada,Canada,Canada,OFF-ADV-10001437,Office Supplies,Fasteners,56,4,0,8.4,2.47,Medium,2011
IN-2011-22830,2011-07-28,2011-07-30,First Class,Bryan Mills,Consumer,Indonesia,APAC,Southeast Asia,OFF-LA-10000108,Office Supplies,Labels,14,2,0.47,-3.13,1.95,Medium,2011
CA-2011-131541,2011-07-28,2011-07-28,Same Day,Chloris Kastensmidt,Consumer,United States,US,South,OFF-FA-10000621,Office Supplies,Fasteners,14,5,0.2,5.19,1.84,High,2011
IZ-2011-600,2011-07-28,2011-07-28,Same Day,Daniel Byrd,Home Office,Iraq,EMEA,EMEA,OFF-CAR-10000202,Office Supplies,Binders,98,2,0,39.36,1.71,Medium,2011
MX-2011-144827,2011-07-29,2011-07-31,Second Class,Giulietta Dortch,Corporate,Mexico,LATAM,North,FUR-CH-10001455,Furniture,Chairs,470,5,0.2,5.88,76.53,Critical,2011
ID-2011-17286,2011-07-29,2011-08-02,Second Class,Charlotte Melton,Consumer,Thailand,APAC,Southeast Asia,OFF-ST-10000752,Office Supplies,Storage,217,3,0.47,-24.63,40.3,High,2011
ES-2011-2041772,2011-07-29,2011-07-31,Second Class,Corey Catlett,Corporate,Germany,EU,Central,FUR-FU-10002019,Furniture,Furnishings,116,2,0,20.88,32.17,Critical,2011
MX-2011-144827,2011-07-29,2011-07-31,Second Class,Giulietta Dortch,Corporate,Mexico,LATAM,North,FUR-FU-10004339,Furniture,Furnishings,132,3,0.4,-37.45,29.36,Critical,2011
ES-2011-3864297,2011-07-29,2011-08-05,Standard Class,Clytie Kelty,Consumer,Germany,EU,Central,FUR-CH-10002085,Furniture,Chairs,164,5,0.6,-69.99,18.88,Low,2011
IN-2011-73244,2011-07-29,2011-08-01,First Class,Neil Französisch,Home Office,India,APAC,Central Asia,OFF-SU-10000649,Office Supplies,Supplies,107,3,0,0.99,16.64,Medium,2011
ID-2011-17286,2011-07-29,2011-08-02,Second Class,Charlotte Melton,Consumer,Thailand,APAC,Southeast Asia,TEC-AC-10002255,Technology,Accessories,183,5,0.47,-31.25,15.11,High,2011
ID-2011-53525,2011-07-29,2011-08-01,First Class,Valerie Mitchum,Home Office,Indonesia,APAC,Southeast Asia,TEC-AC-10000896,Technology,Accessories,63,2,0.47,-35.6,14.92,High,2011
MX-2011-144827,2011-07-29,2011-07-31,Second Class,Giulietta Dortch,Corporate,Mexico,LATAM,North,OFF-PA-10001004,Office Supplies,Paper,70,6,0,25.32,14.74,Critical,2011
MX-2011-144827,2011-07-29,2011-07-31,Second Class,Giulietta Dortch,Corporate,Mexico,LATAM,North,OFF-ST-10002466,Office Supplies,Storage,43,6,0,17.16,10.88,Critical,2011
IR-2011-1690,2011-07-29,2011-08-03,Standard Class,Jack Lebron,Consumer,Iran,EMEA,EMEA,OFF-SME-10004370,Office Supplies,Storage,127,1,0,1.26,9.84,Medium,2011
IT-2011-1626202,2011-07-29,2011-08-01,First Class,Aaron Hawkins,Corporate,United Kingdom,EU,North,OFF-FA-10003931,Office Supplies,Fasteners,55,8,0.5,-44.16,5.15,Medium,2011
AU-2011-9050,2011-07-29,2011-08-03,Standard Class,Jack Lebron,Consumer,Austria,EMEA,EMEA,TEC-EPS-10004171,Technology,Machines,44,1,0,15.66,4.68,Medium,2011
ES-2011-3864297,2011-07-29,2011-08-05,Standard Class,Clytie Kelty,Consumer,Germany,EU,Central,OFF-AR-10001606,Office Supplies,Art,30,3,0.5,-10.31,3.52,Low,2011
IN-2011-19953,2011-07-29,2011-08-03,Standard Class,Steven Cartwright,Consumer,India,APAC,Central Asia,OFF-EN-10002556,Office Supplies,Envelopes,17,1,0,7.32,2.04,Medium,2011
IR-2011-1690,2011-07-29,2011-08-03,Standard Class,Jack Lebron,Consumer,Iran,EMEA,EMEA,FUR-ADV-10004395,Furniture,Furnishings,42,1,0,21.03,1.74,Medium,2011
ES-2011-3864297,2011-07-29,2011-08-05,Standard Class,Clytie Kelty,Consumer,Germany,EU,Central,OFF-BI-10001124,Office Supplies,Binders,20,3,0.5,-16.97,1.63,Low,2011
AU-2011-9050,2011-07-29,2011-08-03,Standard Class,Jack Lebron,Consumer,Austria,EMEA,EMEA,OFF-SAN-10001862,Office Supplies,Art,16,1,0,0.63,1.16,Medium,2011
IN-2011-44145,2011-07-30,2011-08-03,Standard Class,Heather Jas,Home Office,Indonesia,APAC,Southeast Asia,OFF-AP-10001931,Office Supplies,Appliances,1340,3,0.17,371.4,168.55,High,2011
IN-2011-44145,2011-07-30,2011-08-03,Standard Class,Heather Jas,Home Office,Indonesia,APAC,Southeast Asia,OFF-AP-10003500,Office Supplies,Appliances,512,2,0.17,67.8,88.19,High,2011
ID-2011-22011,2011-07-30,2011-08-02,Second Class,Corey Roper,Home Office,South Korea,APAC,North Asia,OFF-ST-10002650,Office Supplies,Storage,619,6,0.5,-223.02,87.75,High,2011
CA-2011-111192,2011-07-30,2011-08-05,Standard Class,Tom Stivers,Corporate,United States,US,West,FUR-BO-10002916,Furniture,Bookcases,1368,8,0,259.89,70.66,Medium,2011
IN-2011-66678,2011-07-30,2011-08-04,Standard Class,Dionis Lloyd,Corporate,Afghanistan,APAC,Central Asia,OFF-AR-10003962,Office Supplies,Art,178,9,0,76.41,11,Medium,2011
IZ-2011-7730,2011-07-30,2011-08-05,Standard Class,Sanjit Chand,Consumer,Iraq,EMEA,EMEA,TEC-OKI-10000794,Technology,Machines,101,2,0,1.98,3.57,Medium,2011
IZ-2011-7730,2011-07-30,2011-08-05,Standard Class,Sanjit Chand,Consumer,Iraq,EMEA,EMEA,TEC-ENE-10003125,Technology,Accessories,43,1,0,15.48,2.86,Medium,2011
ID-2011-22011,2011-07-30,2011-08-02,Second Class,Corey Roper,Home Office,South Korea,APAC,North Asia,OFF-BI-10001200,Office Supplies,Binders,22,3,0.5,-18.63,2.5,High,2011
ID-2011-22011,2011-07-30,2011-08-02,Second Class,Corey Roper,Home Office,South Korea,APAC,North Asia,OFF-FA-10002175,Office Supplies,Fasteners,19,3,0.5,-1.17,1.34,High,2011
IN-2011-44145,2011-07-30,2011-08-03,Standard Class,Heather Jas,Home Office,Indonesia,APAC,Southeast Asia,OFF-LA-10002088,Office Supplies,Labels,3,1,0.47,-0.01,0.28,High,2011
ES-2011-4805316,2011-07-31,2011-08-03,Second Class,Emily Phan,Consumer,Germany,EU,Central,FUR-FU-10004459,Furniture,Furnishings,85,2,0,15.3,31.71,Critical,2011
ID-2011-35045,2011-07-31,2011-08-03,First Class,Rachel Payne,Corporate,Indonesia,APAC,Southeast Asia,FUR-FU-10002699,Furniture,Furnishings,83,2,0.27,-2.31,22.47,Critical,2011
ID-2011-35045,2011-07-31,2011-08-03,First Class,Rachel Payne,Corporate,Indonesia,APAC,Southeast Asia,TEC-AC-10001987,Technology,Accessories,72,3,0.47,-25.97,17.42,Critical,2011
ES-2011-4261696,2011-07-31,2011-08-04,Standard Class,Muhammed MacIntyre,Corporate,Belgium,EU,Central,OFF-SU-10002451,Office Supplies,Supplies,160,6,0,67.14,15.31,High,2011
ES-2011-4805316,2011-07-31,2011-08-03,Second Class,Emily Phan,Consumer,Germany,EU,Central,OFF-LA-10003210,Office Supplies,Labels,26,2,0,7.14,7.65,Critical,2011
ES-2011-4261696,2011-07-31,2011-08-04,Standard Class,Muhammed MacIntyre,Corporate,Belgium,EU,Central,OFF-BI-10000329,Office Supplies,Binders,50,3,0,13.95,4.98,High,2011
IN-2011-75673,2011-08-01,2011-08-02,First Class,Meg Tillman,Consumer,China,APAC,North Asia,TEC-CO-10000129,Technology,Copiers,1158,6,0,254.52,184.92,High,2011
IN-2011-75673,2011-08-01,2011-08-02,First Class,Meg Tillman,Consumer,China,APAC,North Asia,TEC-MA-10000429,Technology,Machines,517,3,0,165.42,133.56,High,2011
TU-2011-9230,2011-08-01,2011-08-05,Standard Class,Jamie Frazer,Consumer,Turkey,EMEA,EMEA,FUR-OFF-10002542,Furniture,Chairs,1504,8,0.6,-1842.1,126.17,High,2011
SU-2011-3310,2011-08-01,2011-08-06,Standard Class,Chuck Sachs,Consumer,Sudan,Africa,Africa,FUR-SAF-10002180,Furniture,Chairs,923,2,0,9.18,69.1,Medium,2011
ES-2011-2264751,2011-08-01,2011-08-08,Standard Class,Carol Triggs,Consumer,France,EU,Central,FUR-CH-10003440,Furniture,Chairs,270,3,0.1,75.08,26.31,Low,2011
ES-2011-5532122,2011-08-01,2011-08-03,Second Class,Ross DeVincentis,Home Office,Germany,EU,Central,TEC-AC-10001486,Technology,Accessories,217,5,0,21.6,25.25,High,2011
LO-2011-7110,2011-08-01,2011-08-05,Standard Class,John Lucas,Consumer,Slovakia,EMEA,EMEA,OFF-ROG-10001399,Office Supplies,Storage,249,4,0,19.8,24.81,High,2011
EG-2011-8320,2011-08-01,2011-08-04,First Class,Harry Greene,Consumer,Egypt,Africa,Africa,OFF-STA-10004108,Office Supplies,Art,99,2,0,23.82,22.71,High,2011
LO-2011-7110,2011-08-01,2011-08-05,Standard Class,John Lucas,Consumer,Slovakia,EMEA,EMEA,OFF-CUI-10000140,Office Supplies,Appliances,279,1,0,0,16.58,High,2011
ES-2011-5532122,2011-08-01,2011-08-03,Second Class,Ross DeVincentis,Home Office,Germany,EU,Central,OFF-ST-10003414,Office Supplies,Storage,99,2,0.1,9.91,15.5,High,2011
NI-2011-4760,2011-08-01,2011-08-03,Second Class,Darrin Van Huff,Corporate,Nigeria,Africa,Africa,OFF-HOO-10002715,Office Supplies,Appliances,40,2,0.7,-89.74,11.29,Critical,2011
ES-2011-5532122,2011-08-01,2011-08-03,Second Class,Ross DeVincentis,Home Office,Germany,EU,Central,OFF-FA-10001097,Office Supplies,Fasteners,80,7,0,0.63,11.28,High,2011
IN-2011-75673,2011-08-01,2011-08-02,First Class,Meg Tillman,Consumer,China,APAC,North Asia,OFF-EN-10004173,Office Supplies,Envelopes,52,3,0,11.52,10.31,High,2011
IN-2011-77885,2011-08-01,2011-08-06,Standard Class,Jill Fjeld,Consumer,Philippines,APAC,Southeast Asia,FUR-BO-10003086,Furniture,Bookcases,253,1,0.35,-35.09,10,Medium,2011
SA-2011-4390,2011-08-01,2011-08-07,Standard Class,Lena Cacioppo,Consumer,Saudi Arabia,EMEA,EMEA,OFF-STI-10002716,Office Supplies,Supplies,196,6,0,90,9.99,Medium,2011
ES-2011-5532122,2011-08-01,2011-08-03,Second Class,Ross DeVincentis,Home Office,Germany,EU,Central,OFF-AR-10001418,Office Supplies,Art,53,2,0,14.94,8.6,High,2011
NI-2011-5880,2011-08-01,2011-08-06,Standard Class,John Lee,Consumer,Nigeria,Africa,Africa,OFF-CAR-10004661,Office Supplies,Binders,90,6,0.7,-147.55,8.11,Medium,2011
NI-2011-4760,2011-08-01,2011-08-03,Second Class,Darrin Van Huff,Corporate,Nigeria,Africa,Africa,OFF-ELD-10000151,Office Supplies,Storage,38,1,0.7,-74.19,8.04,Critical,2011
LO-2011-7110,2011-08-01,2011-08-05,Standard Class,John Lucas,Consumer,Slovakia,EMEA,EMEA,FUR-TEN-10000407,Furniture,Furnishings,85,2,0,13.56,7.64,High,2011
IN-2011-77885,2011-08-01,2011-08-06,Standard Class,Jill Fjeld,Consumer,Philippines,APAC,Southeast Asia,TEC-AC-10003734,Technology,Accessories,103,4,0.45,1.84,7.42,Medium,2011
CA-2011-117345,2011-08-01,2011-08-05,Standard Class,Barbara Fisher,Corporate,United States,US,South,OFF-PA-10002377,Office Supplies,Paper,78,2,0.2,29.36,7.09,Medium,2011
CA-2011-117345,2011-08-01,2011-08-05,Standard Class,Barbara Fisher,Corporate,United States,US,South,OFF-AP-10001005,Office Supplies,Appliances,63,1,0.2,10.22,5.62,Medium,2011
TU-2011-9230,2011-08-01,2011-08-05,Standard Class,Jamie Frazer,Consumer,Turkey,EMEA,EMEA,OFF-ACM-10003510,Office Supplies,Supplies,41,4,0.6,-51.94,5.39,High,2011
CA-2011-117345,2011-08-01,2011-08-05,Standard Class,Barbara Fisher,Corporate,United States,US,South,FUR-FU-10000629,Furniture,Furnishings,44,4,0.2,12.14,4.31,Medium,2011
TU-2011-9700,2011-08-01,2011-08-05,Standard Class,Fred Hopkins,Corporate,Turkey,EMEA,EMEA,TEC-SAN-10003793,Technology,Accessories,44,1,0.6,-46.3,4.17,Medium,2011
CA-2011-152296,2011-08-01,2011-08-03,First Class,Ivan Liston,Consumer,United States,US,West,OFF-BI-10004506,Office Supplies,Binders,20,3,0.2,6.91,3.23,High,2011
LO-2011-7110,2011-08-01,2011-08-05,Standard Class,John Lucas,Consumer,Slovakia,EMEA,EMEA,OFF-CAR-10000687,Office Supplies,Binders,24,2,0,0.96,2.39,High,2011
NI-2011-4760,2011-08-01,2011-08-03,Second Class,Darrin Van Huff,Corporate,Nigeria,Africa,Africa,OFF-IBI-10004074,Office Supplies,Binders,9,1,0.7,-9,2.07,Critical,2011
IN-2011-77885,2011-08-01,2011-08-06,Standard Class,Jill Fjeld,Consumer,Philippines,APAC,Southeast Asia,OFF-PA-10000048,Office Supplies,Paper,25,3,0.45,-19.36,1.94,Medium,2011
IR-2011-6870,2011-08-01,2011-08-05,Standard Class,Ken Brennan,Corporate,Iran,EMEA,EMEA,OFF-AVE-10004708,Office Supplies,Binders,13,1,0,6.09,1.26,Medium,2011
NI-2011-4760,2011-08-01,2011-08-03,Second Class,Darrin Van Huff,Corporate,Nigeria,Africa,Africa,OFF-AVE-10004570,Office Supplies,Binders,3,1,0.7,-4.33,1.14,Critical,2011
SA-2011-4390,2011-08-01,2011-08-07,Standard Class,Lena Cacioppo,Consumer,Saudi Arabia,EMEA,EMEA,OFF-ADV-10004598,Office Supplies,Fasteners,13,1,0,3.21,1.11,Medium,2011
SU-2011-3310,2011-08-01,2011-08-06,Standard Class,Chuck Sachs,Consumer,Sudan,Africa,Africa,OFF-AVE-10003504,Office Supplies,Labels,12,1,0,5.37,1.08,Medium,2011
TU-2011-2420,2011-08-01,2011-08-06,Standard Class,Dave Hallsten,Corporate,Turkey,EMEA,EMEA,TEC-ENE-10000895,Technology,Accessories,16,1,0.6,-19.34,0.97,High,2011
CA-2011-117345,2011-08-01,2011-08-05,Standard Class,Barbara Fisher,Corporate,United States,US,South,OFF-LA-10000240,Office Supplies,Labels,18,3,0.2,5.92,0.93,Medium,2011
CG-2011-7090,2011-08-01,2011-08-07,Standard Class,Andy Gerbode,Corporate,Democratic Republic of the Congo,Africa,Africa,OFF-HAR-10001855,Office Supplies,Labels,13,2,0,5.22,0.83,Medium,2011
TU-2011-9230,2011-08-01,2011-08-05,Standard Class,Jamie Frazer,Consumer,Turkey,EMEA,EMEA,OFF-STA-10002719,Office Supplies,Art,10,1,0.6,-6.77,0.81,High,2011
CA-2011-162684,2011-08-01,2011-08-06,Standard Class,Ann Steele,Home Office,United States,US,East,OFF-FA-10000992,Office Supplies,Fasteners,6,2,0.2,1.92,0.77,High,2011
TU-2011-9230,2011-08-01,2011-08-05,Standard Class,Jamie Frazer,Consumer,Turkey,EMEA,EMEA,OFF-FEL-10000998,Office Supplies,Storage,8,1,0.6,-10.66,0.72,High,2011
NI-2011-4760,2011-08-01,2011-08-03,Second Class,Darrin Van Huff,Corporate,Nigeria,Africa,Africa,OFF-CAR-10002054,Office Supplies,Binders,2,1,0.7,-1.58,0.25,Critical,2011
US-2011-106299,2011-08-02,2011-08-08,Standard Class,Nick Zandusky,Home Office,United States,US,Central,OFF-ST-10002011,Office Supplies,Storage,838,2,0,226.36,103.4,Medium,2011
NI-2011-7830,2011-08-02,2011-08-04,First Class,Benjamin Patterson,Consumer,Nigeria,Africa,Africa,FUR-SAF-10001793,Furniture,Chairs,275,2,0.7,-211.14,84.61,High,2011
IN-2011-67840,2011-08-02,2011-08-07,Standard Class,Vivek Grady,Corporate,India,APAC,Central Asia,FUR-CH-10000660,Furniture,Chairs,911,2,0,282.42,83.97,Medium,2011
NI-2011-7830,2011-08-02,2011-08-04,First Class,Benjamin Patterson,Consumer,Nigeria,Africa,Africa,TEC-SHA-10000971,Technology,Copiers,178,2,0.7,-368.41,62.43,High,2011
MX-2011-165834,2011-08-02,2011-08-09,Standard Class,Eric Murdock,Consumer,Mexico,LATAM,North,FUR-CH-10001270,Furniture,Chairs,848,12,0.2,222.43,45.1,Medium,2011
NI-2011-7830,2011-08-02,2011-08-04,First Class,Benjamin Patterson,Consumer,Nigeria,Africa,Africa,FUR-BAR-10003465,Furniture,Tables,143,1,0.7,-275.76,39.49,High,2011
GH-2011-8290,2011-08-02,2011-08-06,Standard Class,Craig Carreira,Consumer,Ghana,Africa,Africa,OFF-SAN-10002323,Office Supplies,Art,280,6,0,131.76,25.97,High,2011
IN-2011-52125,2011-08-02,2011-08-03,First Class,Rick Hansen,Consumer,China,APAC,North Asia,FUR-CH-10000110,Furniture,Chairs,90,2,0,38.82,22.38,High,2011
GH-2011-8290,2011-08-02,2011-08-06,Standard Class,Craig Carreira,Consumer,Ghana,Africa,Africa,OFF-XER-10002256,Office Supplies,Paper,158,6,0,31.5,19.67,High,2011
NI-2011-7830,2011-08-02,2011-08-04,First Class,Benjamin Patterson,Consumer,Nigeria,Africa,Africa,OFF-ELD-10003038,Office Supplies,Storage,87,6,0.7,-125.06,17.98,High,2011
GH-2011-8290,2011-08-02,2011-08-06,Standard Class,Craig Carreira,Consumer,Ghana,Africa,Africa,OFF-STA-10001636,Office Supplies,Art,102,4,0,33.48,15.19,High,2011
MX-2011-135601,2011-08-02,2011-08-08,Standard Class,Rick Bensley,Home Office,Mexico,LATAM,North,OFF-PA-10004600,Office Supplies,Paper,180,6,0,61.08,12.6,Medium,2011
GH-2011-8290,2011-08-02,2011-08-06,Standard Class,Craig Carreira,Consumer,Ghana,Africa,Africa,OFF-ACC-10000102,Office Supplies,Binders,101,2,0,11.1,12.06,High,2011
ID-2011-17237,2011-08-02,2011-08-08,Standard Class,Vicky Freymann,Home Office,Philippines,APAC,Southeast Asia,TEC-MA-10001831,Technology,Machines,263,2,0.25,-66.65,9.66,Medium,2011
IN-2011-67840,2011-08-02,2011-08-07,Standard Class,Vivek Grady,Corporate,India,APAC,Central Asia,OFF-SU-10000866,Office Supplies,Supplies,115,3,0,13.77,7.61,Medium,2011
MX-2011-165834,2011-08-02,2011-08-09,Standard Class,Eric Murdock,Consumer,Mexico,LATAM,North,OFF-SU-10004119,Office Supplies,Supplies,88,3,0,35.16,7.47,Medium,2011
IN-2011-81434,2011-08-02,2011-08-06,Standard Class,Jeremy Farry,Consumer,New Zealand,APAC,Oceania,TEC-AC-10004406,Technology,Accessories,143,2,0,9.96,7.29,Medium,2011
NI-2011-7830,2011-08-02,2011-08-04,First Class,Benjamin Patterson,Consumer,Nigeria,Africa,Africa,FUR-BUS-10004121,Furniture,Bookcases,44,1,0.7,-80.25,6.29,High,2011
MX-2011-165834,2011-08-02,2011-08-09,Standard Class,Eric Murdock,Consumer,Mexico,LATAM,North,OFF-FA-10003007,Office Supplies,Fasteners,97,10,0,23.2,4.79,Medium,2011
NI-2011-7830,2011-08-02,2011-08-04,First Class,Benjamin Patterson,Consumer,Nigeria,Africa,Africa,OFF-ELI-10000044,Office Supplies,Supplies,19,6,0.7,-32.76,4.56,High,2011
MX-2011-128083,2011-08-02,2011-08-03,First Class,Joni Sundaresam,Home Office,Honduras,LATAM,Central,OFF-EN-10003661,Office Supplies,Envelopes,13,4,0.4,0.42,4.3,Critical,2011
ID-2011-17237,2011-08-02,2011-08-08,Standard Class,Vicky Freymann,Home Office,Philippines,APAC,Southeast Asia,TEC-AC-10001835,Technology,Accessories,116,5,0.45,-65.57,4.19,Medium,2011
NI-2011-7830,2011-08-02,2011-08-04,First Class,Benjamin Patterson,Consumer,Nigeria,Africa,Africa,OFF-BIN-10000837,Office Supplies,Art,29,4,0.7,-29.33,3.09,High,2011
MX-2011-165834,2011-08-02,2011-08-09,Standard Class,Eric Murdock,Consumer,Mexico,LATAM,North,OFF-EN-10003675,Office Supplies,Envelopes,62,2,0,29.8,2.88,Medium,2011
IN-2011-83590,2011-08-02,2011-08-07,Second Class,Quincy Jones,Corporate,New Zealand,APAC,Oceania,OFF-AR-10000706,Office Supplies,Art,34,2,0,11.22,2.5,Medium,2011
US-2011-106299,2011-08-02,2011-08-08,Standard Class,Nick Zandusky,Home Office,United States,US,Central,OFF-BI-10001758,Office Supplies,Binders,27,5,0,12.55,1.96,Medium,2011
ES-2011-4188705,2011-08-02,2011-08-06,Standard Class,Nancy Lomonaco,Home Office,France,EU,Central,OFF-LA-10001413,Office Supplies,Labels,23,2,0,6.36,1.6,Medium,2011
MX-2011-165834,2011-08-02,2011-08-09,Standard Class,Eric Murdock,Consumer,Mexico,LATAM,North,OFF-LA-10001019,Office Supplies,Labels,29,4,0,6.32,1.56,Medium,2011
NI-2011-7830,2011-08-02,2011-08-04,First Class,Benjamin Patterson,Consumer,Nigeria,Africa,Africa,OFF-EAT-10001137,Office Supplies,Paper,11,2,0.7,-17.63,1.18,High,2011
US-2011-106299,2011-08-02,2011-08-08,Standard Class,Nick Zandusky,Home Office,United States,US,Central,TEC-AC-10003237,Technology,Accessories,21,2,0,9.12,0.94,Medium,2011
NI-2011-7830,2011-08-02,2011-08-04,First Class,Benjamin Patterson,Consumer,Nigeria,Africa,Africa,OFF-ACC-10002327,Office Supplies,Fasteners,4,1,0.7,-7.05,0.83,High,2011
IV-2011-7240,2011-08-02,2011-08-08,Standard Class,Rick Huthwaite,Home Office,Cote dIvoire,Africa,Africa,OFF-IBI-10000779,Office Supplies,Binders,10,1,0,3.51,0.22,Medium,2011
NI-2011-7830,2011-08-02,2011-08-04,First Class,Benjamin Patterson,Consumer,Nigeria,Africa,Africa,FUR-TEN-10004549,Furniture,Furnishings,5,1,0.7,-9.28,0.14,High,2011
IN-2011-51740,2011-08-03,2011-08-06,Second Class,Don Miller,Corporate,India,APAC,Central Asia,TEC-PH-10000720,Technology,Phones,841,5,0,319.35,296.68,Critical,2011
ID-2011-78592,2011-08-03,2011-08-07,Standard Class,Logan Haushalter,Consumer,South Korea,APAC,North Asia,FUR-BO-10001822,Furniture,Bookcases,2605,9,0.2,-553.88,202.08,Medium,2011
RS-2011-2850,2011-08-03,2011-08-05,Second Class,Mitch Webber,Consumer,Russia,EMEA,EMEA,OFF-HOO-10000445,Office Supplies,Appliances,526,1,0,162.96,79.42,High,2011
IN-2011-51698,2011-08-03,2011-08-07,Standard Class,Kristina Nunn,Home Office,China,APAC,North Asia,TEC-CO-10002057,Technology,Copiers,713,3,0,128.25,73.51,Medium,2011
IS-2011-4410,2011-08-03,2011-08-07,Standard Class,James Lanier,Home Office,Israel,EMEA,EMEA,OFF-AME-10001009,Office Supplies,Envelopes,361,8,0,140.64,65.51,High,2011
ES-2011-2230157,2011-08-03,2011-08-07,Standard Class,Jason Gross,Corporate,France,EU,Central,FUR-CH-10004095,Furniture,Chairs,646,9,0.1,50.22,43.18,Medium,2011
IN-2011-51698,2011-08-03,2011-08-07,Standard Class,Kristina Nunn,Home Office,China,APAC,North Asia,FUR-BO-10003185,Furniture,Bookcases,509,3,0,5.04,36.73,Medium,2011
IS-2011-7290,2011-08-03,2011-08-09,Standard Class,Raymond Messe,Consumer,Israel,EMEA,EMEA,FUR-IKE-10003015,Furniture,Bookcases,366,1,0,18.27,35.32,Medium,2011
CA-2011-133690,2011-08-03,2011-08-05,First Class,Bruce Stewart,Consumer,United States,US,West,FUR-TA-10004289,Furniture,Tables,219,2,0.5,-161.88,30.18,High,2011
ES-2011-2230157,2011-08-03,2011-08-07,Standard Class,Jason Gross,Corporate,France,EU,Central,TEC-PH-10000705,Technology,Phones,388,6,0.15,27.26,25.55,Medium,2011
IN-2011-17916,2011-08-03,2011-08-07,Standard Class,John Grady,Corporate,Vietnam,APAC,Southeast Asia,TEC-MA-10003338,Technology,Machines,136,2,0.17,18.02,25.16,High,2011
SG-2011-8430,2011-08-03,2011-08-05,First Class,Harry Marie,Corporate,Senegal,Africa,Africa,OFF-TEN-10004194,Office Supplies,Storage,135,1,0,63.24,23.83,Critical,2011
ES-2011-5384617,2011-08-03,2011-08-07,Standard Class,Dan Campbell,Consumer,France,EU,Central,OFF-SU-10002094,Office Supplies,Supplies,148,5,0,60.6,23.73,High,2011
IT-2011-3760449,2011-08-03,2011-08-05,Second Class,Denise Leinenbach,Consumer,Germany,EU,Central,FUR-CH-10002335,Furniture,Chairs,195,3,0.2,65.9,22.88,Critical,2011
ES-2011-1679370,2011-08-03,2011-08-07,Standard Class,Ruben Ausman,Corporate,United Kingdom,EU,North,FUR-CH-10001802,Furniture,Chairs,387,3,0,46.44,22.18,Medium,2011
ID-2011-78592,2011-08-03,2011-08-07,Standard Class,Logan Haushalter,Consumer,South Korea,APAC,North Asia,FUR-CH-10002060,Furniture,Chairs,330,3,0.2,-12.42,21.43,Medium,2011
MX-2011-131996,2011-08-03,2011-08-07,Standard Class,Craig Molinari,Corporate,Cuba,LATAM,Caribbean,TEC-PH-10003522,Technology,Phones,149,3,0,67.08,20.45,High,2011
IS-2011-7290,2011-08-03,2011-08-09,Standard Class,Raymond Messe,Consumer,Israel,EMEA,EMEA,FUR-NOV-10000123,Furniture,Chairs,263,2,0,47.28,18.36,Medium,2011
IT-2011-3760449,2011-08-03,2011-08-05,Second Class,Denise Leinenbach,Consumer,Germany,EU,Central,OFF-EN-10004150,Office Supplies,Envelopes,58,4,0.1,21.86,15.2,Critical,2011
ES-2011-2954601,2011-08-03,2011-08-06,Second Class,George Ashbrook,Consumer,Germany,EU,Central,TEC-PH-10000270,Technology,Phones,65,1,0,24.84,14.25,Critical,2011
IN-2011-76821,2011-08-03,2011-08-08,Standard Class,Greg Guthrie,Corporate,China,APAC,North Asia,OFF-PA-10001258,Office Supplies,Paper,299,6,0,26.82,13.51,Medium,2011
CA-2011-128986,2011-08-03,2011-08-05,Second Class,Gary Hansen,Home Office,United States,US,West,OFF-PA-10001289,Office Supplies,Paper,93,3,0.2,33.72,12.08,High,2011
MX-2011-131996,2011-08-03,2011-08-07,Standard Class,Craig Molinari,Corporate,Cuba,LATAM,Caribbean,OFF-AR-10002486,Office Supplies,Art,77,4,0,22.4,10.39,High,2011
MX-2011-137120,2011-08-03,2011-08-06,Second Class,Heather Jas,Home Office,El Salvador,LATAM,Central,OFF-ST-10000035,Office Supplies,Storage,47,3,0,0.9,8.75,Critical,2011
IN-2011-51740,2011-08-03,2011-08-06,Second Class,Don Miller,Corporate,India,APAC,Central Asia,OFF-FA-10003819,Office Supplies,Fasteners,42,3,0,14.22,8.74,Critical,2011
ES-2011-5585896,2011-08-03,2011-08-08,Standard Class,Khloe Miller,Consumer,France,EU,Central,OFF-BI-10001192,Office Supplies,Binders,66,5,0,1.95,8.56,High,2011
CA-2011-125612,2011-08-03,2011-08-08,Standard Class,Berenike Kampe,Consumer,United States,US,East,OFF-SU-10002537,Office Supplies,Supplies,102,10,0,26.6,7.96,Medium,2011
ID-2011-78592,2011-08-03,2011-08-07,Standard Class,Logan Haushalter,Consumer,South Korea,APAC,North Asia,FUR-FU-10002829,Furniture,Furnishings,161,4,0.2,-26.21,7.44,Medium,2011
IN-2011-76821,2011-08-03,2011-08-08,Standard Class,Greg Guthrie,Corporate,China,APAC,North Asia,OFF-LA-10002875,Office Supplies,Labels,80,9,0,24.57,6.47,Medium,2011
IN-2011-51740,2011-08-03,2011-08-06,Second Class,Don Miller,Corporate,India,APAC,Central Asia,OFF-EN-10000296,Office Supplies,Envelopes,51,3,0,4.05,6.3,Critical,2011
IT-2011-3760449,2011-08-03,2011-08-05,Second Class,Denise Leinenbach,Consumer,Germany,EU,Central,OFF-AR-10002485,Office Supplies,Art,48,2,0.1,-0.59,5.47,Critical,2011
MX-2011-137120,2011-08-03,2011-08-06,Second Class,Heather Jas,Home Office,El Salvador,LATAM,Central,OFF-LA-10003503,Office Supplies,Labels,24,4,0,6.24,5.21,Critical,2011
MX-2011-131996,2011-08-03,2011-08-07,Standard Class,Craig Molinari,Corporate,Cuba,LATAM,Caribbean,OFF-FA-10002491,Office Supplies,Fasteners,33,3,0,11.88,4.08,High,2011
CA-2011-125612,2011-08-03,2011-08-08,Standard Class,Berenike Kampe,Consumer,United States,US,East,OFF-PA-10001019,Office Supplies,Paper,40,2,0,18.78,3.77,Medium,2011
IS-2011-4410,2011-08-03,2011-08-07,Standard Class,James Lanier,Home Office,Israel,EMEA,EMEA,OFF-EAT-10002068,Office Supplies,Paper,27,1,0,0,3.33,High,2011
ES-2011-2230157,2011-08-03,2011-08-07,Standard Class,Jason Gross,Corporate,France,EU,Central,OFF-SU-10003556,Office Supplies,Supplies,88,2,0,32.46,3.01,Medium,2011
IS-2011-4410,2011-08-03,2011-08-07,Standard Class,James Lanier,Home Office,Israel,EMEA,EMEA,OFF-WIL-10002153,Office Supplies,Binders,27,1,0,7.68,2.71,High,2011
TU-2011-3610,2011-08-03,2011-08-06,Second Class,Jocasta Rupert,Consumer,Turkey,EMEA,EMEA,OFF-SME-10002417,Office Supplies,Storage,19,1,0.6,-13.6,2.64,High,2011
MX-2011-131996,2011-08-03,2011-08-07,Standard Class,Craig Molinari,Corporate,Cuba,LATAM,Caribbean,OFF-AR-10002564,Office Supplies,Art,29,3,0,0.84,2.54,High,2011
IS-2011-7290,2011-08-03,2011-08-09,Standard Class,Raymond Messe,Consumer,Israel,EMEA,EMEA,OFF-BIC-10002440,Office Supplies,Art,49,1,0,8.73,2.41,Medium,2011
IN-2011-76821,2011-08-03,2011-08-08,Standard Class,Greg Guthrie,Corporate,China,APAC,North Asia,OFF-AR-10000251,Office Supplies,Art,70,3,0,18.99,2.13,Medium,2011
IN-2011-76821,2011-08-03,2011-08-08,Standard Class,Greg Guthrie,Corporate,China,APAC,North Asia,OFF-LA-10002851,Office Supplies,Labels,23,2,0,9,1.81,Medium,2011
MX-2011-123218,2011-08-03,2011-08-06,Second Class,Troy Staebel,Consumer,Mexico,LATAM,North,OFF-ST-10004382,Office Supplies,Storage,23,2,0,2.76,1.52,High,2011
IT-2011-3760449,2011-08-03,2011-08-05,Second Class,Denise Leinenbach,Consumer,Germany,EU,Central,OFF-SU-10003924,Office Supplies,Supplies,74,2,0.1,31.99,1.51,Critical,2011
CA-2011-125612,2011-08-03,2011-08-08,Standard Class,Berenike Kampe,Consumer,United States,US,East,OFF-ST-10003221,Office Supplies,Storage,21,2,0,5.77,1.39,Medium,2011
IS-2011-7290,2011-08-03,2011-08-09,Standard Class,Raymond Messe,Consumer,Israel,EMEA,EMEA,OFF-WIL-10001979,Office Supplies,Binders,11,1,0,2.64,0.62,Medium,2011
CA-2011-133690,2011-08-03,2011-08-05,First Class,Bruce Stewart,Consumer,United States,US,West,OFF-AP-10003622,Office Supplies,Appliances,3,1,0.2,0.29,0.59,High,2011
IN-2011-59685,2011-08-04,2011-08-08,Standard Class,Bryan Mills,Consumer,India,APAC,Central Asia,FUR-BO-10001934,Furniture,Bookcases,1455,4,0,116.4,179.62,Medium,2011
CA-2011-126361,2011-08-04,2011-08-09,Second Class,Valerie Dominguez,Consumer,United States,US,West,OFF-AP-10003590,Office Supplies,Appliances,1090,3,0,305.13,171.65,High,2011
ES-2011-5335946,2011-08-04,2011-08-10,Standard Class,Ryan Crowe,Consumer,United Kingdom,EU,North,TEC-PH-10003325,Technology,Phones,616,5,0,36.9,105.5,Low,2011
ES-2011-2469850,2011-08-04,2011-08-06,Second Class,Michelle Lonsdale,Corporate,France,EU,Central,OFF-AR-10004519,Office Supplies,Art,439,8,0,78.96,95.76,Critical,2011
IR-2011-6550,2011-08-04,2011-08-06,Second Class,Jennifer Patt,Corporate,Iran,EMEA,EMEA,FUR-BUS-10000332,Furniture,Bookcases,729,2,0,36.42,91.98,High,2011
SA-2011-1570,2011-08-04,2011-08-09,Standard Class,Ritsa Hightower,Consumer,Saudi Arabia,EMEA,EMEA,FUR-IKE-10004853,Furniture,Bookcases,1758,14,0,228.48,91.73,Medium,2011
IN-2011-59685,2011-08-04,2011-08-08,Standard Class,Bryan Mills,Consumer,India,APAC,Central Asia,TEC-CO-10001204,Technology,Copiers,963,4,0,154.08,87.26,Medium,2011
SA-2011-1570,2011-08-04,2011-08-09,Standard Class,Ritsa Hightower,Consumer,Saudi Arabia,EMEA,EMEA,FUR-IKE-10003682,Furniture,Bookcases,735,6,0,29.34,69.66,Medium,2011
CA-2011-126361,2011-08-04,2011-08-09,Second Class,Valerie Dominguez,Consumer,United States,US,West,OFF-PA-10000806,Office Supplies,Paper,448,8,0,219.44,64.74,High,2011
CA-2011-126361,2011-08-04,2011-08-09,Second Class,Valerie Dominguez,Consumer,United States,US,West,TEC-PH-10002310,Technology,Phones,400,5,0.2,35,53.41,High,2011
CA-2011-134215,2011-08-04,2011-08-08,Standard Class,Marina Lichtenstein,Corporate,United States,US,East,OFF-PA-10004353,Office Supplies,Paper,260,13,0,124.68,39.43,High,2011
IN-2011-59685,2011-08-04,2011-08-08,Standard Class,Bryan Mills,Consumer,India,APAC,Central Asia,TEC-AC-10002883,Technology,Accessories,351,5,0,144,31.2,Medium,2011
CA-2011-134215,2011-08-04,2011-08-08,Standard Class,Marina Lichtenstein,Corporate,United States,US,East,TEC-AC-10002473,Technology,Accessories,255,9,0,104.72,25.56,High,2011
MX-2011-105683,2011-08-04,2011-08-10,Standard Class,Lela Donovan,Corporate,Mexico,LATAM,North,TEC-PH-10003580,Technology,Phones,332,4,0,6.64,25.04,Medium,2011
SA-2011-1570,2011-08-04,2011-08-09,Standard Class,Ritsa Hightower,Consumer,Saudi Arabia,EMEA,EMEA,TEC-PAN-10004404,Technology,Machines,379,8,0,128.88,24.52,Medium,2011
SA-2011-1570,2011-08-04,2011-08-09,Standard Class,Ritsa Hightower,Consumer,Saudi Arabia,EMEA,EMEA,TEC-NOK-10002716,Technology,Phones,333,2,0,49.98,24.14,Medium,2011
MX-2011-137603,2011-08-04,2011-08-08,Standard Class,Shahid Hopkins,Consumer,Mexico,LATAM,North,TEC-MA-10001403,Technology,Machines,130,4,0,38.88,23.76,High,2011
MX-2011-137603,2011-08-04,2011-08-08,Standard Class,Shahid Hopkins,Consumer,Mexico,LATAM,North,OFF-ST-10002164,Office Supplies,Storage,283,2,0,90.48,19.48,High,2011
SA-2011-1570,2011-08-04,2011-08-09,Standard Class,Ritsa Hightower,Consumer,Saudi Arabia,EMEA,EMEA,OFF-GLO-10000014,Office Supplies,Envelopes,247,8,0,76.56,18.62,Medium,2011
IN-2011-74609,2011-08-04,2011-08-07,First Class,Edward Nazzal,Consumer,India,APAC,Central Asia,OFF-FA-10003186,Office Supplies,Fasteners,102,7,0,33.39,17.59,High,2011
ES-2011-5421072,2011-08-04,2011-08-09,Second Class,Barry Weirich,Consumer,Germany,EU,Central,OFF-AR-10003247,Office Supplies,Art,243,11,0,43.56,17.1,Medium,2011
ES-2011-5335946,2011-08-04,2011-08-10,Standard Class,Ryan Crowe,Consumer,United Kingdom,EU,North,OFF-ST-10003204,Office Supplies,Storage,164,3,0,16.38,16.18,Low,2011
IN-2011-14101,2011-08-04,2011-08-09,Second Class,Kelly Andreada,Consumer,Myanmar (Burma),APAC,Southeast Asia,OFF-AR-10001773,Office Supplies,Art,110,5,0.17,6.48,15.8,Medium,2011
CA-2011-126361,2011-08-04,2011-08-09,Second Class,Valerie Dominguez,Consumer,United States,US,West,OFF-ST-10002289,Office Supplies,Storage,159,5,0,7.95,15.1,High,2011
CA-2011-134215,2011-08-04,2011-08-08,Standard Class,Marina Lichtenstein,Corporate,United States,US,East,OFF-AP-10001271,Office Supplies,Appliances,102,2,0,27.53,14.52,High,2011
IR-2011-6550,2011-08-04,2011-08-06,Second Class,Jennifer Patt,Corporate,Iran,EMEA,EMEA,OFF-XER-10004012,Office Supplies,Paper,105,4,0,21,12.73,High,2011
SA-2011-1570,2011-08-04,2011-08-09,Standard Class,Ritsa Hightower,Consumer,Saudi Arabia,EMEA,EMEA,OFF-TEN-10002835,Office Supplies,Storage,205,1,0,57.27,11.94,Medium,2011
SA-2011-1570,2011-08-04,2011-08-09,Standard Class,Ritsa Hightower,Consumer,Saudi Arabia,EMEA,EMEA,FUR-DAN-10003334,Furniture,Bookcases,141,1,0,67.89,10.69,Medium,2011
IZ-2011-4920,2011-08-04,2011-08-11,Standard Class,Damala Kotsonis,Corporate,Iraq,EMEA,EMEA,TEC-CAN-10002337,Technology,Copiers,149,1,0,28.23,9.57,Medium,2011
SA-2011-1570,2011-08-04,2011-08-09,Standard Class,Ritsa Hightower,Consumer,Saudi Arabia,EMEA,EMEA,OFF-TEN-10000025,Office Supplies,Storage,204,1,0,53.07,8.7,Medium,2011
ID-2011-46231,2011-08-04,2011-08-09,Standard Class,Pauline Webber,Corporate,Australia,APAC,Oceania,OFF-ST-10004947,Office Supplies,Storage,124,1,0.1,-2.77,7.62,Medium,2011
ES-2011-2469850,2011-08-04,2011-08-06,Second Class,Michelle Lonsdale,Corporate,France,EU,Central,OFF-SU-10003629,Office Supplies,Supplies,41,3,0,6.57,7,Critical,2011
IN-2011-14101,2011-08-04,2011-08-09,Second Class,Kelly Andreada,Consumer,Myanmar (Burma),APAC,Southeast Asia,FUR-CH-10001756,Furniture,Chairs,141,4,0.27,30.95,6.7,Medium,2011
IR-2011-6550,2011-08-04,2011-08-06,Second Class,Jennifer Patt,Corporate,Iran,EMEA,EMEA,FUR-IKE-10003642,Furniture,Bookcases,144,1,0,4.29,5.85,High,2011
ES-2011-5335946,2011-08-04,2011-08-10,Standard Class,Ryan Crowe,Consumer,United Kingdom,EU,North,OFF-LA-10003969,Office Supplies,Labels,42,4,0,14.16,5.71,Low,2011
LI-2011-9960,2011-08-04,2011-08-06,Second Class,Lena Radford,Consumer,Liberia,Africa,Africa,OFF-SME-10001761,Office Supplies,Storage,49,1,0,11.85,3.09,Medium,2011
MX-2011-162999,2011-08-04,2011-08-08,Standard Class,Chris Cortes,Consumer,Mexico,LATAM,North,OFF-LA-10001038,Office Supplies,Labels,15,2,0,0,2.59,High,2011
MX-2011-137603,2011-08-04,2011-08-08,Standard Class,Shahid Hopkins,Consumer,Mexico,LATAM,North,OFF-EN-10000127,Office Supplies,Envelopes,36,5,0,17.1,1.86,High,2011
SA-2011-1570,2011-08-04,2011-08-09,Standard Class,Ritsa Hightower,Consumer,Saudi Arabia,EMEA,EMEA,OFF-IBI-10000959,Office Supplies,Binders,52,1,0,9.3,1.82,Medium,2011
IN-2011-52587,2011-08-04,2011-08-10,Standard Class,Richard Bierner,Consumer,Philippines,APAC,Southeast Asia,OFF-LA-10003141,Office Supplies,Labels,25,4,0.45,2.21,1.64,Medium,2011
CA-2011-126361,2011-08-04,2011-08-09,Second Class,Valerie Dominguez,Consumer,United States,US,West,OFF-BI-10002852,Office Supplies,Binders,13,1,0.2,4.78,1.57,High,2011
MX-2011-137603,2011-08-04,2011-08-08,Standard Class,Shahid Hopkins,Consumer,Mexico,LATAM,North,OFF-EN-10003850,Office Supplies,Envelopes,16,2,0,8,1.14,High,2011
TU-2011-2560,2011-08-04,2011-08-10,Standard Class,Cathy Prescott,Corporate,Turkey,EMEA,EMEA,OFF-BIC-10003800,Office Supplies,Art,12,1,0.6,-5.53,0.54,Medium,2011
CA-2011-126361,2011-08-04,2011-08-09,Second Class,Valerie Dominguez,Consumer,United States,US,West,OFF-AR-10000896,Office Supplies,Art,16,5,0,4.26,0.41,High,2011
ES-2011-5335946,2011-08-04,2011-08-10,Standard Class,Ryan Crowe,Consumer,United Kingdom,EU,North,OFF-LA-10003283,Office Supplies,Labels,8,1,0,1.14,0.37,Low,2011
ES-2011-5699335,2011-08-05,2011-08-08,First Class,Barry Weirich,Consumer,Germany,EU,Central,TEC-PH-10003847,Technology,Phones,586,8,0,87.84,172.82,Critical,2011
US-2011-117968,2011-08-05,2011-08-07,Second Class,Ricardo Sperren,Corporate,United States,US,East,FUR-CH-10002335,Furniture,Chairs,1133,5,0,294.67,115.77,High,2011
ES-2011-4256146,2011-08-05,2011-08-09,Standard Class,Toby Gnade,Consumer,Austria,EU,Central,FUR-CH-10004606,Furniture,Chairs,392,3,0,31.32,46.55,High,2011
MX-2011-146885,2011-08-05,2011-08-10,Standard Class,Paul Gonzalez,Consumer,Colombia,LATAM,South,TEC-CO-10001893,Technology,Copiers,722,3,0,251.69,40.36,Medium,2011
ES-2011-4256146,2011-08-05,2011-08-09,Standard Class,Toby Gnade,Consumer,Austria,EU,Central,OFF-PA-10000871,Office Supplies,Paper,235,5,0,7.05,36.16,High,2011
CG-2011-2540,2011-08-05,2011-08-10,Standard Class,Dave Poirier,Corporate,Democratic Republic of the Congo,Africa,Africa,TEC-HP -10004012,Technology,Copiers,248,2,0,39.6,34.37,High,2011
CA-2011-124723,2011-08-05,2011-08-12,Standard Class,Gary Zandusky,Consumer,United States,US,Central,FUR-TA-10001307,Furniture,Tables,489,2,0.3,41.93,21.2,Medium,2011
CA-2011-110065,2011-08-05,2011-08-11,Standard Class,Stephanie Phelps,Corporate,United States,US,East,TEC-PH-10002468,Technology,Phones,136,1,0,36.72,18.8,Medium,2011
CA-2011-118962,2011-08-05,2011-08-09,Standard Class,Chad Sievert,Consumer,United States,US,West,FUR-CH-10003817,Furniture,Chairs,340,7,0.2,21.26,15.03,Medium,2011
US-2011-159310,2011-08-05,2011-08-12,Standard Class,Julia Barnett,Home Office,Dominican Republic,LATAM,Caribbean,FUR-FU-10001175,Furniture,Furnishings,112,8,0.5,-100.96,14.74,Low,2011
MX-2011-146885,2011-08-05,2011-08-10,Standard Class,Paul Gonzalez,Consumer,Colombia,LATAM,South,OFF-PA-10000994,Office Supplies,Paper,124,7,0,49.7,9.94,Medium,2011
IT-2011-3708838,2011-08-05,2011-08-12,Standard Class,Bobby Odegard,Consumer,Netherlands,EU,Central,OFF-BI-10001621,Office Supplies,Binders,100,4,0.5,-43.86,8.49,Medium,2011
IN-2011-80461,2011-08-05,2011-08-07,Second Class,Naresj Patel,Consumer,New Zealand,APAC,Oceania,TEC-AC-10001611,Technology,Accessories,91,2,0,25.38,8.45,Medium,2011
RW-2011-5380,2011-08-05,2011-08-10,Standard Class,Maya Herman,Corporate,Rwanda,Africa,Africa,OFF-BIC-10004826,Office Supplies,Art,108,2,0,36.66,8.07,Medium,2011
RW-2011-5380,2011-08-05,2011-08-10,Standard Class,Maya Herman,Corporate,Rwanda,Africa,Africa,OFF-ELD-10004625,Office Supplies,Storage,96,2,0,17.22,7.44,Medium,2011
ES-2011-4256146,2011-08-05,2011-08-09,Standard Class,Toby Gnade,Consumer,Austria,EU,Central,OFF-AR-10000833,Office Supplies,Art,60,2,0,13.68,6.61,High,2011
IT-2011-3708838,2011-08-05,2011-08-12,Standard Class,Bobby Odegard,Consumer,Netherlands,EU,Central,OFF-BI-10000329,Office Supplies,Binders,58,7,0.5,-25.73,6.25,Medium,2011
US-2011-117968,2011-08-05,2011-08-07,Second Class,Ricardo Sperren,Corporate,United States,US,East,OFF-AP-10002765,Office Supplies,Appliances,79,3,0,22.25,5.35,High,2011
CA-2011-118962,2011-08-05,2011-08-09,Standard Class,Chad Sievert,Consumer,United States,US,West,OFF-PA-10001144,Office Supplies,Paper,111,2,0,53.26,4.59,Medium,2011
CA-2011-150490,2011-08-05,2011-08-11,Standard Class,Sonia Sunley,Consumer,United States,US,West,OFF-AR-10004602,Office Supplies,Art,46,2,0,12.87,4.43,Medium,2011
ID-2011-11385,2011-08-05,2011-08-11,Standard Class,Thea Hendricks,Consumer,South Korea,APAC,North Asia,OFF-ST-10001824,Office Supplies,Storage,60,5,0.5,-52.8,3.99,Medium,2011
IN-2011-37019,2011-08-05,2011-08-11,Standard Class,Hilary Holden,Corporate,Australia,APAC,Oceania,OFF-BI-10003018,Office Supplies,Binders,59,8,0.4,7.73,3.58,Medium,2011
MX-2011-146885,2011-08-05,2011-08-10,Standard Class,Paul Gonzalez,Consumer,Colombia,LATAM,South,OFF-PA-10000781,Office Supplies,Paper,49,3,0,19.74,3,Medium,2011
ES-2011-3159486,2011-08-05,2011-08-10,Second Class,Joy Daniels,Consumer,Switzerland,EU,Central,OFF-AR-10000124,Office Supplies,Art,36,2,0,2.82,2.48,Medium,2011
IR-2011-6850,2011-08-05,2011-08-10,Standard Class,Shahid Collister,Consumer,Iran,EMEA,EMEA,OFF-CAM-10002611,Office Supplies,Envelopes,46,1,0,19.41,2.34,Medium,2011
IN-2011-37019,2011-08-05,2011-08-11,Standard Class,Hilary Holden,Corporate,Australia,APAC,Oceania,OFF-EN-10004590,Office Supplies,Envelopes,27,2,0.4,-6.26,2.21,Medium,2011
IR-2011-4030,2011-08-05,2011-08-09,Standard Class,Shirley Schmidt,Home Office,Iran,EMEA,EMEA,OFF-BIN-10002061,Office Supplies,Art,46,1,0,12.03,2.2,Medium,2011
CA-2011-118962,2011-08-05,2011-08-09,Standard Class,Chad Sievert,Consumer,United States,US,West,OFF-PA-10000659,Office Supplies,Paper,21,3,0,9.84,1.81,Medium,2011
CA-2011-110065,2011-08-05,2011-08-11,Standard Class,Stephanie Phelps,Corporate,United States,US,East,OFF-AR-10004165,Office Supplies,Art,16,7,0,7.02,1.66,Medium,2011
ES-2011-5699335,2011-08-05,2011-08-08,First Class,Barry Weirich,Consumer,Germany,EU,Central,OFF-FA-10000010,Office Supplies,Fasteners,11,1,0,4.68,1.44,Critical,2011
CG-2011-2540,2011-08-05,2011-08-10,Standard Class,Dave Poirier,Corporate,Democratic Republic of the Congo,Africa,Africa,OFF-NOV-10004585,Office Supplies,Labels,10,1,0,3.54,1.28,High,2011
MX-2011-169873,2011-08-05,2011-08-08,Second Class,Sarah Foster,Consumer,Nicaragua,LATAM,Central,OFF-LA-10004799,Office Supplies,Labels,6,1,0,0.98,0.99,High,2011
CA-2011-150490,2011-08-05,2011-08-11,Standard Class,Sonia Sunley,Consumer,United States,US,West,TEC-AC-10004510,Technology,Accessories,16,1,0,1.64,0.83,Medium,2011
IR-2011-6850,2011-08-05,2011-08-10,Standard Class,Shahid Collister,Consumer,Iran,EMEA,EMEA,OFF-SME-10001718,Office Supplies,Storage,11,1,0,0.9,0.64,Medium,2011
CM-2011-6580,2011-08-05,2011-08-10,Standard Class,Phillip Flathmann,Consumer,Cameroon,Africa,Africa,OFF-NOV-10000721,Office Supplies,Labels,8,1,0,1.56,0.58,Medium,2011
US-2011-117968,2011-08-05,2011-08-07,Second Class,Ricardo Sperren,Corporate,United States,US,East,OFF-AR-10004165,Office Supplies,Art,5,2,0,2.01,0.54,High,2011
CA-2011-150490,2011-08-05,2011-08-11,Standard Class,Sonia Sunley,Consumer,United States,US,West,OFF-ST-10000321,Office Supplies,Storage,16,2,0,0.63,0.29,Medium,2011
CA-2011-137575,2011-08-06,2011-08-11,Standard Class,Trudy Brown,Consumer,United States,US,East,TEC-AC-10004571,Technology,Accessories,200,2,0,83.99,15.52,Medium,2011
ES-2011-5666533,2011-08-06,2011-08-10,Standard Class,Karl Braun,Consumer,France,EU,Central,OFF-BI-10000346,Office Supplies,Binders,239,8,0,95.52,11.94,Medium,2011
US-2011-123862,2011-08-06,2011-08-10,Standard Class,Mick Hernandez,Home Office,Honduras,LATAM,Central,TEC-AC-10000376,Technology,Accessories,197,2,0.4,9.85,9.57,Medium,2011
ES-2011-5666533,2011-08-06,2011-08-10,Standard Class,Karl Braun,Consumer,France,EU,Central,OFF-ST-10002175,Office Supplies,Storage,187,1,0.1,14.51,6.62,Medium,2011
CA-2011-115357,2011-08-06,2011-08-11,Second Class,Roland Fjeld,Consumer,United States,US,South,TEC-AC-10000023,Technology,Accessories,63,3,0,22.65,6.14,Medium,2011
BU-2011-1220,2011-08-06,2011-08-08,Second Class,Max Engle,Consumer,Bulgaria,EMEA,EMEA,OFF-STO-10004503,Office Supplies,Fasteners,80,6,0,32.76,3.39,Critical,2011
IN-2011-68239,2011-08-06,2011-08-11,Standard Class,Julia West,Consumer,China,APAC,North Asia,OFF-FA-10000089,Office Supplies,Fasteners,29,2,0,4.62,2.78,High,2011
BU-2011-1220,2011-08-06,2011-08-08,Second Class,Max Engle,Consumer,Bulgaria,EMEA,EMEA,FUR-TEN-10003879,Furniture,Furnishings,19,1,0,5.67,2.62,Critical,2011
IR-2011-3790,2011-08-06,2011-08-10,Standard Class,Corinna Mitchell,Home Office,Iran,EMEA,EMEA,OFF-GLO-10004430,Office Supplies,Envelopes,16,1,0,7.08,1.07,High,2011
ID-2011-48401,2011-08-06,2011-08-10,Standard Class,James Galang,Consumer,Philippines,APAC,Southeast Asia,OFF-BI-10001200,Office Supplies,Binders,12,1,0.15,-1.17,0.74,Medium,2011
US-2011-123862,2011-08-06,2011-08-10,Standard Class,Mick Hernandez,Home Office,Honduras,LATAM,Central,OFF-AR-10000614,Office Supplies,Art,9,1,0.4,-4.66,0.65,Medium,2011
US-2011-123862,2011-08-06,2011-08-10,Standard Class,Mick Hernandez,Home Office,Honduras,LATAM,Central,OFF-LA-10000236,Office Supplies,Labels,21,4,0.4,-14.18,0.05,Medium,2011
ES-2011-4405425,2011-08-07,2011-08-10,First Class,Allen Rosenblatt,Corporate,Austria,EU,Central,FUR-FU-10001760,Furniture,Furnishings,38,2,0,11.34,6.63,Critical,2011
IN-2011-34478,2011-08-08,2011-08-08,Same Day,Barbara Fisher,Corporate,China,APAC,North Asia,TEC-CO-10003759,Technology,Copiers,1274,4,0,573,213.03,Medium,2011
CA-2011-131450,2011-08-08,2011-08-15,Standard Class,Lena Radford,Consumer,United States,US,West,TEC-CO-10004115,Technology,Copiers,1200,3,0.2,434.99,89.43,Medium,2011
MX-2011-159135,2011-08-08,2011-08-12,Standard Class,Lela Donovan,Corporate,El Salvador,LATAM,Central,TEC-AC-10001410,Technology,Accessories,955,14,0,257.6,56.66,Medium,2011
CA-2011-124478,2011-08-08,2011-08-12,Standard Class,Matt Abelman,Home Office,United States,US,Central,TEC-CO-10001571,Technology,Copiers,550,1,0,275,51.95,High,2011
CA-2011-131450,2011-08-08,2011-08-15,Standard Class,Lena Radford,Consumer,United States,US,West,TEC-PH-10002398,Technology,Phones,446,5,0.2,55.75,47.16,Medium,2011
CA-2011-154669,2011-08-08,2011-08-11,Second Class,Tamara Manning,Consumer,United States,US,West,OFF-ST-10000532,Office Supplies,Storage,423,11,0,110.05,44.72,Medium,2011
IN-2011-51586,2011-08-08,2011-08-12,Standard Class,Khloe Miller,Consumer,China,APAC,North Asia,FUR-CH-10000432,Furniture,Chairs,365,2,0,21.9,40.68,Medium,2011
CA-2011-124478,2011-08-08,2011-08-12,Standard Class,Matt Abelman,Home Office,United States,US,Central,TEC-PH-10001128,Technology,Phones,300,2,0,83.99,39.5,High,2011
IN-2011-34478,2011-08-08,2011-08-08,Same Day,Barbara Fisher,Corporate,China,APAC,North Asia,TEC-CO-10000679,Technology,Copiers,285,2,0,2.82,36.21,Medium,2011
ES-2011-1591803,2011-08-08,2011-08-12,Second Class,Jason Fortune-,Consumer,France,EU,Central,TEC-MA-10000687,Technology,Machines,249,6,0.15,70.22,23.4,Medium,2011
IN-2011-34478,2011-08-08,2011-08-08,Same Day,Barbara Fisher,Corporate,China,APAC,North Asia,FUR-FU-10000889,Furniture,Furnishings,150,3,0,51.12,23.03,Medium,2011
CA-2011-124478,2011-08-08,2011-08-12,Standard Class,Matt Abelman,Home Office,United States,US,Central,OFF-AP-10002495,Office Supplies,Appliances,168,3,0.1,37.23,22.29,High,2011
CA-2011-156790,2011-08-08,2011-08-10,Second Class,Vivek Gonzalez,Consumer,United States,US,South,FUR-BO-10000468,Furniture,Bookcases,155,4,0.2,-7.77,18.41,Medium,2011
IZ-2011-5480,2011-08-08,2011-08-13,Second Class,Christina VanderZanden,Consumer,Iraq,EMEA,EMEA,FUR-HON-10004137,Furniture,Chairs,266,2,0,77.04,13.94,Medium,2011
IN-2011-34478,2011-08-08,2011-08-08,Same Day,Barbara Fisher,Corporate,China,APAC,North Asia,OFF-EN-10004418,Office Supplies,Envelopes,61,7,0,8.4,12.19,Medium,2011
IN-2011-51586,2011-08-08,2011-08-12,Standard Class,Khloe Miller,Consumer,China,APAC,North Asia,OFF-PA-10001006,Office Supplies,Paper,143,7,0,60.06,12.13,Medium,2011
CA-2011-131450,2011-08-08,2011-08-15,Standard Class,Lena Radford,Consumer,United States,US,West,FUR-FU-10001979,Furniture,Furnishings,328,8,0,91.77,11.98,Medium,2011
UP-2011-6100,2011-08-08,2011-08-13,Standard Class,Corinna Mitchell,Home Office,Ukraine,EMEA,EMEA,OFF-ELD-10001832,Office Supplies,Storage,97,2,0,0,9.97,High,2011
CA-2011-151708,2011-08-08,2011-08-14,Standard Class,Maria Bertelson,Consumer,United States,US,West,FUR-FU-10001602,Furniture,Furnishings,121,4,0.2,-3.03,7.68,Medium,2011
ES-2011-5375215,2011-08-08,2011-08-09,First Class,Amy Cox,Consumer,France,EU,Central,OFF-LA-10003283,Office Supplies,Labels,54,6,0,27,7.51,High,2011
CA-2011-131450,2011-08-08,2011-08-15,Standard Class,Lena Radford,Consumer,United States,US,West,OFF-AP-10004708,Office Supplies,Appliances,76,2,0,22.07,6.7,Medium,2011
CA-2011-151708,2011-08-08,2011-08-14,Standard Class,Maria Bertelson,Consumer,United States,US,West,TEC-AC-10001767,Technology,Accessories,96,3,0.2,-10.8,6.67,Medium,2011
CA-2011-124478,2011-08-08,2011-08-12,Standard Class,Matt Abelman,Home Office,United States,US,Central,OFF-EN-10002500,Office Supplies,Envelopes,38,3,0,17.25,6.34,High,2011
CA-2011-124478,2011-08-08,2011-08-12,Standard Class,Matt Abelman,Home Office,United States,US,Central,FUR-FU-10002088,Furniture,Furnishings,54,6,0,22.63,5.32,High,2011
IZ-2011-5480,2011-08-08,2011-08-13,Second Class,Christina VanderZanden,Consumer,Iraq,EMEA,EMEA,OFF-AME-10002081,Office Supplies,Envelopes,42,2,0,13.02,4.38,Medium,2011
IN-2011-39203,2011-08-08,2011-08-12,Second Class,Gary McGarr,Consumer,China,APAC,North Asia,OFF-BI-10000373,Office Supplies,Binders,28,4,0,3.24,2.35,High,2011
IN-2011-34478,2011-08-08,2011-08-08,Same Day,Barbara Fisher,Corporate,China,APAC,North Asia,OFF-BI-10000439,Office Supplies,Binders,13,2,0,4.92,1.93,Medium,2011
ES-2011-4154564,2011-08-08,2011-08-14,Standard Class,Victor Preis,Home Office,France,EU,Central,OFF-BI-10002674,Office Supplies,Binders,37,3,0,16.65,1.79,Medium,2011
MX-2011-159135,2011-08-08,2011-08-12,Standard Class,Lela Donovan,Corporate,El Salvador,LATAM,Central,OFF-FA-10003985,Office Supplies,Fasteners,17,3,0,7.2,1.4,Medium,2011
IR-2011-5080,2011-08-08,2011-08-13,Standard Class,Nona Balk,Corporate,Iran,EMEA,EMEA,OFF-SAN-10000844,Office Supplies,Paper,17,1,0,2.64,1.1,Medium,2011
IR-2011-5080,2011-08-08,2011-08-13,Standard Class,Nona Balk,Corporate,Iran,EMEA,EMEA,OFF-ACC-10002167,Office Supplies,Fasteners,13,1,0,0.66,0.82,Medium,2011
ES-2011-2075610,2011-08-08,2011-08-13,Standard Class,Speros Goranitis,Consumer,Germany,EU,Central,OFF-BI-10003724,Office Supplies,Binders,9,1,0,4.02,0.77,Medium,2011
IR-2011-5080,2011-08-08,2011-08-13,Standard Class,Nona Balk,Corporate,Iran,EMEA,EMEA,FUR-ELD-10000038,Furniture,Furnishings,57,1,0,19.26,0.65,Medium,2011
CM-2011-6610,2011-08-08,2011-08-12,Standard Class,Yoseph Carroll,Corporate,Cameroon,Africa,Africa,OFF-AVE-10000909,Office Supplies,Labels,12,1,0,1.65,0.62,Medium,2011
ES-2011-2585328,2011-08-09,2011-08-11,First Class,Khloe Miller,Consumer,Germany,EU,Central,TEC-CO-10001633,Technology,Copiers,1469,5,0,308.4,527.87,Critical,2011
US-2011-158554,2011-08-09,2011-08-09,Same Day,Larry Hughes,Consumer,Dominican Republic,LATAM,Caribbean,TEC-PH-10004196,Technology,Phones,2045,6,0.2,-332.28,417.99,High,2011
US-2011-158554,2011-08-09,2011-08-09,Same Day,Larry Hughes,Consumer,Dominican Republic,LATAM,Caribbean,OFF-AP-10000663,Office Supplies,Appliances,1819,6,0.2,500.18,249.64,High,2011
IN-2011-10265,2011-08-09,2011-08-11,Second Class,Katharine Harms,Corporate,China,APAC,North Asia,TEC-CO-10001472,Technology,Copiers,956,4,0,468.48,115.56,High,2011
CA-2011-169726,2011-08-09,2011-08-13,Standard Class,Joseph Holt,Consumer,United States,US,West,OFF-BI-10004600,Office Supplies,Binders,2061,7,0.2,643.98,90.47,Medium,2011
CA-2011-166471,2011-08-09,2011-08-13,Standard Class,Matthew Grinstein,Home Office,United States,US,West,TEC-PH-10001530,Technology,Phones,1091,4,0.2,68.2,87.44,High,2011
LE-2011-3430,2011-08-09,2011-08-15,Standard Class,Carl Weiss,Home Office,Lebanon,EMEA,EMEA,FUR-HON-10001851,Furniture,Chairs,457,1,0,169.14,82.46,Low,2011
ES-2011-5389104,2011-08-09,2011-08-13,Standard Class,Ralph Ritter,Consumer,Germany,EU,Central,FUR-BO-10004560,Furniture,Bookcases,469,3,0.1,78.18,53.78,High,2011
ES-2011-5389104,2011-08-09,2011-08-13,Standard Class,Ralph Ritter,Consumer,Germany,EU,Central,TEC-PH-10002255,Technology,Phones,336,2,0,30.24,34.79,High,2011
ES-2011-1480594,2011-08-09,2011-08-10,First Class,Mitch Willingham,Corporate,France,EU,Central,FUR-CH-10004095,Furniture,Chairs,215,3,0.1,16.74,28.56,High,2011
ES-2011-2720769,2011-08-09,2011-08-14,Second Class,Christine Kargatis,Home Office,Germany,EU,Central,OFF-AR-10002805,Office Supplies,Art,194,4,0,83.52,26.87,Medium,2011
IN-2011-20639,2011-08-09,2011-08-13,Standard Class,Sue Ann Reed,Consumer,China,APAC,North Asia,OFF-AP-10001905,Office Supplies,Appliances,334,4,0,56.64,24.25,Medium,2011
CA-2011-167850,2011-08-09,2011-08-16,Standard Class,Andy Gerbode,Corporate,United States,US,South,TEC-PH-10002398,Technology,Phones,178,2,0.2,22.3,20.62,Low,2011
ES-2011-2695590,2011-08-09,2011-08-15,Standard Class,Karen Seio,Corporate,United Kingdom,EU,North,OFF-EN-10003177,Office Supplies,Envelopes,503,11,0,165.66,18.96,Medium,2011
ES-2011-5803751,2011-08-09,2011-08-13,Standard Class,Corey Roper,Home Office,Spain,EU,South,FUR-FU-10004960,Furniture,Furnishings,208,4,0,0,18.11,High,2011
CA-2011-166471,2011-08-09,2011-08-13,Standard Class,Matthew Grinstein,Home Office,United States,US,West,TEC-PH-10000038,Technology,Phones,219,2,0.2,-43.83,16.56,High,2011
ES-2011-1417751,2011-08-09,2011-08-12,First Class,Keith Herrera,Consumer,France,EU,Central,OFF-AR-10000091,Office Supplies,Art,88,4,0,15.84,11.02,Medium,2011
ES-2011-1480594,2011-08-09,2011-08-10,First Class,Mitch Willingham,Corporate,France,EU,Central,OFF-EN-10003381,Office Supplies,Envelopes,59,2,0,28.8,8.73,High,2011
ES-2011-5775498,2011-08-09,2011-08-13,Standard Class,Jesus Ocampo,Home Office,France,EU,Central,OFF-PA-10003956,Office Supplies,Paper,66,4,0,10.56,8.12,High,2011
CA-2011-4850,2011-08-09,2011-08-13,Standard Class,Alan Haines,Corporate,Canada,Canada,Canada,OFF-AME-10002956,Office Supplies,Envelopes,88,6,0,29.7,7.97,Medium,2011
ES-2011-5803751,2011-08-09,2011-08-13,Standard Class,Corey Roper,Home Office,Spain,EU,South,FUR-FU-10004462,Furniture,Furnishings,53,2,0,14.76,6.87,High,2011
LE-2011-3430,2011-08-09,2011-08-15,Standard Class,Carl Weiss,Home Office,Lebanon,EMEA,EMEA,OFF-FEL-10002658,Office Supplies,Storage,57,1,0,23.31,6.67,Low,2011
ES-2011-2585328,2011-08-09,2011-08-11,First Class,Khloe Miller,Consumer,Germany,EU,Central,OFF-BI-10000042,Office Supplies,Binders,15,2,0,5.04,5.73,Critical,2011
IT-2011-5956746,2011-08-09,2011-08-13,Standard Class,Corey Roper,Home Office,Italy,EU,South,FUR-FU-10004604,Furniture,Furnishings,49,1,0,4.38,3.87,Medium,2011
ES-2011-3670390,2011-08-09,2011-08-12,First Class,Art Foster,Consumer,Italy,EU,South,OFF-ST-10001426,Office Supplies,Storage,61,6,0.4,7.06,3.59,Medium,2011
NI-2011-1650,2011-08-09,2011-08-15,Standard Class,Shahid Hopkins,Consumer,Nigeria,Africa,Africa,OFF-ROG-10001340,Office Supplies,Storage,42,1,0.7,-75.06,3.45,Medium,2011
RO-2011-2950,2011-08-09,2011-08-15,Standard Class,Mick Crebagga,Consumer,Romania,EMEA,EMEA,OFF-SME-10002250,Office Supplies,Labels,35,4,0,15.96,2.68,Medium,2011
CA-2011-167850,2011-08-09,2011-08-16,Standard Class,Andy Gerbode,Corporate,United States,US,South,OFF-PA-10001937,Office Supplies,Paper,16,3,0.2,5.44,1.76,Low,2011
ES-2011-2695590,2011-08-09,2011-08-15,Standard Class,Karen Seio,Corporate,United Kingdom,EU,North,OFF-LA-10004148,Office Supplies,Labels,28,3,0,12.78,1.46,Medium,2011
IN-2011-55079,2011-08-09,2011-08-12,First Class,Parhena Norris,Home Office,China,APAC,North Asia,OFF-LA-10000425,Office Supplies,Labels,23,2,0,9.3,1.11,Medium,2011
CA-2011-141901,2011-08-09,2011-08-14,Standard Class,Gene McClure,Consumer,United States,US,West,OFF-PA-10001667,Office Supplies,Paper,6,1,0,2.69,1.05,High,2011
ES-2011-5389104,2011-08-09,2011-08-13,Standard Class,Ralph Ritter,Consumer,Germany,EU,Central,OFF-BI-10003320,Office Supplies,Binders,6,1,0,2.37,0.86,High,2011
CA-2011-161249,2011-08-09,2011-08-13,Standard Class,Roger Demir,Consumer,United States,US,West,OFF-BI-10001097,Office Supplies,Binders,9,5,0.7,-6.54,0.82,Medium,2011
CA-2011-110527,2011-08-09,2011-08-16,Standard Class,Emily Ducich,Home Office,United States,US,West,OFF-LA-10000262,Office Supplies,Labels,21,8,0,9.6,0.77,Medium,2011
CA-2011-161249,2011-08-09,2011-08-13,Standard Class,Roger Demir,Consumer,United States,US,West,OFF-FA-10004838,Office Supplies,Fasteners,4,3,0.2,-0.95,0.23,Medium,2011
NI-2011-1650,2011-08-09,2011-08-15,Standard Class,Shahid Hopkins,Consumer,Nigeria,Africa,Africa,OFF-AME-10002923,Office Supplies,Envelopes,2,1,0.7,-1.8,0.12,Medium,2011
ES-2011-2257437,2011-08-10,2011-08-17,Standard Class,Becky Pak,Consumer,United Kingdom,EU,North,TEC-PH-10002759,Technology,Phones,5277,9,0.1,1758.89,454.81,Medium,2011
IV-2011-9090,2011-08-10,2011-08-14,Standard Class,Natalie Webber,Consumer,Cote dIvoire,Africa,Africa,TEC-APP-10002966,Technology,Phones,5100,8,0,1428,85.22,Medium,2011
MX-2011-106173,2011-08-10,2011-08-14,Standard Class,John Dryer,Consumer,Mexico,LATAM,North,FUR-CH-10003485,Furniture,Chairs,796,9,0.2,69.66,61.57,Medium,2011
ES-2011-1761215,2011-08-10,2011-08-12,Second Class,Alan Haines,Corporate,Italy,EU,South,TEC-PH-10001557,Technology,Phones,370,5,0.4,-0.03,53.16,High,2011
IN-2011-82547,2011-08-10,2011-08-16,Standard Class,Raymond Buch,Consumer,New Zealand,APAC,Oceania,TEC-AC-10003469,Technology,Accessories,513,2,0,251.4,26.83,Low,2011
ES-2011-1761215,2011-08-10,2011-08-12,Second Class,Alan Haines,Corporate,Italy,EU,South,OFF-SU-10004980,Office Supplies,Supplies,176,4,0,38.64,26.76,High,2011
ES-2011-1761215,2011-08-10,2011-08-12,Second Class,Alan Haines,Corporate,Italy,EU,South,OFF-AP-10002229,Office Supplies,Appliances,141,2,0,23.94,13.73,High,2011
MX-2011-146479,2011-08-10,2011-08-12,Second Class,Jasper Cacioppo,Consumer,Mexico,LATAM,North,OFF-ST-10002343,Office Supplies,Storage,194,6,0,85.32,12.08,Medium,2011
EG-2011-5220,2011-08-10,2011-08-12,Second Class,Marc Crier,Consumer,Egypt,Africa,Africa,TEC-NOK-10004278,Technology,Phones,138,1,0,28.92,11.16,Critical,2011
ES-2011-1761215,2011-08-10,2011-08-12,Second Class,Alan Haines,Corporate,Italy,EU,South,OFF-BI-10001384,Office Supplies,Binders,69,5,0,25.5,10.59,High,2011
ES-2011-2257437,2011-08-10,2011-08-17,Standard Class,Becky Pak,Consumer,United Kingdom,EU,North,OFF-AR-10004115,Office Supplies,Art,105,5,0.1,10.43,5.88,Medium,2011
TU-2011-4710,2011-08-10,2011-08-15,Standard Class,Paul MacIntyre,Consumer,Turkey,EMEA,EMEA,TEC-MEM-10000649,Technology,Accessories,73,4,0.6,-40.01,4.51,Medium,2011
IN-2011-68645,2011-08-10,2011-08-17,Standard Class,Henia Zydlo,Consumer,Malaysia,APAC,Southeast Asia,OFF-LA-10003379,Office Supplies,Labels,39,3,0,1.89,4.36,Medium,2011
PL-2011-10,2011-08-10,2011-08-13,Second Class,Neola Schneider,Consumer,Poland,EMEA,EMEA,OFF-GRE-10002561,Office Supplies,Paper,24,1,0,2.37,4.15,Critical,2011
IN-2011-68645,2011-08-10,2011-08-17,Standard Class,Henia Zydlo,Consumer,Malaysia,APAC,Southeast Asia,OFF-ST-10000016,Office Supplies,Storage,51,3,0,15.75,2.81,Medium,2011
IR-2011-7540,2011-08-10,2011-08-15,Standard Class,Angele Hood,Consumer,Iran,EMEA,EMEA,OFF-ACC-10001028,Office Supplies,Fasteners,15,1,0,2.46,2.63,High,2011
MX-2011-146479,2011-08-10,2011-08-12,Second Class,Jasper Cacioppo,Consumer,Mexico,LATAM,North,OFF-AR-10003794,Office Supplies,Art,39,2,0,15.16,1.57,Medium,2011
KZ-2011-2210,2011-08-10,2011-08-13,Second Class,Tamara Willingham,Home Office,Kazakhstan,EMEA,EMEA,OFF-JIF-10000165,Office Supplies,Envelopes,4,1,0.7,-7.99,1.45,Critical,2011
TU-2011-4710,2011-08-10,2011-08-15,Standard Class,Paul MacIntyre,Consumer,Turkey,EMEA,EMEA,OFF-AVE-10000608,Office Supplies,Binders,13,4,0.6,-5.95,1.17,Medium,2011
NI-2011-2900,2011-08-10,2011-08-14,Standard Class,Elizabeth Moffitt,Corporate,Nigeria,Africa,Africa,OFF-FEL-10002158,Office Supplies,Storage,16,2,0.7,-10.56,1.04,Medium,2011
MO-2011-4610,2011-08-11,2011-08-16,Second Class,Christine Phan,Corporate,Morocco,Africa,Africa,TEC-HEW-10003829,Technology,Copiers,1514,4,0,741.6,141.32,Medium,2011
IN-2011-49276,2011-08-11,2011-08-13,Second Class,David Smith,Corporate,China,APAC,North Asia,TEC-CO-10000794,Technology,Copiers,757,2,0,302.7,106.64,High,2011
ES-2011-5644297,2011-08-11,2011-08-13,First Class,Guy Thornton,Consumer,Italy,EU,South,OFF-AR-10003066,Office Supplies,Art,185,7,0,16.59,55.26,Critical,2011
ES-2011-5644297,2011-08-11,2011-08-13,First Class,Guy Thornton,Consumer,Italy,EU,South,OFF-BI-10000341,Office Supplies,Binders,155,3,0,27.9,42.41,Critical,2011
RO-2011-5170,2011-08-11,2011-08-15,Standard Class,Phillip Breyer,Corporate,Romania,EMEA,EMEA,TEC-APP-10003588,Technology,Phones,1093,8,0,98.16,42.17,Medium,2011
IN-2011-49276,2011-08-11,2011-08-13,Second Class,David Smith,Corporate,China,APAC,North Asia,OFF-BI-10002632,Office Supplies,Binders,360,7,0,97.23,34.15,High,2011
CA-2011-154641,2011-08-11,2011-08-16,Standard Class,Ken Lonsdale,Consumer,United States,US,East,OFF-ST-10004459,Office Supplies,Storage,375,1,0,18.77,27.88,Medium,2011
ID-2011-66083,2011-08-11,2011-08-14,Second Class,Linda Cazamias,Corporate,Australia,APAC,Oceania,FUR-CH-10002224,Furniture,Chairs,478,4,0.1,-31.91,25.92,Medium,2011
MX-2011-161151,2011-08-11,2011-08-15,Standard Class,Kunst Miller,Consumer,El Salvador,LATAM,Central,TEC-PH-10000990,Technology,Phones,304,3,0,91.08,18.93,Medium,2011
IN-2011-60322,2011-08-11,2011-08-16,Second Class,Mike Vittorini,Consumer,China,APAC,North Asia,FUR-CH-10002940,Furniture,Chairs,139,2,0,15.3,17.53,Medium,2011
ES-2011-5539778,2011-08-11,2011-08-13,First Class,Denny Ordway,Consumer,Germany,EU,Central,OFF-AR-10000799,Office Supplies,Art,64,4,0,2.52,17.09,High,2011
IN-2011-82246,2011-08-11,2011-08-13,First Class,Tom Prescott,Consumer,New Zealand,APAC,Oceania,OFF-PA-10004498,Office Supplies,Paper,68,4,0,23.16,15.64,High,2011
MZ-2011-6430,2011-08-11,2011-08-15,Standard Class,Jack Lebron,Consumer,Mozambique,Africa,Africa,OFF-BOS-10002558,Office Supplies,Art,121,4,0,19.32,14.96,High,2011
CA-2011-1690,2011-08-11,2011-08-11,Same Day,Erin Mull,Consumer,Canada,Canada,Canada,OFF-WIL-10002153,Office Supplies,Binders,110,4,0,30.72,14.3,Medium,2011
IN-2011-60322,2011-08-11,2011-08-16,Second Class,Mike Vittorini,Consumer,China,APAC,North Asia,TEC-MA-10000776,Technology,Machines,157,3,0,39.15,13.73,Medium,2011
MX-2011-157000,2011-08-11,2011-08-16,Second Class,Katherine Hughes,Consumer,Brazil,LATAM,South,TEC-AC-10001754,Technology,Accessories,225,3,0,92.16,12.85,Medium,2011
MX-2011-157000,2011-08-11,2011-08-16,Second Class,Katherine Hughes,Consumer,Brazil,LATAM,South,TEC-AC-10001055,Technology,Accessories,268,7,0,0,12.69,Medium,2011
IN-2011-49276,2011-08-11,2011-08-13,Second Class,David Smith,Corporate,China,APAC,North Asia,OFF-SU-10004814,Office Supplies,Supplies,95,2,0,31.44,12.44,High,2011
NI-2011-6390,2011-08-11,2011-08-14,First Class,Alan Haines,Corporate,Nigeria,Africa,Africa,OFF-SAN-10000874,Office Supplies,Art,46,6,0.7,-54.31,9.48,Medium,2011
ES-2011-2969148,2011-08-11,2011-08-16,Standard Class,Janet Martin,Consumer,Italy,EU,South,OFF-AP-10002568,Office Supplies,Appliances,114,2,0,34.14,7.54,Medium,2011
IN-2011-22368,2011-08-11,2011-08-18,Standard Class,Janet Martin,Consumer,India,APAC,Central Asia,OFF-LA-10003141,Office Supplies,Labels,57,5,0,28.35,6.66,Low,2011
ES-2011-2969148,2011-08-11,2011-08-16,Standard Class,Janet Martin,Consumer,Italy,EU,South,OFF-ST-10003956,Office Supplies,Storage,111,3,0.4,-61.18,5.82,Medium,2011
ES-2011-2969148,2011-08-11,2011-08-16,Standard Class,Janet Martin,Consumer,Italy,EU,South,OFF-AR-10003658,Office Supplies,Art,118,4,0,0,5.63,Medium,2011
NI-2011-3310,2011-08-11,2011-08-14,First Class,Ritsa Hightower,Consumer,Nigeria,Africa,Africa,OFF-HON-10000934,Office Supplies,Labels,13,4,0.7,-22.61,4.43,Critical,2011
RO-2011-5170,2011-08-11,2011-08-15,Standard Class,Phillip Breyer,Corporate,Romania,EMEA,EMEA,OFF-FIS-10000063,Office Supplies,Supplies,37,1,0,16.71,3.39,Medium,2011
RO-2011-5170,2011-08-11,2011-08-15,Standard Class,Phillip Breyer,Corporate,Romania,EMEA,EMEA,OFF-BOS-10001348,Office Supplies,Art,32,1,0,16.05,2.94,Medium,2011
ES-2011-5579266,2011-08-11,2011-08-16,Second Class,Paul Knutson,Home Office,Germany,EU,Central,OFF-ST-10001818,Office Supplies,Storage,44,1,0.1,1.45,2.88,Medium,2011
CA-2011-1690,2011-08-11,2011-08-11,Same Day,Erin Mull,Consumer,Canada,Canada,Canada,OFF-CAR-10004408,Office Supplies,Binders,29,1,0,12.96,2.42,Medium,2011
ES-2011-5004766,2011-08-11,2011-08-16,Second Class,Philip Brown,Consumer,France,EU,Central,OFF-BI-10001253,Office Supplies,Binders,27,2,0,8.16,2.32,Medium,2011
ES-2011-2969148,2011-08-11,2011-08-16,Standard Class,Janet Martin,Consumer,Italy,EU,South,TEC-MA-10003326,Technology,Machines,48,2,0.4,-20.06,2.3,Medium,2011
NI-2011-3310,2011-08-11,2011-08-14,First Class,Ritsa Hightower,Consumer,Nigeria,Africa,Africa,OFF-BIN-10003327,Office Supplies,Art,7,1,0.7,-12.3,2.07,Critical,2011
KE-2011-2920,2011-08-11,2011-08-13,First Class,Andy Reiter,Consumer,Kenya,Africa,Africa,FUR-RUB-10002021,Furniture,Furnishings,95,6,0,37.98,1.91,Medium,2011
CA-2011-127012,2011-08-11,2011-08-15,Standard Class,Greg Matthias,Consumer,United States,US,West,OFF-FA-10004854,Office Supplies,Fasteners,23,2,0,10.79,1.84,Medium,2011
CA-2011-127012,2011-08-11,2011-08-15,Standard Class,Greg Matthias,Consumer,United States,US,West,OFF-AR-10003903,Office Supplies,Art,41,1,0,10.65,1.25,Medium,2011
MX-2011-157000,2011-08-11,2011-08-16,Second Class,Katherine Hughes,Consumer,Brazil,LATAM,South,OFF-EN-10003559,Office Supplies,Envelopes,16,2,0,7.04,1.23,Medium,2011
RO-2011-5170,2011-08-11,2011-08-15,Standard Class,Phillip Breyer,Corporate,Romania,EMEA,EMEA,OFF-TEN-10003211,Office Supplies,Storage,16,1,0,7.14,1.08,Medium,2011
CA-2011-127012,2011-08-11,2011-08-15,Standard Class,Greg Matthias,Consumer,United States,US,West,FUR-FU-10003691,Furniture,Furnishings,12,1,0,5.43,1.05,Medium,2011
ES-2011-2969148,2011-08-11,2011-08-16,Standard Class,Janet Martin,Consumer,Italy,EU,South,OFF-LA-10002733,Office Supplies,Labels,32,4,0,4.44,1.04,Medium,2011
IN-2011-49276,2011-08-11,2011-08-13,Second Class,David Smith,Corporate,China,APAC,North Asia,OFF-BI-10002708,Office Supplies,Binders,15,1,0,3.36,0.96,High,2011
IN-2011-22368,2011-08-11,2011-08-18,Standard Class,Janet Martin,Consumer,India,APAC,Central Asia,OFF-LA-10004114,Office Supplies,Labels,9,1,0,2.58,0.71,Low,2011
ID-2011-59055,2011-08-12,2011-08-15,Second Class,Clay Rozendal,Home Office,Vietnam,APAC,Southeast Asia,TEC-CO-10000666,Technology,Copiers,1161,7,0.37,-147.52,205.96,High,2011
ID-2011-74539,2011-08-12,2011-08-18,Standard Class,Thomas Boland,Corporate,Indonesia,APAC,Southeast Asia,TEC-CO-10001501,Technology,Copiers,1068,6,0.07,91.72,145.08,Low,2011
CA-2011-109897,2011-08-12,2011-08-16,Standard Class,Ben Wallace,Consumer,United States,US,West,TEC-PH-10003691,Technology,Phones,806,8,0.2,50.4,94.31,High,2011
ES-2011-2087720,2011-08-12,2011-08-19,Standard Class,Christy Brittain,Consumer,United Kingdom,EU,North,TEC-MA-10002931,Technology,Machines,597,5,0,184.95,59.47,Medium,2011
CA-2011-153927,2011-08-12,2011-08-13,First Class,Lauren Leatherbury,Consumer,United States,US,South,TEC-AC-10000023,Technology,Accessories,273,13,0,98.14,57.56,Critical,2011
IN-2011-25035,2011-08-12,2011-08-14,First Class,Skye Norling,Home Office,India,APAC,Central Asia,TEC-AC-10000284,Technology,Accessories,252,6,0,72.9,43.1,Critical,2011
CG-2011-8680,2011-08-12,2011-08-14,First Class,Jonathan Doherty,Corporate,Democratic Republic of the Congo,Africa,Africa,OFF-GRE-10004604,Office Supplies,Paper,105,2,0,18.9,41.86,Critical,2011
ID-2011-74539,2011-08-12,2011-08-18,Standard Class,Thomas Boland,Corporate,Indonesia,APAC,Southeast Asia,TEC-PH-10002154,Technology,Phones,298,4,0.17,25.02,39.6,Low,2011
MX-2011-120929,2011-08-12,2011-08-14,Second Class,Toby Gnade,Consumer,Brazil,LATAM,South,FUR-CH-10001270,Furniture,Chairs,618,7,0,253.4,33.14,Medium,2011
ID-2011-74539,2011-08-12,2011-08-18,Standard Class,Thomas Boland,Corporate,Indonesia,APAC,Southeast Asia,TEC-PH-10001921,Technology,Phones,227,2,0.17,-16.41,28.83,Low,2011
CA-2011-109302,2011-08-12,2011-08-16,Standard Class,Charles Sheldon,Corporate,United States,US,East,OFF-BI-10002854,Office Supplies,Binders,196,7,0,98.11,24.81,High,2011
CA-2011-156244,2011-08-12,2011-08-16,Standard Class,Duane Huffman,Home Office,United States,US,South,OFF-AP-10002403,Office Supplies,Appliances,211,6,0.2,15.84,22.1,High,2011
ES-2011-4606457,2011-08-12,2011-08-15,First Class,Ross DeVincentis,Home Office,Spain,EU,South,OFF-AR-10001002,Office Supplies,Art,100,2,0,32.94,21.03,High,2011
MX-2011-122595,2011-08-12,2011-08-14,First Class,Elizabeth Moffitt,Corporate,El Salvador,LATAM,Central,OFF-PA-10002966,Office Supplies,Paper,290,9,0,52.02,20.18,Medium,2011
ID-2011-50494,2011-08-12,2011-08-16,Standard Class,Matthew Grinstein,Home Office,Australia,APAC,Oceania,FUR-BO-10001934,Furniture,Bookcases,327,1,0.1,-7.28,19.41,Medium,2011
IN-2011-25035,2011-08-12,2011-08-14,First Class,Skye Norling,Home Office,India,APAC,Central Asia,TEC-MA-10002039,Technology,Machines,101,2,0,14.04,16.03,Critical,2011
ES-2011-5827080,2011-08-12,2011-08-15,First Class,Jeremy Pistek,Consumer,United Kingdom,EU,North,OFF-AR-10002116,Office Supplies,Art,42,3,0.1,10.64,15.67,Critical,2011
CA-2011-156244,2011-08-12,2011-08-16,Standard Class,Duane Huffman,Home Office,United States,US,South,TEC-AC-10002473,Technology,Accessories,159,7,0.2,41.72,14,High,2011
CA-2011-109897,2011-08-12,2011-08-16,Standard Class,Ben Wallace,Consumer,United States,US,West,FUR-FU-10002878,Furniture,Furnishings,85,3,0,31.61,12.88,High,2011
PL-2011-1120,2011-08-12,2011-08-13,First Class,Katherine Murray,Home Office,Poland,EMEA,EMEA,OFF-GRE-10004796,Office Supplies,Paper,187,6,0,42.84,12.36,High,2011
ES-2011-3856710,2011-08-12,2011-08-16,Standard Class,Seth Vernon,Consumer,Spain,EU,South,OFF-BI-10000081,Office Supplies,Binders,59,7,0,21.63,11.32,High,2011
ES-2011-2087720,2011-08-12,2011-08-19,Standard Class,Christy Brittain,Consumer,United Kingdom,EU,North,FUR-BO-10004914,Furniture,Bookcases,143,1,0,31.53,11.25,Medium,2011
BO-2011-470,2011-08-12,2011-08-14,Second Class,Sonia Sunley,Consumer,Belarus,EMEA,EMEA,OFF-KLE-10001699,Office Supplies,Supplies,29,1,0,3.42,11.15,Critical,2011
TU-2011-1580,2011-08-12,2011-08-16,Standard Class,Nicole Brennan,Corporate,Turkey,EMEA,EMEA,TEC-PAN-10002756,Technology,Machines,69,1,0.6,-37.91,10.88,High,2011
IN-2011-21983,2011-08-12,2011-08-16,Standard Class,Clay Rozendal,Home Office,India,APAC,Central Asia,FUR-FU-10002525,Furniture,Furnishings,128,3,0,59.94,8.83,Medium,2011
PL-2011-1120,2011-08-12,2011-08-13,First Class,Katherine Murray,Home Office,Poland,EMEA,EMEA,OFF-KLE-10000050,Office Supplies,Supplies,41,1,0,11.16,8.67,High,2011
TU-2011-1580,2011-08-12,2011-08-16,Standard Class,Nicole Brennan,Corporate,Turkey,EMEA,EMEA,FUR-HON-10001558,Furniture,Chairs,64,1,0.6,-51.61,7.98,High,2011
IT-2011-4318512,2011-08-12,2011-08-18,Standard Class,Shirley Daniels,Home Office,Italy,EU,South,OFF-ST-10004550,Office Supplies,Storage,61,4,0.4,-14.35,7.35,Low,2011
ES-2011-2087720,2011-08-12,2011-08-19,Standard Class,Christy Brittain,Consumer,United Kingdom,EU,North,TEC-PH-10001432,Technology,Phones,584,4,0,262.68,6.58,Medium,2011
CA-2011-156244,2011-08-12,2011-08-16,Standard Class,Duane Huffman,Home Office,United States,US,South,OFF-AR-10004344,Office Supplies,Art,48,5,0.2,4.2,6.5,High,2011
BO-2011-470,2011-08-12,2011-08-14,Second Class,Sonia Sunley,Consumer,Belarus,EMEA,EMEA,OFF-STO-10004363,Office Supplies,Fasteners,27,2,0,13.02,6.34,Critical,2011
ID-2011-74539,2011-08-12,2011-08-18,Standard Class,Thomas Boland,Corporate,Indonesia,APAC,Southeast Asia,TEC-AC-10003776,Technology,Accessories,69,3,0.47,-39.11,4.94,Low,2011
IN-2011-54155,2011-08-12,2011-08-16,Standard Class,Matt Abelman,Home Office,Indonesia,APAC,Southeast Asia,TEC-MA-10002471,Technology,Machines,135,2,0.17,53.49,3.27,Medium,2011
KE-2011-5030,2011-08-12,2011-08-17,Standard Class,Michelle Arnett,Home Office,Kenya,Africa,Africa,OFF-SAN-10002323,Office Supplies,Art,47,1,0,21.96,3.2,Medium,2011
CA-2011-153927,2011-08-12,2011-08-13,First Class,Lauren Leatherbury,Consumer,United States,US,South,OFF-BI-10000138,Office Supplies,Binders,14,3,0,6.74,3.17,Critical,2011
CG-2011-8680,2011-08-12,2011-08-14,First Class,Jonathan Doherty,Corporate,Democratic Republic of the Congo,Africa,Africa,OFF-AVE-10003465,Office Supplies,Binders,13,1,0,5.01,2.88,Critical,2011
ES-2011-2087720,2011-08-12,2011-08-19,Standard Class,Christy Brittain,Consumer,United Kingdom,EU,North,OFF-EN-10003737,Office Supplies,Envelopes,190,4,0,68.28,2.87,Medium,2011
ES-2011-1886093,2011-08-12,2011-08-17,Standard Class,Maya Herman,Corporate,Austria,EU,Central,OFF-AR-10000316,Office Supplies,Art,50,5,0,24.6,2.84,Medium,2011
PL-2011-1120,2011-08-12,2011-08-13,First Class,Katherine Murray,Home Office,Poland,EMEA,EMEA,OFF-CAR-10000150,Office Supplies,Binders,13,1,0,0.39,2.39,High,2011
CA-2011-156244,2011-08-12,2011-08-16,Standard Class,Duane Huffman,Home Office,United States,US,South,OFF-PA-10000295,Office Supplies,Paper,31,6,0.2,10.89,1.27,High,2011
RO-2011-2180,2011-08-12,2011-08-17,Standard Class,Lena Cacioppo,Consumer,Romania,EMEA,EMEA,OFF-STO-10004910,Office Supplies,Fasteners,19,1,0,8.94,1.08,Medium,2011
ID-2011-50494,2011-08-12,2011-08-16,Standard Class,Matthew Grinstein,Home Office,Australia,APAC,Oceania,OFF-FA-10004527,Office Supplies,Fasteners,24,2,0.1,2.14,0.97,Medium,2011
CA-2011-156244,2011-08-12,2011-08-16,Standard Class,Duane Huffman,Home Office,United States,US,South,OFF-SU-10000432,Office Supplies,Supplies,6,2,0.2,-1.04,0.9,High,2011
CA-2011-156244,2011-08-12,2011-08-16,Standard Class,Duane Huffman,Home Office,United States,US,South,OFF-LA-10000443,Office Supplies,Labels,3,1,0.2,1,0.35,High,2011
IN-2011-70570,2011-08-13,2011-08-18,Second Class,Deirdre Greer,Corporate,China,APAC,North Asia,FUR-TA-10000665,Furniture,Tables,1038,3,0.3,-311.6,154.1,Medium,2011
ID-2011-33295,2011-08-13,2011-08-17,Standard Class,Cindy Chapman,Consumer,Philippines,APAC,Southeast Asia,FUR-CH-10003097,Furniture,Chairs,769,8,0.25,-20.7,74.71,High,2011
IN-2011-70570,2011-08-13,2011-08-18,Second Class,Deirdre Greer,Corporate,China,APAC,North Asia,OFF-BI-10002562,Office Supplies,Binders,265,5,0,108.45,27.53,Medium,2011
AG-2011-3090,2011-08-13,2011-08-17,Standard Class,Alan Hwang,Consumer,Algeria,Africa,Africa,TEC-CIS-10000436,Technology,Phones,277,2,0,11.04,20.15,Medium,2011
IN-2011-70570,2011-08-13,2011-08-18,Second Class,Deirdre Greer,Corporate,China,APAC,North Asia,OFF-AR-10002747,Office Supplies,Art,165,3,0,65.88,11.97,Medium,2011
IN-2011-70570,2011-08-13,2011-08-18,Second Class,Deirdre Greer,Corporate,China,APAC,North Asia,OFF-ST-10001214,Office Supplies,Storage,79,7,0,38.43,8.48,Medium,2011
AG-2011-60,2011-08-13,2011-08-18,Second Class,Ted Trevino,Consumer,Algeria,Africa,Africa,OFF-STO-10000007,Office Supplies,Fasteners,10,1,0,4.26,0.74,Medium,2011
ES-2011-4942506,2011-08-15,2011-08-17,Second Class,Evan Henry,Consumer,Germany,EU,Central,FUR-CH-10001237,Furniture,Chairs,1306,9,0.1,260.98,158.54,High,2011
IN-2011-28906,2011-08-15,2011-08-17,First Class,Kristen Hastings,Corporate,Australia,APAC,Oceania,FUR-CH-10000430,Furniture,Chairs,453,3,0.1,146.09,136.79,High,2011
ES-2011-2302372,2011-08-15,2011-08-15,Same Day,Jill Fjeld,Consumer,United Kingdom,EU,North,OFF-BI-10004195,Office Supplies,Binders,339,7,0,101.64,87.72,Critical,2011
ES-2011-2302372,2011-08-15,2011-08-15,Same Day,Jill Fjeld,Consumer,United Kingdom,EU,North,FUR-BO-10004199,Furniture,Bookcases,431,3,0,12.87,64.74,Critical,2011
ES-2011-2302372,2011-08-15,2011-08-15,Same Day,Jill Fjeld,Consumer,United Kingdom,EU,North,FUR-BO-10001287,Furniture,Bookcases,169,1,0,64.14,60.25,Critical,2011
ES-2011-5630309,2011-08-15,2011-08-16,First Class,Paul Stevenson,Home Office,United Kingdom,EU,North,TEC-AC-10000863,Technology,Accessories,176,3,0,19.35,43.95,High,2011
IN-2011-77668,2011-08-15,2011-08-22,Standard Class,Henry MacAllister,Consumer,China,APAC,North Asia,TEC-PH-10003572,Technology,Phones,392,6,0,160.74,38.8,Low,2011
ES-2011-2571502,2011-08-15,2011-08-17,Second Class,Paul Gonzalez,Consumer,Italy,EU,South,OFF-ST-10004489,Office Supplies,Storage,238,2,0.4,19.8,33.46,High,2011
CA-2011-109043,2011-08-15,2011-08-17,First Class,Christine Sundaresam,Consumer,United States,US,South,OFF-AP-10004708,Office Supplies,Appliances,152,5,0.2,17.13,26.77,High,2011
IN-2011-77668,2011-08-15,2011-08-22,Standard Class,Henry MacAllister,Consumer,China,APAC,North Asia,TEC-AC-10002086,Technology,Accessories,396,5,0,190.2,26.08,Low,2011
IR-2011-5130,2011-08-15,2011-08-22,Standard Class,Joni Sundaresam,Home Office,Iran,EMEA,EMEA,TEC-OKI-10002736,Technology,Machines,173,1,0,20.73,25.8,Low,2011
US-2011-164406,2011-08-15,2011-08-19,Standard Class,Brian Dahlen,Consumer,United States,US,West,OFF-AP-10003287,Office Supplies,Appliances,153,3,0,42.81,20.47,High,2011
US-2011-164406,2011-08-15,2011-08-19,Standard Class,Brian Dahlen,Consumer,United States,US,West,FUR-CH-10003833,Furniture,Chairs,195,4,0.2,-12.2,16.65,High,2011
SG-2011-1770,2011-08-15,2011-08-18,First Class,Brian Moss,Corporate,Senegal,Africa,Africa,TEC-HP -10002095,Technology,Copiers,245,1,0,83.34,16.51,Medium,2011
IN-2011-77668,2011-08-15,2011-08-22,Standard Class,Henry MacAllister,Consumer,China,APAC,North Asia,OFF-EN-10003537,Office Supplies,Envelopes,192,7,0,57.33,15.99,Low,2011
CA-2011-109043,2011-08-15,2011-08-17,First Class,Christine Sundaresam,Consumer,United States,US,South,OFF-PA-10000312,Office Supplies,Paper,91,5,0.2,29.69,14.78,High,2011
MX-2011-115840,2011-08-15,2011-08-22,Standard Class,Neola Schneider,Consumer,Mexico,LATAM,North,FUR-BO-10003631,Furniture,Bookcases,159,2,0.2,11.91,14.65,Medium,2011
US-2011-158498,2011-08-15,2011-08-20,Standard Class,Jim Mitchum,Corporate,Peru,LATAM,South,FUR-TA-10004249,Furniture,Tables,188,2,0.7,-218.84,14.42,Medium,2011
ES-2011-2302372,2011-08-15,2011-08-15,Same Day,Jill Fjeld,Consumer,United Kingdom,EU,North,OFF-BI-10000179,Office Supplies,Binders,56,2,0,18.42,13.08,Critical,2011
ES-2011-2324896,2011-08-15,2011-08-15,Same Day,Frank Carlisle,Home Office,United Kingdom,EU,North,OFF-BI-10004195,Office Supplies,Binders,97,2,0,29.04,12.35,Medium,2011
ES-2011-1579115,2011-08-15,2011-08-21,Standard Class,Matt Collins,Consumer,Germany,EU,Central,TEC-CO-10002601,Technology,Copiers,191,1,0,26.73,11.24,Medium,2011
CA-2011-141005,2011-08-15,2011-08-18,First Class,Christine Sundaresam,Consumer,United States,US,East,OFF-BI-10001989,Office Supplies,Binders,63,3,0,30.21,9.61,High,2011
US-2011-164406,2011-08-15,2011-08-19,Standard Class,Brian Dahlen,Consumer,United States,US,West,OFF-PA-10000167,Office Supplies,Paper,93,3,0,41.82,9.38,High,2011
US-2011-158498,2011-08-15,2011-08-20,Standard Class,Jim Mitchum,Corporate,Peru,LATAM,South,OFF-BI-10002455,Office Supplies,Binders,89,7,0.4,-36.9,8.27,Medium,2011
IN-2011-18987,2011-08-15,2011-08-17,First Class,Laurel Elliston,Consumer,Philippines,APAC,Southeast Asia,OFF-PA-10002461,Office Supplies,Paper,33,4,0.45,-9.02,7.7,Medium,2011
IN-2011-18987,2011-08-15,2011-08-17,First Class,Laurel Elliston,Consumer,Philippines,APAC,Southeast Asia,TEC-CO-10001472,Technology,Copiers,466,3,0.35,100.37,6.48,Medium,2011
SG-2011-1770,2011-08-15,2011-08-18,First Class,Brian Moss,Corporate,Senegal,Africa,Africa,OFF-ADV-10002299,Office Supplies,Fasteners,32,2,0,8.64,6.39,Medium,2011
RS-2011-7560,2011-08-15,2011-08-19,Standard Class,Kelly Collister,Consumer,Russia,EMEA,EMEA,OFF-FIS-10002949,Office Supplies,Supplies,58,4,0,0.48,6.13,High,2011
US-2011-164406,2011-08-15,2011-08-19,Standard Class,Brian Dahlen,Consumer,United States,US,West,OFF-BI-10003638,Office Supplies,Binders,46,3,0.2,15.09,5.57,High,2011
SG-2011-1770,2011-08-15,2011-08-18,First Class,Brian Moss,Corporate,Senegal,Africa,Africa,FUR-RUB-10002021,Furniture,Furnishings,32,2,0,12.66,5.36,Medium,2011
ES-2011-2571502,2011-08-15,2011-08-17,Second Class,Paul Gonzalez,Consumer,Italy,EU,South,OFF-EN-10004649,Office Supplies,Envelopes,104,3,0,2.07,3.09,High,2011
ES-2011-1579115,2011-08-15,2011-08-21,Standard Class,Matt Collins,Consumer,Germany,EU,Central,OFF-SU-10002346,Office Supplies,Supplies,41,3,0,3.24,1.83,Medium,2011
US-2011-164406,2011-08-15,2011-08-19,Standard Class,Brian Dahlen,Consumer,United States,US,West,OFF-BI-10002309,Office Supplies,Binders,18,4,0.2,6.25,1.76,High,2011
CA-2011-138023,2011-08-15,2011-08-18,First Class,Keith Herrera,Consumer,United States,US,Central,OFF-BI-10003638,Office Supplies,Binders,31,8,0.8,-52.63,1.7,Medium,2011
RS-2011-1260,2011-08-15,2011-08-19,Standard Class,Cari MacIntyre,Corporate,Russia,EMEA,EMEA,OFF-WIL-10002787,Office Supplies,Binders,13,1,0,5.07,1.47,High,2011
MX-2011-115840,2011-08-15,2011-08-22,Standard Class,Neola Schneider,Consumer,Mexico,LATAM,North,OFF-SU-10003632,Office Supplies,Supplies,10,1,0,2.56,0.53,Medium,2011
US-2011-158498,2011-08-15,2011-08-20,Standard Class,Jim Mitchum,Corporate,Peru,LATAM,South,OFF-SU-10002032,Office Supplies,Supplies,11,2,0.4,-3.34,0.52,Medium,2011
ES-2011-1712442,2011-08-16,2011-08-21,Standard Class,Alice McCarthy,Corporate,United Kingdom,EU,North,TEC-PH-10001396,Technology,Phones,4453,7,0,1424.85,433.41,Medium,2011
IN-2011-26176,2011-08-16,2011-08-20,Standard Class,Ken Brennan,Corporate,India,APAC,Central Asia,FUR-BO-10001934,Furniture,Bookcases,3274,9,0,261.9,351.08,Medium,2011
MX-2011-118983,2011-08-16,2011-08-17,First Class,Alan Dominguez,Home Office,Brazil,LATAM,South,FUR-CH-10004993,Furniture,Chairs,537,5,0,145,128.49,High,2011
CA-2011-142839,2011-08-16,2011-08-20,Standard Class,Troy Staebel,Consumer,United States,US,East,FUR-TA-10001539,Furniture,Tables,853,6,0.4,-227.49,85.4,High,2011
ES-2011-4292823,2011-08-16,2011-08-21,Standard Class,Doug Bickford,Consumer,Germany,EU,Central,TEC-CO-10002269,Technology,Copiers,669,5,0.1,289.98,60.49,Medium,2011
MX-2011-118983,2011-08-16,2011-08-17,First Class,Alan Dominguez,Home Office,Brazil,LATAM,South,FUR-CH-10000788,Furniture,Chairs,266,3,0,5.28,57.57,High,2011
MX-2011-146332,2011-08-16,2011-08-19,First Class,Alyssa Crouse,Corporate,Cuba,LATAM,Caribbean,TEC-PH-10002572,Technology,Phones,226,2,0,97.2,38.43,High,2011
AG-2011-1390,2011-08-16,2011-08-21,Standard Class,Duane Huffman,Home Office,Algeria,Africa,Africa,OFF-SAN-10001237,Office Supplies,Paper,581,12,0,220.68,35.32,Medium,2011
ES-2011-1881074,2011-08-16,2011-08-20,Standard Class,Muhammed Lee,Consumer,Germany,EU,Central,OFF-ST-10004377,Office Supplies,Storage,510,4,0.1,90.59,30.04,Medium,2011
MX-2011-146332,2011-08-16,2011-08-19,First Class,Alyssa Crouse,Corporate,Cuba,LATAM,Caribbean,TEC-AC-10003044,Technology,Accessories,158,4,0,20.48,19.88,High,2011
ES-2011-1712442,2011-08-16,2011-08-21,Standard Class,Alice McCarthy,Corporate,United Kingdom,EU,North,OFF-ST-10001478,Office Supplies,Storage,268,2,0,24.12,18.78,Medium,2011
IN-2011-26176,2011-08-16,2011-08-20,Standard Class,Ken Brennan,Corporate,India,APAC,Central Asia,FUR-CH-10002966,Furniture,Chairs,180,1,0,5.4,15.88,Medium,2011
US-2011-122385,2011-08-16,2011-08-20,Standard Class,James Galang,Consumer,Dominican Republic,LATAM,Caribbean,OFF-AR-10003096,Office Supplies,Art,148,6,0.2,12.86,15.36,Medium,2011
ZA-2011-2290,2011-08-16,2011-08-20,Standard Class,Dan Campbell,Consumer,Zambia,Africa,Africa,OFF-TEN-10003089,Office Supplies,Storage,133,1,0,23.97,9.9,Medium,2011
US-2011-117702,2011-08-16,2011-08-19,First Class,Alyssa Crouse,Corporate,Brazil,LATAM,South,TEC-AC-10001106,Technology,Accessories,63,4,0.6,-74.32,8.59,Medium,2011
ES-2011-1881074,2011-08-16,2011-08-20,Standard Class,Muhammed Lee,Consumer,Germany,EU,Central,OFF-AR-10001529,Office Supplies,Art,112,4,0,12.24,8.26,Medium,2011
IN-2011-26176,2011-08-16,2011-08-20,Standard Class,Ken Brennan,Corporate,India,APAC,Central Asia,FUR-FU-10001770,Furniture,Furnishings,98,2,0,48.9,7.98,Medium,2011
ES-2011-1712442,2011-08-16,2011-08-21,Standard Class,Alice McCarthy,Corporate,United Kingdom,EU,North,OFF-AR-10001599,Office Supplies,Art,205,4,0,39,7.77,Medium,2011
US-2011-122385,2011-08-16,2011-08-20,Standard Class,James Galang,Consumer,Dominican Republic,LATAM,Caribbean,OFF-EN-10004870,Office Supplies,Envelopes,106,5,0.2,-2.68,7.14,Medium,2011
IN-2011-37614,2011-08-16,2011-08-20,Standard Class,Adam Shillingsburg,Consumer,India,APAC,Central Asia,TEC-AC-10002255,Technology,Accessories,69,1,0,26.25,6.79,Medium,2011
ES-2011-3215372,2011-08-16,2011-08-17,First Class,Alyssa Crouse,Corporate,Spain,EU,South,FUR-FU-10000295,Furniture,Furnishings,51,3,0,12.24,5.9,Medium,2011
MX-2011-161669,2011-08-16,2011-08-19,First Class,Dorothy Wardle,Corporate,Brazil,LATAM,South,FUR-BO-10002235,Furniture,Bookcases,96,1,0,34.72,4.43,Medium,2011
ID-2011-54974,2011-08-16,2011-08-21,Standard Class,Karen Carlisle,Corporate,Indonesia,APAC,Southeast Asia,OFF-LA-10003435,Office Supplies,Labels,32,7,0.47,-7.51,3.3,Medium,2011
US-2011-117702,2011-08-16,2011-08-19,First Class,Alyssa Crouse,Corporate,Brazil,LATAM,South,TEC-PH-10001846,Technology,Phones,90,2,0.6,-38.47,2.77,Medium,2011
PL-2011-7440,2011-08-16,2011-08-21,Standard Class,Laurel Elliston,Consumer,Poland,EMEA,EMEA,FUR-ELD-10003843,Furniture,Furnishings,58,1,0,10.44,2.65,Medium,2011
ES-2011-1881074,2011-08-16,2011-08-20,Standard Class,Muhammed Lee,Consumer,Germany,EU,Central,OFF-FA-10004754,Office Supplies,Fasteners,32,2,0,8.64,2.48,Medium,2011
AG-2011-1390,2011-08-16,2011-08-21,Standard Class,Duane Huffman,Home Office,Algeria,Africa,Africa,OFF-IBI-10000440,Office Supplies,Binders,26,2,0,1.8,2.41,Medium,2011
ES-2011-1881074,2011-08-16,2011-08-20,Standard Class,Muhammed Lee,Consumer,Germany,EU,Central,OFF-ST-10002608,Office Supplies,Storage,29,3,0.1,8.66,1.78,Medium,2011
ES-2011-1712442,2011-08-16,2011-08-21,Standard Class,Alice McCarthy,Corporate,United Kingdom,EU,North,OFF-ST-10002905,Office Supplies,Storage,48,2,0,5.76,1.24,Medium,2011
ZA-2011-2290,2011-08-16,2011-08-20,Standard Class,Dan Campbell,Consumer,Zambia,Africa,Africa,OFF-STO-10004495,Office Supplies,Fasteners,14,1,0,4.17,1.07,Medium,2011
IS-2011-9900,2011-08-16,2011-08-23,Standard Class,Joel Eaton,Consumer,Israel,EMEA,EMEA,OFF-ELD-10003918,Office Supplies,Storage,16,1,0,1.59,0.93,Medium,2011
PL-2011-7440,2011-08-16,2011-08-21,Standard Class,Laurel Elliston,Consumer,Poland,EMEA,EMEA,OFF-ACC-10001285,Office Supplies,Binders,9,1,0,1.35,0.89,Medium,2011
PL-2011-7440,2011-08-16,2011-08-21,Standard Class,Laurel Elliston,Consumer,Poland,EMEA,EMEA,OFF-AVE-10004570,Office Supplies,Binders,11,1,0,3.42,0.86,Medium,2011
ES-2011-1712442,2011-08-16,2011-08-21,Standard Class,Alice McCarthy,Corporate,United Kingdom,EU,North,OFF-BI-10001055,Office Supplies,Binders,12,2,0,3.72,0.71,Medium,2011
RS-2011-8730,2011-08-17,2011-08-19,First Class,Alejandro Savely,Corporate,Russia,EMEA,EMEA,FUR-HAR-10004086,Furniture,Chairs,955,10,0,152.7,243.85,Critical,2011
IN-2011-78312,2011-08-17,2011-08-17,Same Day,Sylvia Foulston,Corporate,Australia,APAC,Oceania,FUR-CH-10000430,Furniture,Chairs,756,5,0.1,243.48,175.98,Critical,2011
IT-2011-1298611,2011-08-17,2011-08-22,Standard Class,Delfina Latchford,Consumer,Netherlands,EU,Central,FUR-BO-10000279,Furniture,Bookcases,1648,8,0.5,-626.52,157.46,Medium,2011
TU-2011-660,2011-08-17,2011-08-19,First Class,Muhammed Yedwab,Corporate,Turkey,EMEA,EMEA,FUR-DAN-10004510,Furniture,Bookcases,579,4,0.6,-361.94,116.87,High,2011
IN-2011-78312,2011-08-17,2011-08-17,Same Day,Sylvia Foulston,Corporate,Australia,APAC,Oceania,OFF-EN-10004744,Office Supplies,Envelopes,189,5,0.1,20.96,70.64,Critical,2011
TU-2011-660,2011-08-17,2011-08-19,First Class,Muhammed Yedwab,Corporate,Turkey,EMEA,EMEA,TEC-HP -10001574,Technology,Copiers,240,2,0.6,-119.99,31.45,High,2011
ES-2011-5335590,2011-08-17,2011-08-23,Standard Class,Toby Gnade,Consumer,France,EU,Central,OFF-ST-10001025,Office Supplies,Storage,195,4,0.1,60.74,26.1,Low,2011
ES-2011-5335590,2011-08-17,2011-08-23,Standard Class,Toby Gnade,Consumer,France,EU,Central,FUR-FU-10002655,Furniture,Furnishings,220,5,0,8.7,25.83,Low,2011
IN-2011-38202,2011-08-17,2011-08-23,Standard Class,Darrin Van Huff,Corporate,Australia,APAC,Oceania,TEC-CO-10000786,Technology,Copiers,288,1,0.1,28.77,22.22,Medium,2011
IN-2011-28920,2011-08-17,2011-08-19,First Class,Ricardo Sperren,Corporate,Afghanistan,APAC,Central Asia,OFF-PA-10001370,Office Supplies,Paper,83,4,0,8.28,21.21,Critical,2011
TU-2011-6350,2011-08-17,2011-08-21,Standard Class,Dave Hallsten,Corporate,Turkey,EMEA,EMEA,OFF-ELD-10000151,Office Supplies,Storage,102,2,0.6,-122.81,17.68,High,2011
PL-2011-5970,2011-08-17,2011-08-19,Second Class,Lauren Leatherbury,Consumer,Poland,EMEA,EMEA,TEC-KON-10002482,Technology,Machines,83,1,0,34.98,10.53,Medium,2011
IN-2011-38202,2011-08-17,2011-08-23,Standard Class,Darrin Van Huff,Corporate,Australia,APAC,Oceania,OFF-BI-10002632,Office Supplies,Binders,139,3,0.1,26.24,9.58,Medium,2011
IZ-2011-6540,2011-08-17,2011-08-21,Standard Class,Charles McCrossin,Consumer,Iraq,EMEA,EMEA,OFF-WIL-10002787,Office Supplies,Binders,54,4,0,20.28,7.49,High,2011
CG-2011-7550,2011-08-17,2011-08-21,Standard Class,Fred Chung,Corporate,Democratic Republic of the Congo,Africa,Africa,OFF-ELI-10001176,Office Supplies,Supplies,73,2,0,10.92,7.3,Medium,2011
ID-2011-60833,2011-08-17,2011-08-17,Same Day,Toby Carlisle,Consumer,China,APAC,North Asia,OFF-EN-10002081,Office Supplies,Envelopes,37,2,0.5,-34.23,7.23,Medium,2011
US-2011-168256,2011-08-17,2011-08-21,Second Class,Sibella Parks,Corporate,Honduras,LATAM,Central,OFF-AR-10001495,Office Supplies,Art,97,5,0.4,-34.08,6.5,Medium,2011
IZ-2011-6540,2011-08-17,2011-08-21,Standard Class,Charles McCrossin,Consumer,Iraq,EMEA,EMEA,OFF-ELD-10000819,Office Supplies,Storage,48,1,0,22.77,5.99,High,2011
ID-2011-60833,2011-08-17,2011-08-17,Same Day,Toby Carlisle,Consumer,China,APAC,North Asia,OFF-BI-10001067,Office Supplies,Binders,40,6,0.5,-21.6,5.97,Medium,2011
IN-2011-38202,2011-08-17,2011-08-23,Standard Class,Darrin Van Huff,Corporate,Australia,APAC,Oceania,TEC-AC-10001639,Technology,Accessories,107,3,0.1,9.5,5.81,Medium,2011
CA-2011-111500,2011-08-17,2011-08-21,Standard Class,Don Jones,Corporate,United States,US,South,OFF-PA-10000595,Office Supplies,Paper,114,5,0,52.53,4.47,Medium,2011
IN-2011-38202,2011-08-17,2011-08-23,Standard Class,Darrin Van Huff,Corporate,Australia,APAC,Oceania,OFF-EN-10001789,Office Supplies,Envelopes,37,2,0.1,-0.86,4.41,Medium,2011
TU-2011-6350,2011-08-17,2011-08-21,Standard Class,Dave Hallsten,Corporate,Turkey,EMEA,EMEA,OFF-CUI-10001060,Office Supplies,Appliances,21,1,0.6,-14.98,2.37,High,2011
US-2011-168256,2011-08-17,2011-08-21,Second Class,Sibella Parks,Corporate,Honduras,LATAM,Central,OFF-BI-10002799,Office Supplies,Binders,22,4,0.4,-11.31,2.23,Medium,2011
CA-2011-111500,2011-08-17,2011-08-21,Standard Class,Don Jones,Corporate,United States,US,South,OFF-BI-10000829,Office Supplies,Binders,18,4,0,8.26,2.09,Medium,2011
CA-2011-129168,2011-08-17,2011-08-23,Standard Class,Ken Black,Corporate,United States,US,Central,OFF-PA-10001639,Office Supplies,Paper,16,3,0.2,5.44,1.68,Medium,2011
CG-2011-7550,2011-08-17,2011-08-21,Standard Class,Fred Chung,Corporate,Democratic Republic of the Congo,Africa,Africa,OFF-STA-10004163,Office Supplies,Art,23,1,0,7.95,1.62,Medium,2011
CG-2011-7550,2011-08-17,2011-08-21,Standard Class,Fred Chung,Corporate,Democratic Republic of the Congo,Africa,Africa,OFF-GRE-10001774,Office Supplies,Paper,30,1,0,10.71,1.23,Medium,2011
ES-2011-4421897,2011-08-17,2011-08-21,Standard Class,Michael Oakman,Consumer,Spain,EU,South,OFF-BI-10000894,Office Supplies,Binders,32,3,0,7.2,1.22,Medium,2011
TU-2011-1300,2011-08-17,2011-08-21,Standard Class,Juliana Krohn,Consumer,Turkey,EMEA,EMEA,OFF-BIN-10004563,Office Supplies,Art,11,1,0.6,-13.7,0.97,Medium,2011
TU-2011-1300,2011-08-17,2011-08-21,Standard Class,Juliana Krohn,Consumer,Turkey,EMEA,EMEA,OFF-ROG-10002682,Office Supplies,Storage,10,1,0.6,-14.67,0.64,Medium,2011
US-2011-168256,2011-08-17,2011-08-21,Second Class,Sibella Parks,Corporate,Honduras,LATAM,Central,OFF-BI-10003400,Office Supplies,Binders,5,1,0.4,-1.92,0.58,Medium,2011
CA-2011-111500,2011-08-17,2011-08-21,Standard Class,Don Jones,Corporate,United States,US,South,OFF-FA-10002676,Office Supplies,Fasteners,13,7,0,4.56,0.38,Medium,2011
MX-2011-148635,2011-08-18,2011-08-21,First Class,Katrina Edelman,Corporate,El Salvador,LATAM,Central,TEC-CO-10000534,Technology,Copiers,1122,7,0,20.15,178.32,Medium,2011
ES-2011-2720307,2011-08-18,2011-08-23,Standard Class,Stuart Calhoun,Consumer,France,EU,Central,TEC-CO-10000070,Technology,Copiers,1569,7,0.15,184.52,147.72,Medium,2011
IN-2011-49689,2011-08-18,2011-08-22,Standard Class,Tamara Willingham,Home Office,China,APAC,North Asia,OFF-AP-10001274,Office Supplies,Appliances,924,3,0,397.35,98.34,High,2011
ID-2011-84402,2011-08-18,2011-08-19,First Class,Shahid Hopkins,Consumer,Australia,APAC,Oceania,OFF-ST-10004577,Office Supplies,Storage,499,4,0.4,-232.78,81.94,Critical,2011
ES-2011-3737786,2011-08-18,2011-08-20,Second Class,Paul Prost,Home Office,Germany,EU,Central,TEC-CO-10003608,Technology,Copiers,640,2,0,159.9,67.22,Medium,2011
IN-2011-45048,2011-08-18,2011-08-22,Standard Class,Shirley Jackson,Consumer,Singapore,APAC,Southeast Asia,FUR-BO-10001753,Furniture,Bookcases,605,5,0,266.25,56.38,Medium,2011
IT-2011-2753313,2011-08-18,2011-08-22,Standard Class,Nick Radford,Consumer,United Kingdom,EU,North,TEC-PH-10002456,Technology,Phones,382,3,0.1,-0.01,42.6,High,2011
IN-2011-45048,2011-08-18,2011-08-22,Standard Class,Shirley Jackson,Consumer,Singapore,APAC,Southeast Asia,TEC-PH-10001354,Technology,Phones,524,4,0,146.76,31.75,Medium,2011
ES-2011-2075610,2011-08-18,2011-08-22,Standard Class,Liz MacKendrick,Consumer,Germany,EU,Central,OFF-ST-10000130,Office Supplies,Storage,423,10,0.1,136.26,29.51,Medium,2011
ES-2011-2075610,2011-08-18,2011-08-22,Standard Class,Liz MacKendrick,Consumer,Germany,EU,Central,OFF-ST-10001648,Office Supplies,Storage,197,4,0.1,-10.94,23.26,Medium,2011
IN-2011-45048,2011-08-18,2011-08-22,Standard Class,Shirley Jackson,Consumer,Singapore,APAC,Southeast Asia,TEC-PH-10001354,Technology,Phones,262,2,0,73.38,22.27,Medium,2011
IT-2011-1088680,2011-08-18,2011-08-22,Standard Class,Jeremy Lonsdale,Consumer,Netherlands,EU,Central,OFF-AP-10003298,Office Supplies,Appliances,140,4,0.5,-25.2,14.94,Medium,2011
IN-2011-37880,2011-08-18,2011-08-23,Standard Class,Raymond Buch,Consumer,Indonesia,APAC,Southeast Asia,TEC-AC-10003034,Technology,Accessories,346,8,0.47,6.53,13.89,Medium,2011
ID-2011-84402,2011-08-18,2011-08-19,First Class,Shahid Hopkins,Consumer,Australia,APAC,Oceania,OFF-EN-10003729,Office Supplies,Envelopes,61,4,0.4,-9.14,10.72,Critical,2011
MX-2011-157903,2011-08-18,2011-08-22,Second Class,Harold Pawlan,Home Office,Dominican Republic,LATAM,Caribbean,OFF-SU-10001892,Office Supplies,Supplies,56,3,0.2,-2.8,10.11,High,2011
IN-2011-45048,2011-08-18,2011-08-22,Standard Class,Shirley Jackson,Consumer,Singapore,APAC,Southeast Asia,TEC-MA-10003975,Technology,Machines,162,2,0,74.46,9.65,Medium,2011
ES-2011-1930667,2011-08-18,2011-08-20,Second Class,Gary Hansen,Home Office,United Kingdom,EU,North,TEC-MA-10003326,Technology,Machines,72,2,0.1,3.98,9.09,Medium,2011
ES-2011-2075610,2011-08-18,2011-08-22,Standard Class,Liz MacKendrick,Consumer,Germany,EU,Central,TEC-PH-10004263,Technology,Phones,304,2,0,75.9,8.31,Medium,2011
ES-2011-2075610,2011-08-18,2011-08-22,Standard Class,Liz MacKendrick,Consumer,Germany,EU,Central,OFF-BI-10002354,Office Supplies,Binders,102,7,0,33.6,8.21,Medium,2011
IN-2011-64585,2011-08-18,2011-08-22,Second Class,Emily Phan,Consumer,Australia,APAC,Oceania,OFF-PA-10000731,Office Supplies,Paper,70,4,0.1,13.19,6.83,Medium,2011
MX-2011-157903,2011-08-18,2011-08-22,Second Class,Harold Pawlan,Home Office,Dominican Republic,LATAM,Caribbean,OFF-BI-10001422,Office Supplies,Binders,75,5,0.2,15.06,6.74,High,2011
ID-2011-54834,2011-08-18,2011-08-22,Standard Class,Vicky Freymann,Home Office,Philippines,APAC,Southeast Asia,FUR-FU-10004074,Furniture,Furnishings,94,5,0.25,-1.39,6.37,Medium,2011
MX-2011-148635,2011-08-18,2011-08-21,First Class,Katrina Edelman,Corporate,El Salvador,LATAM,Central,OFF-PA-10001685,Office Supplies,Paper,45,5,0,16.9,6.1,Medium,2011
MX-2011-148635,2011-08-18,2011-08-21,First Class,Katrina Edelman,Corporate,El Salvador,LATAM,Central,OFF-FA-10001727,Office Supplies,Fasteners,37,5,0,0,4.43,Medium,2011
IN-2011-33211,2011-08-18,2011-08-22,Second Class,Cyma Kinney,Corporate,Malaysia,APAC,Southeast Asia,OFF-FA-10004698,Office Supplies,Fasteners,21,2,0,0.6,3.03,High,2011
ES-2011-1930667,2011-08-18,2011-08-20,Second Class,Gary Hansen,Home Office,United Kingdom,EU,North,OFF-FA-10002728,Office Supplies,Fasteners,25,2,0.1,9.99,2.8,Medium,2011
MO-2011-6300,2011-08-18,2011-08-23,Standard Class,Patrick ODonnell,Consumer,Morocco,Africa,Africa,FUR-NOV-10003053,Furniture,Chairs,48,1,0,11.55,2.13,Medium,2011
IN-2011-85718,2011-08-18,2011-08-23,Standard Class,Thomas Boland,Corporate,New Zealand,APAC,Oceania,OFF-EN-10003733,Office Supplies,Envelopes,100,2,0,44.82,1.73,Medium,2011
MO-2011-6300,2011-08-18,2011-08-23,Standard Class,Patrick ODonnell,Consumer,Morocco,Africa,Africa,OFF-AVE-10000585,Office Supplies,Labels,18,2,0,5.7,0.8,Medium,2011
AU-2011-790,2011-08-18,2011-08-22,Standard Class,Darrin Sayre,Home Office,Austria,EMEA,EMEA,OFF-KRA-10002752,Office Supplies,Envelopes,8,1,0,1.23,0.69,Medium,2011
NI-2011-9390,2011-08-18,2011-08-22,Standard Class,Dan Campbell,Consumer,Nigeria,Africa,Africa,TEC-ENE-10000690,Technology,Accessories,100,4,0.7,-123.88,0.26,Medium,2011
TU-2011-4000,2011-08-18,2011-08-24,Standard Class,Yana Sorensen,Corporate,Turkey,EMEA,EMEA,OFF-ACC-10004538,Office Supplies,Binders,5,1,0.6,-4.13,0.19,Medium,2011
ES-2011-2075610,2011-08-18,2011-08-22,Standard Class,Liz MacKendrick,Consumer,Germany,EU,Central,OFF-PA-10003956,Office Supplies,Paper,17,1,0,2.64,0.18,Medium,2011
IN-2011-12043,2011-08-19,2011-08-23,Standard Class,Cari Sayre,Corporate,China,APAC,North Asia,FUR-CH-10002250,Furniture,Chairs,2337,5,0,1098.45,228.16,Medium,2011
IN-2011-12043,2011-08-19,2011-08-23,Standard Class,Cari Sayre,Corporate,China,APAC,North Asia,FUR-CH-10000027,Furniture,Chairs,1836,4,0,238.68,195.25,Medium,2011
IN-2011-12043,2011-08-19,2011-08-23,Standard Class,Cari Sayre,Corporate,China,APAC,North Asia,FUR-BO-10003029,Furniture,Bookcases,1938,5,0,135.6,170.38,Medium,2011
IN-2011-42759,2011-08-19,2011-08-19,Same Day,Tiffany House,Corporate,Australia,APAC,Oceania,TEC-PH-10001428,Technology,Phones,359,5,0.1,11.84,113.45,High,2011
MX-2011-135783,2011-08-19,2011-08-24,Standard Class,Ritsa Hightower,Consumer,Dominican Republic,LATAM,Caribbean,FUR-BO-10004113,Furniture,Bookcases,700,4,0.4,81.58,45.09,Medium,2011
US-2011-156559,2011-08-19,2011-08-26,Standard Class,Lena Hernandez,Consumer,United States,US,South,FUR-BO-10000711,Furniture,Bookcases,639,9,0,172.48,42.26,Low,2011
IN-2011-28451,2011-08-19,2011-08-23,Standard Class,Stuart Van,Corporate,Japan,APAC,North Asia,OFF-AP-10001018,Office Supplies,Appliances,494,1,0,217.44,41,High,2011
CA-2011-133158,2011-08-19,2011-08-21,Second Class,David Wiener,Corporate,United States,US,West,FUR-FU-10000723,Furniture,Furnishings,289,7,0,26.03,32.46,Medium,2011
IN-2011-12043,2011-08-19,2011-08-23,Standard Class,Cari Sayre,Corporate,China,APAC,North Asia,OFF-EN-10000645,Office Supplies,Envelopes,243,7,0,63,19.61,Medium,2011
US-2011-143581,2011-08-19,2011-08-23,Standard Class,Bill Shonely,Corporate,United States,US,South,OFF-ST-10000991,Office Supplies,Storage,345,3,0,10.35,18.21,Medium,2011
ID-2011-74784,2011-08-19,2011-08-21,Second Class,Cassandra Brandow,Consumer,Papua New Guinea,APAC,Oceania,TEC-AC-10003407,Technology,Accessories,52,4,0.5,-37.44,15.25,Critical,2011
IN-2011-28451,2011-08-19,2011-08-23,Standard Class,Stuart Van,Corporate,Japan,APAC,North Asia,OFF-BI-10002243,Office Supplies,Binders,147,5,0,63.3,13.44,High,2011
ES-2011-4257071,2011-08-19,2011-08-25,Standard Class,Paul Stevenson,Home Office,United Kingdom,EU,North,OFF-BI-10001639,Office Supplies,Binders,76,5,0,10.5,13.2,Low,2011
US-2011-164616,2011-08-19,2011-08-21,Second Class,Maxwell Schwartz,Consumer,United States,US,East,OFF-BI-10001718,Office Supplies,Binders,77,4,0.7,-58.86,10.62,Critical,2011
CA-2011-133158,2011-08-19,2011-08-21,Second Class,David Wiener,Corporate,United States,US,West,OFF-BI-10000632,Office Supplies,Binders,69,2,0.2,22.57,8.71,Medium,2011
ES-2011-2246685,2011-08-19,2011-08-22,Second Class,Rick Reed,Corporate,Spain,EU,South,OFF-AR-10000091,Office Supplies,Art,66,3,0,11.88,8.09,High,2011
IN-2011-12043,2011-08-19,2011-08-23,Standard Class,Cari Sayre,Corporate,China,APAC,North Asia,FUR-CH-10003846,Furniture,Chairs,176,1,0,0,7.9,Medium,2011
IR-2011-7880,2011-08-19,2011-08-24,Standard Class,Jim Karlsson,Consumer,Iran,EMEA,EMEA,OFF-IBI-10003541,Office Supplies,Binders,51,1,0,4.62,4.74,Medium,2011
IR-2011-7880,2011-08-19,2011-08-24,Standard Class,Jim Karlsson,Consumer,Iran,EMEA,EMEA,FUR-RUB-10001796,Furniture,Furnishings,70,4,0,33.48,4.5,Medium,2011
IN-2011-12043,2011-08-19,2011-08-23,Standard Class,Cari Sayre,Corporate,China,APAC,North Asia,OFF-PA-10002373,Office Supplies,Paper,77,5,0,0,3.65,Medium,2011
US-2011-164616,2011-08-19,2011-08-21,Second Class,Maxwell Schwartz,Consumer,United States,US,East,OFF-SU-10004768,Office Supplies,Supplies,9,2,0.2,1.15,1.93,Critical,2011
MX-2011-135783,2011-08-19,2011-08-24,Standard Class,Ritsa Hightower,Consumer,Dominican Republic,LATAM,Caribbean,OFF-LA-10000897,Office Supplies,Labels,15,4,0.2,4.91,1.87,Medium,2011
MX-2011-135783,2011-08-19,2011-08-24,Standard Class,Ritsa Hightower,Consumer,Dominican Republic,LATAM,Caribbean,OFF-FA-10004924,Office Supplies,Fasteners,15,2,0.2,1.3,0.92,Medium,2011
CA-2011-121727,2011-08-19,2011-08-24,Standard Class,Jim Karlsson,Consumer,United States,US,East,OFF-AR-10004930,Office Supplies,Art,11,2,0.2,1.74,0.6,Medium,2011
IR-2011-7880,2011-08-19,2011-08-24,Standard Class,Jim Karlsson,Consumer,Iran,EMEA,EMEA,OFF-ELI-10000044,Office Supplies,Supplies,11,1,0,1.89,0.49,Medium,2011
IN-2011-28451,2011-08-19,2011-08-23,Standard Class,Stuart Van,Corporate,Japan,APAC,North Asia,OFF-EN-10003391,Office Supplies,Envelopes,52,2,0,22.32,0.36,High,2011
IN-2011-81028,2011-08-20,2011-08-24,Standard Class,Erica Hackney,Consumer,Australia,APAC,Oceania,FUR-BO-10004670,Furniture,Bookcases,730,2,0,124.02,37.99,Medium,2011
CA-2011-166716,2011-08-20,2011-08-25,Second Class,Craig Reiter,Consumer,United States,US,Central,FUR-CH-10004495,Furniture,Chairs,421,2,0.3,-6.02,37.14,Medium,2011
CA-2011-114321,2011-08-20,2011-08-25,Standard Class,Nick Crebassa,Corporate,United States,US,South,FUR-CH-10001797,Furniture,Chairs,500,13,0,145.07,29.5,Medium,2011
CA-2011-114321,2011-08-20,2011-08-25,Standard Class,Nick Crebassa,Corporate,United States,US,South,OFF-BI-10001359,Office Supplies,Binders,897,1,0,421.59,18.12,Medium,2011
IN-2011-81028,2011-08-20,2011-08-24,Standard Class,Erica Hackney,Consumer,Australia,APAC,Oceania,FUR-FU-10001260,Furniture,Furnishings,140,8,0,4.08,14.63,Medium,2011
IN-2011-22585,2011-08-20,2011-08-23,Second Class,Victor Preis,Home Office,India,APAC,Central Asia,OFF-ST-10004583,Office Supplies,Storage,145,3,0,7.2,11.09,Medium,2011
SF-2011-5640,2011-08-20,2011-08-23,First Class,Kristen Hastings,Corporate,South Africa,Africa,Africa,OFF-FIS-10003463,Office Supplies,Supplies,59,2,0,7.08,6.94,Medium,2011
SF-2011-5640,2011-08-20,2011-08-23,First Class,Kristen Hastings,Corporate,South Africa,Africa,Africa,OFF-ACC-10004713,Office Supplies,Fasteners,17,2,0,6.54,2.45,Medium,2011
SU-2011-4120,2011-08-20,2011-08-24,Second Class,Sylvia Foulston,Corporate,Sudan,Africa,Africa,OFF-FIS-10000628,Office Supplies,Supplies,16,1,0,5.28,2.16,High,2011
US-2011-102323,2011-08-20,2011-08-24,Standard Class,Gary Hwang,Consumer,Panama,LATAM,Central,OFF-EN-10004909,Office Supplies,Envelopes,32,4,0.4,2.62,2.13,Medium,2011
US-2011-102323,2011-08-20,2011-08-24,Standard Class,Gary Hwang,Consumer,Panama,LATAM,Central,FUR-FU-10000060,Furniture,Furnishings,16,2,0.4,-9.7,1.48,Medium,2011
US-2011-102323,2011-08-20,2011-08-24,Standard Class,Gary Hwang,Consumer,Panama,LATAM,Central,OFF-FA-10004924,Office Supplies,Fasteners,28,5,0.4,-6.02,0.95,Medium,2011
CA-2011-114321,2011-08-20,2011-08-25,Standard Class,Nick Crebassa,Corporate,United States,US,South,OFF-PA-10000246,Office Supplies,Paper,20,2,0,9.26,0.92,Medium,2011
US-2011-102323,2011-08-20,2011-08-24,Standard Class,Gary Hwang,Consumer,Panama,LATAM,Central,OFF-FA-10004186,Office Supplies,Fasteners,11,2,0.4,0.51,0.79,Medium,2011
ES-2011-2566881,2011-08-21,2011-08-21,Same Day,Frank Olsen,Consumer,France,EU,Central,OFF-ST-10004855,Office Supplies,Storage,895,5,0.1,178.95,203.67,High,2011
ES-2011-5340910,2011-08-21,2011-08-21,Same Day,Pamela Stobb,Consumer,Spain,EU,South,FUR-BO-10000936,Furniture,Bookcases,514,3,0,92.43,125.15,Critical,2011
ES-2011-2566881,2011-08-21,2011-08-21,Same Day,Frank Olsen,Consumer,France,EU,Central,OFF-AR-10000953,Office Supplies,Art,130,5,0,44.25,40.36,High,2011
ES-2011-5340910,2011-08-21,2011-08-21,Same Day,Pamela Stobb,Consumer,Spain,EU,South,OFF-ST-10000520,Office Supplies,Storage,107,7,0.1,8.27,24.47,Critical,2011
IT-2011-5361439,2011-08-21,2011-08-26,Standard Class,Tamara Manning,Consumer,Switzerland,EU,Central,FUR-FU-10003862,Furniture,Furnishings,265,5,0,2.55,22.46,Medium,2011
IT-2011-5361439,2011-08-21,2011-08-26,Standard Class,Tamara Manning,Consumer,Switzerland,EU,Central,TEC-PH-10002491,Technology,Phones,204,3,0,30.6,16.6,Medium,2011
ES-2011-5340910,2011-08-21,2011-08-21,Same Day,Pamela Stobb,Consumer,Spain,EU,South,FUR-FU-10000907,Furniture,Furnishings,57,1,0,24.87,15.99,Critical,2011
IN-2011-70864,2011-08-21,2011-08-26,Standard Class,Liz Pelletier,Consumer,Vietnam,APAC,Southeast Asia,FUR-CH-10004600,Furniture,Chairs,210,4,0.27,57.6,13.79,Medium,2011
IN-2011-70864,2011-08-21,2011-08-26,Standard Class,Liz Pelletier,Consumer,Vietnam,APAC,Southeast Asia,OFF-ST-10001638,Office Supplies,Storage,112,1,0.17,16.15,11.87,Medium,2011
ES-2011-5340910,2011-08-21,2011-08-21,Same Day,Pamela Stobb,Consumer,Spain,EU,South,OFF-PA-10001661,Office Supplies,Paper,68,2,0,7.44,10.57,Critical,2011
ES-2011-2566881,2011-08-21,2011-08-21,Same Day,Frank Olsen,Consumer,France,EU,Central,FUR-BO-10000895,Furniture,Bookcases,396,3,0.1,83.59,8.67,High,2011
IT-2011-5361439,2011-08-21,2011-08-26,Standard Class,Tamara Manning,Consumer,Switzerland,EU,Central,OFF-ST-10001195,Office Supplies,Storage,30,3,0,4.95,2.58,Medium,2011
ES-2011-2566881,2011-08-21,2011-08-21,Same Day,Frank Olsen,Consumer,France,EU,Central,OFF-LA-10000519,Office Supplies,Labels,8,1,0,1.56,0.56,High,2011
IN-2011-75526,2011-08-22,2011-08-28,Standard Class,Dario Medina,Corporate,India,APAC,Central Asia,TEC-PH-10002601,Technology,Phones,1928,3,0,77.13,131.22,Medium,2011
MX-2011-115826,2011-08-22,2011-08-26,Standard Class,Darrin Van Huff,Corporate,Mexico,LATAM,North,TEC-CO-10001001,Technology,Copiers,1395,7,0,150.92,93.32,Medium,2011
ES-2011-3937871,2011-08-22,2011-08-24,Second Class,Logan Currie,Consumer,United Kingdom,EU,North,OFF-AP-10000263,Office Supplies,Appliances,622,2,0,18.66,36.35,High,2011
MX-2011-148579,2011-08-22,2011-08-26,Standard Class,Liz Pelletier,Consumer,Mexico,LATAM,North,TEC-MA-10003730,Technology,Machines,216,2,0,97.12,26.6,High,2011
MX-2011-148579,2011-08-22,2011-08-26,Standard Class,Liz Pelletier,Consumer,Mexico,LATAM,North,TEC-PH-10001427,Technology,Phones,162,3,0,40.5,24.32,High,2011
IN-2011-59013,2011-08-22,2011-08-29,Standard Class,Dan Reichenbach,Corporate,China,APAC,North Asia,TEC-MA-10004424,Technology,Machines,255,3,0,40.77,24.31,Medium,2011
MX-2011-148579,2011-08-22,2011-08-26,Standard Class,Liz Pelletier,Consumer,Mexico,LATAM,North,TEC-AC-10004379,Technology,Accessories,137,7,0,28.7,20.42,High,2011
MX-2011-115826,2011-08-22,2011-08-26,Standard Class,Darrin Van Huff,Corporate,Mexico,LATAM,North,TEC-AC-10001754,Technology,Accessories,225,3,0,92.16,10.87,Medium,2011
IN-2011-75526,2011-08-22,2011-08-28,Standard Class,Dario Medina,Corporate,India,APAC,Central Asia,OFF-SU-10001731,Office Supplies,Supplies,80,3,0,39.24,7.88,Medium,2011
MX-2011-115826,2011-08-22,2011-08-26,Standard Class,Darrin Van Huff,Corporate,Mexico,LATAM,North,OFF-BI-10001504,Office Supplies,Binders,34,1,0,4.68,3.44,Medium,2011
ES-2011-1550182,2011-08-22,2011-08-26,Standard Class,Beth Paige,Consumer,France,EU,Central,OFF-BI-10003114,Office Supplies,Binders,21,3,0,10.26,3.42,High,2011
US-2011-140998,2011-08-22,2011-08-26,Standard Class,Alejandro Ballentine,Home Office,Brazil,LATAM,South,OFF-FA-10000700,Office Supplies,Fasteners,11,3,0.6,-15.12,1.49,High,2011
IN-2011-83443,2011-08-22,2011-08-24,Second Class,Charles Crestani,Consumer,New Zealand,APAC,Oceania,OFF-LA-10004181,Office Supplies,Labels,12,2,0,5.04,1.14,High,2011
ID-2011-76520,2011-08-22,2011-08-27,Standard Class,Ricardo Sperren,Corporate,Australia,APAC,Oceania,OFF-FA-10002177,Office Supplies,Fasteners,54,3,0.1,-1.2,1.08,Medium,2011
CA-2011-130918,2011-08-22,2011-08-24,Second Class,Jeremy Pistek,Consumer,United States,US,South,OFF-SU-10003936,Office Supplies,Supplies,8,3,0.2,-1.81,1.04,Critical,2011
CA-2011-123253,2011-08-22,2011-08-25,Second Class,Deanra Eno,Home Office,United States,US,East,OFF-AR-10002804,Office Supplies,Art,4,1,0.2,1.03,0.93,High,2011
US-2011-166828,2011-08-22,2011-08-25,First Class,Jennifer Ferguson,Consumer,United States,US,Central,OFF-PA-10001846,Office Supplies,Paper,12,2,0,5.66,0.92,Medium,2011
TU-2011-700,2011-08-22,2011-08-22,Same Day,Darren Powers,Consumer,Turkey,EMEA,EMEA,OFF-XER-10003104,Office Supplies,Paper,5,1,0.6,-6.05,0.73,High,2011
IN-2011-71060,2011-08-23,2011-08-28,Standard Class,Adam Hart,Corporate,Australia,APAC,Oceania,FUR-CH-10001871,Furniture,Chairs,811,9,0.1,-36.13,67.18,Medium,2011
TU-2011-660,2011-08-23,2011-08-25,First Class,Tracy Blumstein,Consumer,Turkey,EMEA,EMEA,TEC-MOT-10001342,Technology,Phones,229,4,0.6,-315.17,55.78,Critical,2011
ES-2011-3060159,2011-08-23,2011-08-29,Standard Class,Mick Crebagga,Consumer,Germany,EU,Central,OFF-PA-10000450,Office Supplies,Paper,238,7,0,97.23,25.17,Medium,2011
MX-2011-167143,2011-08-23,2011-08-27,Second Class,Trudy Brown,Consumer,Mexico,LATAM,North,FUR-BO-10001867,Furniture,Bookcases,199,3,0.2,17.42,18.81,Medium,2011
CA-2011-124737,2011-08-23,2011-08-27,Standard Class,Arthur Prichep,Consumer,United States,US,West,OFF-PA-10001125,Office Supplies,Paper,223,9,0.2,69.71,18.53,Medium,2011
IT-2011-5808077,2011-08-23,2011-08-29,Standard Class,Alan Hwang,Consumer,Netherlands,EU,Central,TEC-CO-10004154,Technology,Copiers,262,2,0.5,-204.24,18.46,Medium,2011
CA-2011-124737,2011-08-23,2011-08-27,Standard Class,Arthur Prichep,Consumer,United States,US,West,TEC-PH-10000149,Technology,Phones,144,9,0.2,10.77,16.43,Medium,2011
ID-2011-14220,2011-08-23,2011-08-29,Standard Class,Eleni McCrary,Corporate,Australia,APAC,Oceania,FUR-CH-10004584,Furniture,Chairs,254,3,0.1,92.95,16.14,Medium,2011
ID-2011-14220,2011-08-23,2011-08-29,Standard Class,Eleni McCrary,Corporate,Australia,APAC,Oceania,FUR-CH-10003123,Furniture,Chairs,143,3,0.1,11.07,9.53,Medium,2011
CA-2011-110639,2011-08-23,2011-08-23,Same Day,Rick Hansen,Consumer,United States,US,East,OFF-PA-10004530,Office Supplies,Paper,46,4,0,22.5,7.52,High,2011
IS-2011-500,2011-08-23,2011-08-27,Standard Class,Anthony Jacobs,Corporate,Israel,EMEA,EMEA,TEC-MEM-10000919,Technology,Accessories,72,1,0,2.85,6.81,High,2011
ES-2011-2225020,2011-08-23,2011-08-30,Standard Class,Fred Chung,Corporate,United Kingdom,EU,North,TEC-PH-10002419,Technology,Phones,149,2,0.1,36.28,5.76,Medium,2011
CA-2011-110639,2011-08-23,2011-08-23,Same Day,Rick Hansen,Consumer,United States,US,East,OFF-PA-10003936,Office Supplies,Paper,26,4,0,12.44,5.38,High,2011
CA-2011-154837,2011-08-23,2011-08-27,Second Class,Robert Barroso,Corporate,United States,US,West,OFF-BI-10001575,Office Supplies,Binders,50,2,0.2,17.35,4.36,Medium,2011
IN-2011-71060,2011-08-23,2011-08-28,Standard Class,Adam Hart,Corporate,Australia,APAC,Oceania,OFF-SU-10001535,Office Supplies,Supplies,63,2,0.1,4.18,3.81,Medium,2011
ES-2011-2225020,2011-08-23,2011-08-30,Standard Class,Fred Chung,Corporate,United Kingdom,EU,North,OFF-BI-10000179,Office Supplies,Binders,76,3,0.1,19.23,3.23,Medium,2011
CA-2011-124737,2011-08-23,2011-08-27,Standard Class,Arthur Prichep,Consumer,United States,US,West,OFF-PA-10000019,Office Supplies,Paper,31,6,0.2,10.89,2.95,Medium,2011
MO-2011-3170,2011-08-23,2011-08-25,Second Class,Lauren Leatherbury,Consumer,Morocco,Africa,Africa,OFF-STI-10004202,Office Supplies,Supplies,23,1,0,5.04,2.83,Medium,2011
ID-2011-14220,2011-08-23,2011-08-29,Standard Class,Eleni McCrary,Corporate,Australia,APAC,Oceania,TEC-AC-10000221,Technology,Accessories,105,1,0.1,12.79,2.64,Medium,2011
IN-2011-19323,2011-08-23,2011-08-27,Standard Class,Skye Norling,Home Office,China,APAC,North Asia,OFF-EN-10004144,Office Supplies,Envelopes,48,4,0,17.04,2.44,Medium,2011
US-2011-112795,2011-08-23,2011-08-28,Second Class,Corey Roper,Home Office,United States,US,Central,OFF-PA-10001934,Office Supplies,Paper,19,3,0,9.53,2.03,Medium,2011
ES-2011-1950038,2011-08-23,2011-08-27,Standard Class,Chris Cortes,Consumer,France,EU,Central,OFF-LA-10003210,Office Supplies,Labels,26,2,0,7.14,1.88,Medium,2011
ES-2011-4372047,2011-08-23,2011-08-28,Second Class,Kristina Nunn,Home Office,France,EU,Central,OFF-LA-10002733,Office Supplies,Labels,16,2,0,2.22,1.6,Medium,2011
MO-2011-3170,2011-08-23,2011-08-25,Second Class,Lauren Leatherbury,Consumer,Morocco,Africa,Africa,OFF-WIL-10003774,Office Supplies,Binders,13,2,0,3.3,1.2,Medium,2011
CA-2011-124737,2011-08-23,2011-08-27,Standard Class,Arthur Prichep,Consumer,United States,US,West,OFF-PA-10001837,Office Supplies,Paper,16,3,0.2,5.44,0.84,Medium,2011
ID-2011-14220,2011-08-23,2011-08-29,Standard Class,Eleni McCrary,Corporate,Australia,APAC,Oceania,OFF-LA-10003381,Office Supplies,Labels,11,1,0.1,-0.13,0.64,Medium,2011
CA-2011-124737,2011-08-23,2011-08-27,Standard Class,Arthur Prichep,Consumer,United States,US,West,OFF-SU-10004661,Office Supplies,Supplies,7,1,0.2,0.51,0.59,Medium,2011
MO-2011-3170,2011-08-23,2011-08-25,Second Class,Lauren Leatherbury,Consumer,Morocco,Africa,Africa,OFF-HAR-10001310,Office Supplies,Labels,9,1,0,1.98,0.48,Medium,2011
CA-2011-124737,2011-08-23,2011-08-27,Standard Class,Arthur Prichep,Consumer,United States,US,West,FUR-FU-10003274,Furniture,Furnishings,4,3,0.2,1.27,0.33,Medium,2011
MX-2011-145520,2011-08-24,2011-08-28,Standard Class,Parhena Norris,Home Office,Mexico,LATAM,North,TEC-MA-10000374,Technology,Machines,557,7,0,139.3,73.59,High,2011
IT-2011-1471798,2011-08-24,2011-08-24,Same Day,Caroline Jumper,Consumer,Italy,EU,South,TEC-PH-10004263,Technology,Phones,182,2,0.4,-45.56,69.97,Critical,2011
IZ-2011-180,2011-08-24,2011-08-30,Standard Class,David Wiener,Corporate,Iraq,EMEA,EMEA,TEC-APP-10004657,Technology,Phones,636,1,0,139.98,55.43,Medium,2011
IT-2011-2506333,2011-08-24,2011-08-28,Standard Class,Denise Monton,Corporate,Italy,EU,South,FUR-CH-10003365,Furniture,Chairs,744,4,0.6,-353.4,53.28,Medium,2011
MX-2011-145520,2011-08-24,2011-08-28,Standard Class,Parhena Norris,Home Office,Mexico,LATAM,North,TEC-CO-10000422,Technology,Copiers,190,2,0,83.22,41.81,High,2011
MX-2011-100384,2011-08-24,2011-08-30,Standard Class,Nat Gilpin,Corporate,Mexico,LATAM,North,FUR-BO-10004162,Furniture,Bookcases,275,3,0.2,72.08,41.05,Low,2011
IT-2011-2506333,2011-08-24,2011-08-28,Standard Class,Denise Monton,Corporate,Italy,EU,South,OFF-ST-10004482,Office Supplies,Storage,451,12,0.4,-75.17,33.3,Medium,2011
IT-2011-2506333,2011-08-24,2011-08-28,Standard Class,Denise Monton,Corporate,Italy,EU,South,TEC-PH-10004297,Technology,Phones,393,5,0.4,-190.14,23.27,Medium,2011
CG-2011-1390,2011-08-24,2011-08-29,Standard Class,Eric Barreto,Consumer,Democratic Republic of the Congo,Africa,Africa,OFF-BOS-10002340,Office Supplies,Art,158,6,0,64.8,14.36,Medium,2011
IT-2011-2506333,2011-08-24,2011-08-28,Standard Class,Denise Monton,Corporate,Italy,EU,South,OFF-ST-10002555,Office Supplies,Storage,119,1,0.4,17.84,12.76,Medium,2011
ID-2011-53154,2011-08-24,2011-08-27,Second Class,Darren Koutras,Consumer,Philippines,APAC,Southeast Asia,OFF-AR-10000027,Office Supplies,Art,61,4,0.45,-6.71,11.6,Critical,2011
ES-2011-1088527,2011-08-24,2011-08-29,Standard Class,Bryan Mills,Consumer,France,EU,Central,FUR-FU-10000039,Furniture,Furnishings,76,4,0,9,10.6,High,2011
TX-2011-390,2011-08-24,2011-08-24,Same Day,Joel Jenkins,Home Office,Turkmenistan,EMEA,EMEA,TEC-MEM-10001436,Technology,Accessories,31,1,0.7,-47.17,9.25,Critical,2011
IZ-2011-180,2011-08-24,2011-08-30,Standard Class,David Wiener,Corporate,Iraq,EMEA,EMEA,FUR-IKE-10002509,Furniture,Bookcases,142,1,0,22.68,7.6,Medium,2011
IT-2011-2506333,2011-08-24,2011-08-28,Standard Class,Denise Monton,Corporate,Italy,EU,South,OFF-ST-10000130,Office Supplies,Storage,85,3,0.4,-1.46,7.35,Medium,2011
IZ-2011-180,2011-08-24,2011-08-30,Standard Class,David Wiener,Corporate,Iraq,EMEA,EMEA,OFF-BIN-10000327,Office Supplies,Art,109,4,0,18.48,6.96,Medium,2011
MX-2011-100384,2011-08-24,2011-08-30,Standard Class,Nat Gilpin,Corporate,Mexico,LATAM,North,OFF-PA-10001178,Office Supplies,Paper,95,5,0,40.7,6.9,Low,2011
NI-2011-9240,2011-08-24,2011-08-29,Standard Class,Corey-Lock,Consumer,Nigeria,Africa,Africa,OFF-BOS-10000557,Office Supplies,Art,61,14,0.7,-75.22,6.64,Medium,2011
MZ-2011-2490,2011-08-24,2011-08-29,Standard Class,Sample Company A,Home Office,Mozambique,Africa,Africa,FUR-HAR-10003124,Furniture,Chairs,72,1,0,15.12,6.41,Medium,2011
MX-2011-163496,2011-08-24,2011-08-31,Standard Class,Angele Hood,Consumer,Brazil,LATAM,South,TEC-PH-10001575,Technology,Phones,87,2,0,31.32,6.13,Medium,2011
TX-2011-390,2011-08-24,2011-08-24,Same Day,Joel Jenkins,Home Office,Turkmenistan,EMEA,EMEA,OFF-KLE-10000552,Office Supplies,Supplies,14,1,0.7,-20.32,5.02,Critical,2011
CA-2011-120432,2011-08-24,2011-08-26,Second Class,Dorothy Wardle,Corporate,United States,US,South,OFF-SU-10004661,Office Supplies,Supplies,26,3,0,6.63,4.37,High,2011
IZ-2011-180,2011-08-24,2011-08-30,Standard Class,David Wiener,Corporate,Iraq,EMEA,EMEA,TEC-NOK-10001058,Technology,Phones,66,1,0,16.59,4.11,Medium,2011
ES-2011-4351964,2011-08-24,2011-08-28,Standard Class,Clay Cheatham,Consumer,United Kingdom,EU,North,OFF-AR-10001228,Office Supplies,Art,51,2,0,16.74,3.88,Medium,2011
MZ-2011-2490,2011-08-24,2011-08-29,Standard Class,Sample Company A,Home Office,Mozambique,Africa,Africa,OFF-STA-10001112,Office Supplies,Art,45,2,0,0,3.04,Medium,2011
CA-2011-107916,2011-08-24,2011-08-26,First Class,Jennifer Patt,Corporate,United States,US,East,OFF-BI-10001116,Office Supplies,Binders,13,3,0.2,4.44,2.92,Medium,2011
TX-2011-390,2011-08-24,2011-08-24,Same Day,Joel Jenkins,Home Office,Turkmenistan,EMEA,EMEA,OFF-ACC-10002220,Office Supplies,Binders,15,1,0.7,-20.97,2.69,Critical,2011
IZ-2011-180,2011-08-24,2011-08-30,Standard Class,David Wiener,Corporate,Iraq,EMEA,EMEA,OFF-TEN-10001031,Office Supplies,Storage,55,1,0,13.65,2.37,Medium,2011
NI-2011-9240,2011-08-24,2011-08-29,Standard Class,Corey-Lock,Consumer,Nigeria,Africa,Africa,FUR-BUS-10001876,Furniture,Bookcases,43,1,0.7,-89.75,2.35,Medium,2011
IT-2011-2506333,2011-08-24,2011-08-28,Standard Class,Denise Monton,Corporate,Italy,EU,South,OFF-ST-10001426,Office Supplies,Storage,51,5,0.4,5.88,2.28,Medium,2011
CA-2011-107916,2011-08-24,2011-08-26,First Class,Jennifer Patt,Corporate,United States,US,East,FUR-FU-10004586,Furniture,Furnishings,13,2,0,6.37,2.04,Medium,2011
MZ-2011-2490,2011-08-24,2011-08-29,Standard Class,Sample Company A,Home Office,Mozambique,Africa,Africa,OFF-SME-10001652,Office Supplies,Storage,48,1,0,6.18,1.78,Medium,2011
IZ-2011-180,2011-08-24,2011-08-30,Standard Class,David Wiener,Corporate,Iraq,EMEA,EMEA,OFF-HON-10001783,Office Supplies,Labels,24,2,0,11.28,1.72,Medium,2011
US-2011-134950,2011-08-24,2011-08-28,Standard Class,Pierre Wener,Consumer,Panama,LATAM,Central,OFF-AR-10001402,Office Supplies,Art,23,3,0.4,-11.78,1.58,High,2011
MZ-2011-2490,2011-08-24,2011-08-29,Standard Class,Sample Company A,Home Office,Mozambique,Africa,Africa,OFF-IBI-10001640,Office Supplies,Binders,14,2,0,6.84,1.55,Medium,2011
NI-2011-9240,2011-08-24,2011-08-29,Standard Class,Corey-Lock,Consumer,Nigeria,Africa,Africa,OFF-SAN-10003368,Office Supplies,Art,27,8,0.7,-41.04,1.49,Medium,2011
NI-2011-9240,2011-08-24,2011-08-29,Standard Class,Corey-Lock,Consumer,Nigeria,Africa,Africa,OFF-CAM-10002159,Office Supplies,Envelopes,18,2,0.7,-12.88,1.43,Medium,2011
CA-2011-106719,2011-08-24,2011-08-24,Same Day,Robert Barroso,Corporate,United States,US,West,OFF-BI-10002799,Office Supplies,Binders,8,2,0.2,2.69,1.4,Medium,2011
KZ-2011-730,2011-08-24,2011-08-27,Second Class,Patrick Ryan,Consumer,Kazakhstan,EMEA,EMEA,OFF-FEL-10002158,Office Supplies,Storage,8,1,0.7,-5.28,1.35,High,2011
MZ-2011-2490,2011-08-24,2011-08-29,Standard Class,Sample Company A,Home Office,Mozambique,Africa,Africa,OFF-EAT-10003094,Office Supplies,Paper,14,1,0,4.65,1.19,Medium,2011
MZ-2011-2490,2011-08-24,2011-08-29,Standard Class,Sample Company A,Home Office,Mozambique,Africa,Africa,OFF-HON-10001508,Office Supplies,Labels,10,1,0,0.18,0.68,Medium,2011
NI-2011-9240,2011-08-24,2011-08-29,Standard Class,Corey-Lock,Consumer,Nigeria,Africa,Africa,OFF-BOS-10002558,Office Supplies,Art,9,1,0.7,-16.32,0.56,Medium,2011
IZ-2011-180,2011-08-24,2011-08-30,Standard Class,David Wiener,Corporate,Iraq,EMEA,EMEA,OFF-XER-10004042,Office Supplies,Paper,13,1,0,4.23,0.49,Medium,2011
US-2011-121839,2011-08-24,2011-08-28,Standard Class,Pierre Wener,Consumer,Brazil,LATAM,South,OFF-AR-10004652,Office Supplies,Art,15,3,0.6,-19.36,0.42,Medium,2011
NI-2011-290,2011-08-24,2011-08-28,Standard Class,Maria Bertelson,Consumer,Nigeria,Africa,Africa,OFF-WIL-10003933,Office Supplies,Binders,4,1,0.7,-3.06,0.4,High,2011
KZ-2011-730,2011-08-24,2011-08-27,Second Class,Patrick Ryan,Consumer,Kazakhstan,EMEA,EMEA,OFF-WIL-10000979,Office Supplies,Binders,3,2,0.7,-4.51,0.35,High,2011
NI-2011-9240,2011-08-24,2011-08-29,Standard Class,Corey-Lock,Consumer,Nigeria,Africa,Africa,OFF-FEL-10000070,Office Supplies,Storage,12,2,0.7,-26.24,0.24,Medium,2011
IT-2011-1549226,2011-08-25,2011-08-28,First Class,Denise Leinenbach,Consumer,Netherlands,EU,Central,OFF-AR-10001759,Office Supplies,Art,327,14,0.5,-19.74,128.05,Critical,2011
IT-2011-1549226,2011-08-25,2011-08-28,First Class,Denise Leinenbach,Consumer,Netherlands,EU,Central,TEC-CO-10004154,Technology,Copiers,393,3,0.5,-306.36,95.31,Critical,2011
MX-2011-168312,2011-08-25,2011-08-30,Standard Class,Brendan Sweed,Corporate,El Salvador,LATAM,Central,FUR-BO-10002324,Furniture,Bookcases,796,8,0,270.72,77.85,Medium,2011
IN-2011-11770,2011-08-25,2011-08-29,Standard Class,Carlos Meador,Consumer,Thailand,APAC,Southeast Asia,TEC-PH-10004544,Technology,Phones,646,6,0.17,77.86,64.5,Medium,2011
ES-2011-2337809,2011-08-25,2011-08-29,Standard Class,Tim Brockman,Consumer,France,EU,Central,FUR-BO-10000728,Furniture,Bookcases,439,4,0.1,117.13,50.05,Medium,2011
CA-2011-103660,2011-08-25,2011-08-30,Standard Class,Mitch Webber,Consumer,United States,US,West,TEC-PH-10000895,Technology,Phones,1008,7,0.2,75.6,47.7,Medium,2011
IN-2011-77479,2011-08-25,2011-08-27,Second Class,Carl Weiss,Home Office,India,APAC,Central Asia,FUR-CH-10004163,Furniture,Chairs,424,5,0,84.6,47.43,High,2011
TU-2011-750,2011-08-25,2011-08-29,Standard Class,Becky Martin,Consumer,Turkey,EMEA,EMEA,TEC-EPS-10002212,Technology,Machines,277,6,0.6,-117.86,40.12,High,2011
IN-2011-79663,2011-08-25,2011-08-31,Standard Class,Steve Carroll,Home Office,Australia,APAC,Oceania,FUR-CH-10002091,Furniture,Chairs,821,5,0.1,218.72,33.2,Medium,2011
ES-2011-4942190,2011-08-25,2011-08-25,Same Day,Paul MacIntyre,Consumer,France,EU,Central,OFF-ST-10004482,Office Supplies,Storage,113,2,0.1,25.04,29,Critical,2011
CA-2011-115259,2011-08-25,2011-08-27,Second Class,Ryan Crowe,Consumer,United States,US,East,OFF-EN-10002504,Office Supplies,Envelopes,130,6,0.2,44.03,26.38,High,2011
IN-2011-79663,2011-08-25,2011-08-31,Standard Class,Steve Carroll,Home Office,Australia,APAC,Oceania,TEC-CO-10000663,Technology,Copiers,1342,5,0.1,-44.82,20.82,Medium,2011
IN-2011-23439,2011-08-25,2011-08-30,Standard Class,Mike Pelletier,Home Office,China,APAC,North Asia,FUR-CH-10000025,Furniture,Chairs,429,3,0,85.86,19.52,Medium,2011
IN-2011-77479,2011-08-25,2011-08-27,Second Class,Carl Weiss,Home Office,India,APAC,Central Asia,FUR-FU-10000815,Furniture,Furnishings,150,3,0,28.53,17.94,High,2011
MX-2011-168312,2011-08-25,2011-08-30,Standard Class,Brendan Sweed,Corporate,El Salvador,LATAM,Central,OFF-AP-10004245,Office Supplies,Appliances,379,1,0,124.92,17.13,Medium,2011
IN-2011-79663,2011-08-25,2011-08-31,Standard Class,Steve Carroll,Home Office,Australia,APAC,Oceania,TEC-MA-10004533,Technology,Machines,330,3,0.1,58.69,15.6,Medium,2011
CA-2011-104178,2011-08-25,2011-08-29,Standard Class,Janet Molinari,Corporate,United States,US,West,TEC-AC-10002399,Technology,Accessories,95,5,0,30.43,12.39,High,2011
IN-2011-77479,2011-08-25,2011-08-27,Second Class,Carl Weiss,Home Office,India,APAC,Central Asia,TEC-AC-10004938,Technology,Accessories,122,3,0,17.01,11.36,High,2011
IN-2011-79663,2011-08-25,2011-08-31,Standard Class,Steve Carroll,Home Office,Australia,APAC,Oceania,OFF-SU-10002448,Office Supplies,Supplies,115,3,0.1,11.48,9.95,Medium,2011
IN-2011-73671,2011-08-25,2011-08-30,Standard Class,Anemone Ratner,Consumer,Myanmar (Burma),APAC,Southeast Asia,TEC-AC-10004195,Technology,Accessories,144,6,0.47,-70.61,7.84,Medium,2011
ES-2011-1494790,2011-08-25,2011-08-25,Same Day,Lela Donovan,Corporate,Germany,EU,Central,OFF-SU-10001813,Office Supplies,Supplies,76,5,0,1.5,6.74,Medium,2011
IN-2011-73671,2011-08-25,2011-08-30,Standard Class,Anemone Ratner,Consumer,Myanmar (Burma),APAC,Southeast Asia,FUR-FU-10004074,Furniture,Furnishings,128,7,0.27,-5.44,6.45,Medium,2011
ID-2011-78193,2011-08-25,2011-08-31,Standard Class,Chris Selesnick,Corporate,Philippines,APAC,Southeast Asia,OFF-PA-10002514,Office Supplies,Paper,45,6,0.45,-10.61,5.98,Medium,2011
IN-2011-77479,2011-08-25,2011-08-27,Second Class,Carl Weiss,Home Office,India,APAC,Central Asia,OFF-LA-10001191,Office Supplies,Labels,34,4,0,12.6,5.32,High,2011
CA-2011-115259,2011-08-25,2011-08-27,Second Class,Ryan Crowe,Consumer,United States,US,East,OFF-FA-10000621,Office Supplies,Fasteners,40,14,0.2,14.53,5.14,High,2011
IT-2011-1549226,2011-08-25,2011-08-28,First Class,Denise Leinenbach,Consumer,Netherlands,EU,Central,OFF-BI-10003708,Office Supplies,Binders,19,3,0.5,-4.32,4.92,Critical,2011
IT-2011-1549226,2011-08-25,2011-08-28,First Class,Denise Leinenbach,Consumer,Netherlands,EU,Central,OFF-BI-10003058,Office Supplies,Binders,20,3,0.5,-3.6,4.86,Critical,2011
ES-2011-5483343,2011-08-25,2011-08-29,Standard Class,Thomas Seio,Corporate,United Kingdom,EU,North,OFF-AR-10003651,Office Supplies,Art,34,3,0,7.83,4.8,High,2011
MX-2011-160437,2011-08-25,2011-09-01,Standard Class,Carlos Soltero,Consumer,Dominican Republic,LATAM,Caribbean,OFF-BI-10004491,Office Supplies,Binders,60,9,0.2,12.82,4.49,Medium,2011
ID-2011-78193,2011-08-25,2011-08-31,Standard Class,Chris Selesnick,Corporate,Philippines,APAC,Southeast Asia,FUR-FU-10000921,Furniture,Furnishings,65,2,0.25,-14.03,4.19,Medium,2011
ES-2011-2972550,2011-08-25,2011-08-30,Standard Class,Pauline Chand,Home Office,Italy,EU,South,OFF-ST-10003641,Office Supplies,Storage,102,3,0.4,-25.45,3.84,Medium,2011
CA-2011-104178,2011-08-25,2011-08-29,Standard Class,Janet Molinari,Corporate,United States,US,West,OFF-ST-10004258,Office Supplies,Storage,49,4,0,13.19,3.81,High,2011
ID-2011-78193,2011-08-25,2011-08-31,Standard Class,Chris Selesnick,Corporate,Philippines,APAC,Southeast Asia,TEC-AC-10000284,Technology,Accessories,46,2,0.45,-13.45,3.45,Medium,2011
CA-2011-115259,2011-08-25,2011-08-27,Second Class,Ryan Crowe,Consumer,United States,US,East,OFF-PA-10004965,Office Supplies,Paper,24,3,0.2,7.49,3.3,High,2011
CA-2011-104178,2011-08-25,2011-08-29,Standard Class,Janet Molinari,Corporate,United States,US,West,OFF-PA-10004983,Office Supplies,Paper,26,4,0,12.44,3.11,High,2011
CA-2011-126200,2011-08-25,2011-08-29,Standard Class,Joe Elijah,Consumer,United States,US,Central,OFF-BI-10002133,Office Supplies,Binders,26,3,0.8,-39.8,3.05,Medium,2011
TU-2011-750,2011-08-25,2011-08-29,Standard Class,Becky Martin,Consumer,Turkey,EMEA,EMEA,FUR-RUB-10004285,Furniture,Furnishings,20,1,0.6,-22.12,2.63,High,2011
IZ-2011-5750,2011-08-25,2011-08-29,Standard Class,Sam Zeldin,Home Office,Iraq,EMEA,EMEA,OFF-ACC-10002343,Office Supplies,Binders,32,1,0,12.96,2.4,Medium,2011
IZ-2011-20,2011-08-25,2011-08-30,Standard Class,Eudokia Martin,Corporate,Iraq,EMEA,EMEA,OFF-IBI-10003191,Office Supplies,Binders,32,1,0,11.82,2.33,Medium,2011
ES-2011-2972550,2011-08-25,2011-08-30,Standard Class,Pauline Chand,Home Office,Italy,EU,South,OFF-EN-10000673,Office Supplies,Envelopes,47,3,0,21.24,2.32,Medium,2011
CA-2011-107398,2011-08-25,2011-08-30,Standard Class,Brendan Sweed,Corporate,United States,US,East,OFF-BI-10002103,Office Supplies,Binders,21,8,0.7,-16.68,2.16,Medium,2011
MX-2011-168312,2011-08-25,2011-08-30,Standard Class,Brendan Sweed,Corporate,El Salvador,LATAM,Central,OFF-AR-10003680,Office Supplies,Art,39,2,0,18.92,2.15,Medium,2011
MX-2011-160437,2011-08-25,2011-09-01,Standard Class,Carlos Soltero,Consumer,Dominican Republic,LATAM,Caribbean,OFF-SU-10001968,Office Supplies,Supplies,26,2,0.2,4.3,1.79,Medium,2011
ES-2011-2972550,2011-08-25,2011-08-30,Standard Class,Pauline Chand,Home Office,Italy,EU,South,OFF-BI-10004233,Office Supplies,Binders,31,4,0,12.84,1.46,Medium,2011
ES-2011-2972550,2011-08-25,2011-08-30,Standard Class,Pauline Chand,Home Office,Italy,EU,South,OFF-FA-10000227,Office Supplies,Fasteners,40,2,0,17.88,1.46,Medium,2011
CA-2011-115259,2011-08-25,2011-08-27,Second Class,Ryan Crowe,Consumer,United States,US,East,OFF-EN-10002600,Office Supplies,Envelopes,5,2,0.2,1.65,0.9,High,2011
IT-2011-3675195,2011-08-25,2011-08-31,Standard Class,Trudy Schmidt,Consumer,Netherlands,EU,Central,OFF-EN-10004120,Office Supplies,Envelopes,10,1,0.5,-5.03,0.81,Medium,2011
CA-2011-104178,2011-08-25,2011-08-29,Standard Class,Janet Molinari,Corporate,United States,US,West,FUR-FU-10000771,Furniture,Furnishings,6,1,0,2.64,0.68,High,2011
IZ-2011-20,2011-08-25,2011-08-30,Standard Class,Eudokia Martin,Corporate,Iraq,EMEA,EMEA,OFF-ACC-10004182,Office Supplies,Binders,9,1,0,1.95,0.62,Medium,2011
CA-2011-126200,2011-08-25,2011-08-29,Standard Class,Joe Elijah,Consumer,United States,US,Central,OFF-BI-10002225,Office Supplies,Binders,12,3,0.8,-19.81,0.57,Medium,2011
IZ-2011-20,2011-08-25,2011-08-30,Standard Class,Eudokia Martin,Corporate,Iraq,EMEA,EMEA,OFF-ACC-10001285,Office Supplies,Binders,17,2,0,2.7,0.57,Medium,2011
CA-2011-107398,2011-08-25,2011-08-30,Standard Class,Brendan Sweed,Corporate,United States,US,East,OFF-BI-10001982,Office Supplies,Binders,7,4,0.7,-4.57,0.5,Medium,2011
CA-2011-107398,2011-08-25,2011-08-30,Standard Class,Brendan Sweed,Corporate,United States,US,East,OFF-BI-10004141,Office Supplies,Binders,3,3,0.7,-2.29,0.17,Medium,2011
ES-2011-2075610,2011-08-26,2011-09-01,Standard Class,Jack Lebron,Consumer,France,EU,Central,FUR-CH-10003746,Furniture,Chairs,2473,6,0.1,604.35,159.34,Medium,2011
ES-2011-2075610,2011-08-26,2011-09-01,Standard Class,Jack Lebron,Consumer,France,EU,Central,OFF-AP-10003702,Office Supplies,Appliances,2224,5,0.1,321.24,110.73,Medium,2011
ES-2011-5235241,2011-08-26,2011-08-27,Same Day,Thomas Boland,Corporate,France,EU,Central,TEC-CO-10004034,Technology,Copiers,538,2,0.15,-19.02,70.11,High,2011
ES-2011-2075610,2011-08-26,2011-09-01,Standard Class,Jack Lebron,Consumer,France,EU,Central,OFF-ST-10000872,Office Supplies,Storage,865,7,0.1,-96.14,48.56,Medium,2011
ES-2011-2075610,2011-08-26,2011-09-01,Standard Class,Jack Lebron,Consumer,France,EU,Central,OFF-ST-10003446,Office Supplies,Storage,131,3,0.1,31.98,13.49,Medium,2011
ES-2011-5235241,2011-08-26,2011-08-27,Same Day,Thomas Boland,Corporate,France,EU,Central,OFF-SU-10004818,Office Supplies,Supplies,84,2,0,28.62,12.93,High,2011
ES-2011-3711955,2011-08-26,2011-08-30,Standard Class,Sanjit Engle,Consumer,Spain,EU,South,FUR-CH-10002610,Furniture,Chairs,259,2,0.2,-55.09,12.6,Medium,2011
IN-2011-51859,2011-08-26,2011-08-29,First Class,Sonia Cooley,Consumer,Indonesia,APAC,Southeast Asia,OFF-SU-10001382,Office Supplies,Supplies,66,3,0.47,-26.07,12.47,High,2011
ID-2011-37271,2011-08-26,2011-08-30,Standard Class,Shirley Daniels,Home Office,Thailand,APAC,Southeast Asia,TEC-CO-10003353,Technology,Copiers,154,2,0.37,-88.24,12.01,Medium,2011
US-2011-115413,2011-08-26,2011-09-01,Standard Class,Paul Prost,Home Office,United States,US,East,TEC-AC-10002800,Technology,Accessories,150,3,0,52.49,11.05,Medium,2011
ID-2011-37271,2011-08-26,2011-08-30,Standard Class,Shirley Daniels,Home Office,Thailand,APAC,Southeast Asia,FUR-FU-10002459,Furniture,Furnishings,160,5,0.27,-32.96,10.37,Medium,2011
CA-2011-123260,2011-08-26,2011-08-30,Standard Class,Frank Merwin,Home Office,United States,US,West,TEC-AC-10002323,Technology,Accessories,177,8,0,22.98,9.53,Medium,2011
ID-2011-37271,2011-08-26,2011-08-30,Standard Class,Shirley Daniels,Home Office,Thailand,APAC,Southeast Asia,FUR-CH-10000117,Furniture,Chairs,117,2,0.27,-14.41,8.11,Medium,2011
ES-2011-4801998,2011-08-26,2011-08-30,Second Class,Sanjit Engle,Consumer,France,EU,Central,OFF-ST-10000988,Office Supplies,Storage,71,3,0.1,31.68,7.15,Medium,2011
ES-2011-3711955,2011-08-26,2011-08-30,Standard Class,Sanjit Engle,Consumer,Spain,EU,South,OFF-AR-10004519,Office Supplies,Art,55,1,0,9.87,4.07,Medium,2011
ES-2011-5235241,2011-08-26,2011-08-27,Same Day,Thomas Boland,Corporate,France,EU,Central,OFF-AR-10000319,Office Supplies,Art,158,3,0,29.97,3.73,High,2011
ID-2011-37271,2011-08-26,2011-08-30,Standard Class,Shirley Daniels,Home Office,Thailand,APAC,Southeast Asia,OFF-EN-10001958,Office Supplies,Envelopes,46,7,0.47,-31.02,3.33,Medium,2011
ES-2011-4801998,2011-08-26,2011-08-30,Second Class,Sanjit Engle,Consumer,France,EU,Central,OFF-SU-10000877,Office Supplies,Supplies,189,7,0,45.36,3.09,Medium,2011
ES-2011-4894552,2011-08-26,2011-08-30,Standard Class,Eleni McCrary,Corporate,Germany,EU,Central,OFF-AR-10000399,Office Supplies,Art,53,1,0,23.16,2.68,Medium,2011
ES-2011-4156324,2011-08-26,2011-08-30,Second Class,Shahid Collister,Consumer,United Kingdom,EU,North,OFF-FA-10004474,Office Supplies,Fasteners,17,1,0,4.17,2,Medium,2011
ID-2011-37271,2011-08-26,2011-08-30,Standard Class,Shirley Daniels,Home Office,Thailand,APAC,Southeast Asia,OFF-FA-10000197,Office Supplies,Fasteners,38,5,0.47,-3,1.71,Medium,2011
IN-2011-51859,2011-08-26,2011-08-29,First Class,Sonia Cooley,Consumer,Indonesia,APAC,Southeast Asia,OFF-LA-10003141,Office Supplies,Labels,6,1,0.47,0.33,1.05,High,2011
UP-2011-6930,2011-08-26,2011-08-31,Standard Class,Tom Boeckenhauer,Consumer,Ukraine,EMEA,EMEA,OFF-KRA-10002085,Office Supplies,Envelopes,13,1,0,6,0.97,High,2011
ID-2011-37271,2011-08-26,2011-08-30,Standard Class,Shirley Daniels,Home Office,Thailand,APAC,Southeast Asia,OFF-LA-10000879,Office Supplies,Labels,22,5,0.47,-0.53,0.86,Medium,2011
CA-2011-103331,2011-08-26,2011-09-01,Standard Class,Karl Braun,Consumer,United States,US,East,FUR-FU-10001731,Furniture,Furnishings,11,4,0,4.06,0.86,Medium,2011
UP-2011-6930,2011-08-26,2011-08-31,Standard Class,Tom Boeckenhauer,Consumer,Ukraine,EMEA,EMEA,OFF-WIL-10002947,Office Supplies,Binders,6,1,0,0.51,0.81,High,2011
US-2011-115413,2011-08-26,2011-09-01,Standard Class,Paul Prost,Home Office,United States,US,East,OFF-AR-10003770,Office Supplies,Art,9,3,0,2.51,0.76,Medium,2011
IN-2011-53770,2011-08-26,2011-08-30,Standard Class,Darrin Sayre,Home Office,India,APAC,Central Asia,OFF-LA-10002703,Office Supplies,Labels,10,1,0,3.99,0.44,Medium,2011
CA-2011-103331,2011-08-26,2011-09-01,Standard Class,Karl Braun,Consumer,United States,US,East,OFF-PA-10002160,Office Supplies,Paper,17,3,0,8.5,0.39,Medium,2011
CA-2011-103331,2011-08-26,2011-09-01,Standard Class,Karl Braun,Consumer,United States,US,East,OFF-PA-10002659,Office Supplies,Paper,3,1,0,1.55,0.22,Medium,2011
CA-2011-124688,2011-08-27,2011-08-29,First Class,Corey Catlett,Corporate,United States,US,South,FUR-TA-10003569,Furniture,Tables,1203,3,0,300.74,237.41,Critical,2011
CA-2011-124688,2011-08-27,2011-08-29,First Class,Corey Catlett,Corporate,United States,US,South,TEC-PH-10000455,Technology,Phones,580,5,0,168.19,187.03,Critical,2011
ES-2011-3945713,2011-08-27,2011-08-29,Second Class,Doug OConnell,Consumer,Italy,EU,South,TEC-AC-10001100,Technology,Accessories,742,3,0,59.31,78.05,Medium,2011
ES-2011-3128239,2011-08-27,2011-09-02,Standard Class,Corey-Lock,Consumer,United Kingdom,EU,North,TEC-AC-10001100,Technology,Accessories,371,3,0.5,-311.67,49.88,Low,2011
ID-2011-49311,2011-08-27,2011-09-03,Standard Class,Harry Marie,Corporate,South Korea,APAC,North Asia,OFF-ST-10001567,Office Supplies,Storage,514,8,0.5,-82.2,47.93,Low,2011
ES-2011-5227949,2011-08-27,2011-09-02,Standard Class,Tamara Manning,Consumer,Italy,EU,South,FUR-BO-10004445,Furniture,Bookcases,630,5,0,132.3,41,Medium,2011
ES-2011-3081212,2011-08-27,2011-09-03,Standard Class,Victoria Wilson,Corporate,Finland,EU,North,FUR-CH-10001831,Furniture,Chairs,267,2,0,29.4,14.85,Medium,2011
CA-2011-143336,2011-08-27,2011-09-01,Second Class,Zuschuss Donatelli,Consumer,United States,US,West,TEC-PH-10001949,Technology,Phones,213,3,0.2,16.01,14.75,High,2011
ES-2011-4776761,2011-08-27,2011-09-02,Standard Class,Lela Donovan,Corporate,Germany,EU,Central,TEC-AC-10001666,Technology,Accessories,280,6,0,44.82,13.94,Medium,2011
ES-2011-3081212,2011-08-27,2011-09-03,Standard Class,Victoria Wilson,Corporate,Finland,EU,North,OFF-AP-10002238,Office Supplies,Appliances,275,4,0,8.16,10.86,Medium,2011
CA-2011-124688,2011-08-27,2011-08-29,First Class,Corey Catlett,Corporate,United States,US,South,FUR-FU-10002456,Furniture,Furnishings,29,4,0,12.52,7.96,Critical,2011
IN-2011-24188,2011-08-27,2011-09-01,Standard Class,Beth Paige,Consumer,Australia,APAC,Oceania,OFF-SU-10001697,Office Supplies,Supplies,67,3,0.1,14.08,6.72,Medium,2011
ID-2011-49311,2011-08-27,2011-09-03,Standard Class,Harry Marie,Corporate,South Korea,APAC,North Asia,OFF-SU-10003515,Office Supplies,Supplies,47,2,0.5,-36.42,5.16,Low,2011
CA-2011-143336,2011-08-27,2011-09-01,Second Class,Zuschuss Donatelli,Consumer,United States,US,West,OFF-BI-10002215,Office Supplies,Binders,23,4,0.2,7.38,3.21,High,2011
BO-2011-9310,2011-08-27,2011-09-02,Standard Class,Erica Smith,Consumer,Belarus,EMEA,EMEA,FUR-SAF-10002616,Furniture,Chairs,88,1,0,7.92,2.81,Medium,2011
ES-2011-3128239,2011-08-27,2011-09-02,Standard Class,Corey-Lock,Consumer,United Kingdom,EU,North,FUR-FU-10004421,Furniture,Furnishings,19,2,0.8,-34.07,1.95,Low,2011
CA-2011-143336,2011-08-27,2011-09-01,Second Class,Zuschuss Donatelli,Consumer,United States,US,West,OFF-AR-10003056,Office Supplies,Art,9,2,0,2.48,1.58,High,2011
CA-2011-101266,2011-08-27,2011-08-30,Second Class,Michael Moore,Consumer,United States,US,South,OFF-PA-10002986,Office Supplies,Paper,13,2,0,6.41,1.39,Medium,2011
BO-2011-9310,2011-08-27,2011-09-02,Standard Class,Erica Smith,Consumer,Belarus,EMEA,EMEA,OFF-ACC-10004182,Office Supplies,Binders,18,2,0,3.9,1.11,Medium,2011
ES-2011-3081212,2011-08-27,2011-09-03,Standard Class,Victoria Wilson,Corporate,Finland,EU,North,OFF-LA-10003290,Office Supplies,Labels,9,2,0,3.24,0.42,Medium,2011
ID-2011-66475,2011-08-29,2011-09-05,Standard Class,Brendan Murry,Corporate,Australia,APAC,Oceania,FUR-TA-10001494,Furniture,Tables,2301,7,0.3,-953.44,283.36,Low,2011
CM-2011-4220,2011-08-29,2011-09-02,Standard Class,Paul Van Hugh,Home Office,Cameroon,Africa,Africa,TEC-EPS-10004558,Technology,Machines,2453,8,0,809.28,189.54,Medium,2011
MX-2011-153794,2011-08-29,2011-08-29,Same Day,Russell Applegate,Consumer,Brazil,LATAM,South,TEC-CO-10000915,Technology,Copiers,195,2,0,17.21,27.22,Medium,2011
CA-2011-169775,2011-08-29,2011-09-02,Second Class,Ryan Akin,Consumer,United States,US,South,OFF-BI-10004390,Office Supplies,Binders,505,4,0.7,-336.78,26.29,Medium,2011
IT-2011-3941469,2011-08-29,2011-08-31,First Class,Lisa Hazard,Consumer,Netherlands,EU,Central,FUR-FU-10004608,Furniture,Furnishings,175,5,0.2,24,23.78,Medium,2011
IN-2011-78284,2011-08-29,2011-09-02,Standard Class,Karen Carlisle,Corporate,India,APAC,Central Asia,TEC-CO-10004267,Technology,Copiers,147,1,0,19.14,21.46,High,2011
ID-2011-50382,2011-08-29,2011-09-03,Standard Class,Sally Matthias,Consumer,Australia,APAC,Oceania,TEC-AC-10002335,Technology,Accessories,311,3,0.1,-24.16,20.1,Medium,2011
IN-2011-15053,2011-08-29,2011-09-03,Standard Class,Tom Zandusky,Corporate,Singapore,APAC,Southeast Asia,OFF-ST-10002791,Office Supplies,Storage,164,3,0,0,15.98,Medium,2011
ID-2011-84738,2011-08-29,2011-09-02,Standard Class,Shahid Hopkins,Consumer,New Zealand,APAC,Oceania,TEC-AC-10002756,Technology,Accessories,98,2,0.4,-26.12,15.92,High,2011
CA-2011-169775,2011-08-29,2011-09-02,Second Class,Ryan Akin,Consumer,United States,US,South,FUR-TA-10001857,Furniture,Tables,174,3,0.45,-110.76,15.43,Medium,2011
MX-2011-154536,2011-08-29,2011-09-01,Second Class,Heather Jas,Home Office,Mexico,LATAM,North,OFF-PA-10001164,Office Supplies,Paper,111,7,0,51.94,11.07,Medium,2011
IT-2011-3941469,2011-08-29,2011-08-31,First Class,Lisa Hazard,Consumer,Netherlands,EU,Central,OFF-AR-10001599,Office Supplies,Art,154,6,0.5,-95.58,10.81,Medium,2011
IN-2011-84549,2011-08-29,2011-09-03,Standard Class,Christopher Conant,Consumer,New Zealand,APAC,Oceania,TEC-PH-10001183,Technology,Phones,261,4,0,12.96,9.92,Medium,2011
IT-2011-5115918,2011-08-29,2011-08-30,First Class,Ken Heidel,Corporate,Ireland,EU,North,FUR-FU-10000468,Furniture,Furnishings,87,2,0.6,-106.02,8.49,Medium,2011
IN-2011-78284,2011-08-29,2011-09-02,Standard Class,Karen Carlisle,Corporate,India,APAC,Central Asia,OFF-FA-10004839,Office Supplies,Fasteners,78,4,0,24.12,8.28,High,2011
ID-2011-84738,2011-08-29,2011-09-02,Standard Class,Shahid Hopkins,Consumer,New Zealand,APAC,Oceania,TEC-AC-10000218,Technology,Accessories,64,2,0.4,-11.75,7.51,High,2011
EG-2011-1960,2011-08-29,2011-08-30,Same Day,Raymond Buch,Consumer,Egypt,Africa,Africa,OFF-KRA-10004892,Office Supplies,Envelopes,36,4,0,0,6.8,High,2011
CA-2011-135699,2011-08-29,2011-08-29,Same Day,Hilary Holden,Corporate,United States,US,West,OFF-PA-10004475,Office Supplies,Paper,110,2,0,53.86,6.2,Medium,2011
IN-2011-15053,2011-08-29,2011-09-03,Standard Class,Tom Zandusky,Corporate,Singapore,APAC,Southeast Asia,OFF-FA-10003186,Office Supplies,Fasteners,44,3,0,14.31,2.86,Medium,2011
CA-2011-169775,2011-08-29,2011-09-02,Second Class,Ryan Akin,Consumer,United States,US,South,OFF-EN-10001749,Office Supplies,Envelopes,30,2,0.2,10.81,2.44,Medium,2011
BO-2011-6900,2011-08-29,2011-09-03,Standard Class,Damala Kotsonis,Corporate,Belarus,EMEA,EMEA,OFF-IBI-10003191,Office Supplies,Binders,32,1,0,11.82,2.35,Medium,2011
CA-2011-135699,2011-08-29,2011-08-29,Same Day,Hilary Holden,Corporate,United States,US,West,OFF-PA-10003001,Office Supplies,Paper,13,2,0,6.41,2.21,Medium,2011
IN-2011-15053,2011-08-29,2011-09-03,Standard Class,Tom Zandusky,Corporate,Singapore,APAC,Southeast Asia,OFF-AR-10001329,Office Supplies,Art,31,2,0,9,2.05,Medium,2011
IN-2011-78284,2011-08-29,2011-09-02,Standard Class,Karen Carlisle,Corporate,India,APAC,Central Asia,OFF-BI-10001659,Office Supplies,Binders,22,3,0,3.87,1.56,High,2011
IR-2011-200,2011-08-29,2011-09-03,Standard Class,Andy Yotov,Corporate,Iran,EMEA,EMEA,OFF-ELD-10001293,Office Supplies,Storage,19,2,0,5.94,1.48,Medium,2011
RS-2011-7040,2011-08-30,2011-08-30,Same Day,Joe Kamberova,Consumer,Russia,EMEA,EMEA,FUR-CHR-10002686,Furniture,Tables,1782,4,0,873.36,266.4,High,2011
RS-2011-7040,2011-08-30,2011-08-30,Same Day,Joe Kamberova,Consumer,Russia,EMEA,EMEA,OFF-HOO-10003653,Office Supplies,Appliances,569,1,0,182.13,109.27,High,2011
MX-2011-120054,2011-08-30,2011-09-01,First Class,Skye Norling,Home Office,Brazil,LATAM,South,OFF-AP-10004245,Office Supplies,Appliances,757,2,0,249.84,104.69,High,2011
SU-2011-1150,2011-08-30,2011-09-01,Second Class,Dan Lawera,Consumer,Sudan,Africa,Africa,OFF-EAT-10002122,Office Supplies,Paper,395,8,0,94.56,101.52,Critical,2011
MX-2011-134488,2011-08-30,2011-09-03,Second Class,Jesus Ocampo,Home Office,Mexico,LATAM,North,FUR-TA-10002235,Furniture,Tables,501,2,0.2,31.26,80.71,High,2011
IN-2011-19421,2011-08-30,2011-09-01,Second Class,Shui Tom,Consumer,India,APAC,Central Asia,TEC-PH-10000840,Technology,Phones,729,4,0,225.84,63.55,High,2011
IN-2011-60063,2011-08-30,2011-09-03,Standard Class,Troy Staebel,Consumer,India,APAC,Central Asia,OFF-ST-10004837,Office Supplies,Storage,384,3,0,22.95,61.6,High,2011
KE-2011-860,2011-08-30,2011-09-06,Standard Class,Maya Herman,Corporate,Kenya,Africa,Africa,FUR-BUS-10004820,Furniture,Bookcases,415,1,0,20.76,53.21,Low,2011
IT-2011-1097469,2011-08-30,2011-09-05,Standard Class,Art Foster,Consumer,France,EU,Central,TEC-MA-10004534,Technology,Machines,683,3,0.15,-96.5,48.15,Medium,2011
IT-2011-4045107,2011-08-30,2011-09-06,Standard Class,Michael Grace,Home Office,Ireland,EU,North,TEC-CO-10003965,Technology,Copiers,221,3,0.5,-220.95,43.79,Low,2011
RS-2011-7040,2011-08-30,2011-08-30,Same Day,Joe Kamberova,Consumer,Russia,EMEA,EMEA,OFF-BIC-10002270,Office Supplies,Art,129,4,0,48.84,35.14,High,2011
RS-2011-7040,2011-08-30,2011-08-30,Same Day,Joe Kamberova,Consumer,Russia,EMEA,EMEA,FUR-ADV-10000190,Furniture,Furnishings,222,2,0,104.46,32.71,High,2011
MX-2011-107195,2011-08-30,2011-09-06,Standard Class,Sung Shariari,Consumer,Brazil,LATAM,South,TEC-PH-10003254,Technology,Phones,222,5,0,68.7,25.69,Low,2011
IN-2011-49563,2011-08-30,2011-09-01,Second Class,Christina Anderson,Consumer,China,APAC,North Asia,OFF-AR-10002665,Office Supplies,Art,146,6,0,8.64,21.21,High,2011
ES-2011-4753806,2011-08-30,2011-09-06,Standard Class,Dan Lawera,Consumer,United Kingdom,EU,North,OFF-ST-10001818,Office Supplies,Storage,291,6,0,37.8,20.33,Medium,2011
IN-2011-49563,2011-08-30,2011-09-01,Second Class,Christina Anderson,Consumer,China,APAC,North Asia,FUR-FU-10004820,Furniture,Furnishings,103,2,0,44.34,15.52,High,2011
IT-2011-1097469,2011-08-30,2011-09-05,Standard Class,Art Foster,Consumer,France,EU,Central,OFF-ST-10004996,Office Supplies,Storage,146,3,0.1,17.85,11.78,Medium,2011
TU-2011-8450,2011-08-30,2011-09-03,Standard Class,Sanjit Jacobs,Home Office,Turkey,EMEA,EMEA,FUR-IKE-10003642,Furniture,Bookcases,115,2,0.6,-163.97,11.75,Medium,2011
ID-2011-36172,2011-08-30,2011-09-03,Standard Class,Tom Zandusky,Corporate,Australia,APAC,Oceania,OFF-ST-10003206,Office Supplies,Storage,131,3,0.1,53.69,11.62,Medium,2011
ES-2011-4184901,2011-08-30,2011-09-01,Second Class,Aaron Bergman,Consumer,Italy,EU,South,OFF-SU-10002451,Office Supplies,Supplies,80,3,0,33.57,11.08,High,2011
ES-2011-4753806,2011-08-30,2011-09-06,Standard Class,Dan Lawera,Consumer,United Kingdom,EU,North,OFF-SU-10004435,Office Supplies,Supplies,134,3,0,45.63,10.22,Medium,2011
ES-2011-4184901,2011-08-30,2011-09-01,Second Class,Aaron Bergman,Consumer,Italy,EU,South,FUR-FU-10000039,Furniture,Furnishings,76,4,0,9,9.1,High,2011
SU-2011-1150,2011-08-30,2011-09-01,Second Class,Dan Lawera,Consumer,Sudan,Africa,Africa,OFF-NOV-10002258,Office Supplies,Labels,41,4,0,8.16,9.09,Critical,2011
IN-2011-49563,2011-08-30,2011-09-01,Second Class,Christina Anderson,Consumer,China,APAC,North Asia,OFF-PA-10003511,Office Supplies,Paper,63,3,0,31.59,9.05,High,2011
EZ-2011-2870,2011-08-30,2011-09-02,Second Class,Penelope Sewall,Home Office,Czech Republic,EMEA,EMEA,OFF-STA-10001791,Office Supplies,Art,36,2,0,12.12,8.9,Critical,2011
CA-2011-146500,2011-08-30,2011-09-04,Standard Class,Annie Thurman,Consumer,United States,US,East,OFF-ST-10000563,Office Supplies,Storage,96,3,0,9.59,8.54,Medium,2011
IT-2011-4045107,2011-08-30,2011-09-06,Standard Class,Michael Grace,Home Office,Ireland,EU,North,OFF-SU-10002710,Office Supplies,Supplies,85,4,0.5,-59.28,8.03,Low,2011
IN-2011-60063,2011-08-30,2011-09-03,Standard Class,Troy Staebel,Consumer,India,APAC,Central Asia,OFF-BI-10003340,Office Supplies,Binders,27,3,0,6.12,4.13,High,2011
US-2011-103933,2011-08-30,2011-09-03,Second Class,Khloe Miller,Consumer,Venezuela,LATAM,South,TEC-AC-10001013,Technology,Accessories,31,2,0.4,-14.38,3.7,Medium,2011
RS-2011-7040,2011-08-30,2011-08-30,Same Day,Joe Kamberova,Consumer,Russia,EMEA,EMEA,OFF-HAR-10001262,Office Supplies,Labels,43,4,0,17.16,3.43,High,2011
RS-2011-7040,2011-08-30,2011-08-30,Same Day,Joe Kamberova,Consumer,Russia,EMEA,EMEA,FUR-TEN-10000377,Furniture,Furnishings,19,1,0,2.25,2.81,High,2011
RS-2011-7040,2011-08-30,2011-08-30,Same Day,Joe Kamberova,Consumer,Russia,EMEA,EMEA,OFF-ADV-10003125,Office Supplies,Fasteners,11,1,0,1.71,2.36,High,2011
ID-2011-36172,2011-08-30,2011-09-03,Standard Class,Tom Zandusky,Corporate,Australia,APAC,Oceania,OFF-LA-10000195,Office Supplies,Labels,45,6,0.1,-4.59,2.16,Medium,2011
CA-2011-146500,2011-08-30,2011-09-04,Standard Class,Annie Thurman,Consumer,United States,US,East,OFF-BI-10002432,Office Supplies,Binders,25,5,0,11.89,2.01,Medium,2011
ID-2011-64704,2011-08-30,2011-09-04,Standard Class,Bobby Trafton,Consumer,Thailand,APAC,Southeast Asia,OFF-AR-10002665,Office Supplies,Art,26,2,0.47,-20.02,1.84,Medium,2011
US-2011-103933,2011-08-30,2011-09-03,Second Class,Khloe Miller,Consumer,Venezuela,LATAM,South,OFF-LA-10000190,Office Supplies,Labels,17,6,0.4,-3.5,1.76,Medium,2011
SU-2011-1150,2011-08-30,2011-09-01,Second Class,Dan Lawera,Consumer,Sudan,Africa,Africa,OFF-IBI-10001772,Office Supplies,Binders,8,1,0,3.09,1.54,Critical,2011
RS-2011-7040,2011-08-30,2011-08-30,Same Day,Joe Kamberova,Consumer,Russia,EMEA,EMEA,OFF-CAM-10001690,Office Supplies,Envelopes,8,1,0,0.66,1.53,High,2011
RS-2011-7040,2011-08-30,2011-08-30,Same Day,Joe Kamberova,Consumer,Russia,EMEA,EMEA,OFF-AVE-10004508,Office Supplies,Labels,5,1,0,0.84,1.49,High,2011
SF-2011-9500,2011-08-30,2011-09-01,Second Class,Jay Fein,Consumer,South Africa,Africa,Africa,OFF-STO-10004503,Office Supplies,Fasteners,53,4,0,21.84,1.29,High,2011
TU-2011-8450,2011-08-30,2011-09-03,Standard Class,Sanjit Jacobs,Home Office,Turkey,EMEA,EMEA,OFF-SAN-10000874,Office Supplies,Art,21,2,0.6,-12.94,1.22,Medium,2011
TU-2011-8450,2011-08-30,2011-09-03,Standard Class,Sanjit Jacobs,Home Office,Turkey,EMEA,EMEA,OFF-AME-10003167,Office Supplies,Envelopes,5,2,0.6,-4.68,0.5,Medium,2011
ES-2011-3734581,2011-08-30,2011-09-03,Standard Class,Anthony ODonnell,Corporate,United Kingdom,EU,North,OFF-BI-10003152,Office Supplies,Binders,10,2,0,4.08,0.38,Medium,2011
US-2011-158001,2011-08-31,2011-09-05,Standard Class,Michael Kennedy,Corporate,Venezuela,LATAM,South,FUR-TA-10004972,Furniture,Tables,768,8,0.7,-819.38,95.56,High,2011
IN-2011-30894,2011-08-31,2011-09-03,Second Class,Anne McFarland,Consumer,Thailand,APAC,Southeast Asia,FUR-CH-10000026,Furniture,Chairs,484,5,0.27,-152.45,62.81,Critical,2011
CG-2011-7670,2011-08-31,2011-09-03,First Class,Thea Hudgings,Corporate,Democratic Republic of the Congo,Africa,Africa,OFF-TEN-10000025,Office Supplies,Storage,204,1,0,53.07,33.2,Medium,2011
ES-2011-1401137,2011-08-31,2011-09-04,Standard Class,Doug OConnell,Consumer,Germany,EU,Central,OFF-ST-10000288,Office Supplies,Storage,374,2,0.1,141.26,30.33,Medium,2011
ES-2011-1539879,2011-08-31,2011-09-05,Standard Class,Carol Darley,Consumer,Germany,EU,Central,OFF-ST-10001478,Office Supplies,Storage,362,3,0.1,-4.07,28.74,Medium,2011
IN-2011-70269,2011-08-31,2011-09-04,Standard Class,Bruce Degenhardt,Consumer,Australia,APAC,Oceania,TEC-CO-10003682,Technology,Copiers,447,4,0.1,14.82,25.96,High,2011
IN-2011-30894,2011-08-31,2011-09-03,Second Class,Anne McFarland,Consumer,Thailand,APAC,Southeast Asia,FUR-FU-10001770,Furniture,Furnishings,71,2,0.27,22.48,25.14,Critical,2011
ES-2011-1539879,2011-08-31,2011-09-05,Standard Class,Carol Darley,Consumer,Germany,EU,Central,OFF-ST-10004377,Office Supplies,Storage,765,6,0.1,135.88,24.72,Medium,2011
IN-2011-30894,2011-08-31,2011-09-03,Second Class,Anne McFarland,Consumer,Thailand,APAC,Southeast Asia,OFF-BI-10002708,Office Supplies,Binders,61,5,0.17,4.38,22.82,Critical,2011
IN-2011-70269,2011-08-31,2011-09-04,Standard Class,Bruce Degenhardt,Consumer,Australia,APAC,Oceania,OFF-BI-10004986,Office Supplies,Binders,139,5,0.1,56.9,21.44,High,2011
IN-2011-47309,2011-08-31,2011-09-04,Second Class,Pierre Wener,Consumer,India,APAC,Central Asia,OFF-PA-10003381,Office Supplies,Paper,93,2,0,23.28,18.01,High,2011
MX-2011-131828,2011-08-31,2011-09-05,Second Class,Dorothy Wardle,Corporate,Nicaragua,LATAM,Central,TEC-CO-10002768,Technology,Copiers,196,1,0,56.41,17.59,Medium,2011
IN-2011-47309,2011-08-31,2011-09-04,Second Class,Pierre Wener,Consumer,India,APAC,Central Asia,OFF-BI-10003142,Office Supplies,Binders,77,6,0,0,12.59,High,2011
US-2011-158001,2011-08-31,2011-09-05,Standard Class,Michael Kennedy,Corporate,Venezuela,LATAM,South,OFF-ST-10000557,Office Supplies,Storage,59,9,0.4,-28.8,12.12,High,2011
ES-2011-1401137,2011-08-31,2011-09-04,Standard Class,Doug OConnell,Consumer,Germany,EU,Central,OFF-AR-10000176,Office Supplies,Art,114,6,0,40.86,6.76,Medium,2011
RS-2011-6190,2011-08-31,2011-09-05,Standard Class,Clay Cheatham,Consumer,Russia,EMEA,EMEA,OFF-SAN-10003687,Office Supplies,Art,183,4,0,84.12,6.57,Medium,2011
US-2011-158001,2011-08-31,2011-09-05,Standard Class,Michael Kennedy,Corporate,Venezuela,LATAM,South,OFF-PA-10001283,Office Supplies,Paper,40,6,0.4,1.27,6.54,High,2011
ID-2011-82897,2011-08-31,2011-09-04,Standard Class,Linda Cazamias,Corporate,New Zealand,APAC,Oceania,FUR-CH-10002410,Furniture,Chairs,169,2,0.4,-81.77,5.63,Medium,2011
ID-2011-20436,2011-08-31,2011-09-04,Second Class,Pauline Chand,Home Office,Indonesia,APAC,Southeast Asia,OFF-PA-10004815,Office Supplies,Paper,28,2,0.47,-9.01,5.25,High,2011
RS-2011-6190,2011-08-31,2011-09-05,Standard Class,Clay Cheatham,Consumer,Russia,EMEA,EMEA,OFF-ACM-10004587,Office Supplies,Supplies,50,2,0,23.34,4.43,Medium,2011
IN-2011-30894,2011-08-31,2011-09-03,Second Class,Anne McFarland,Consumer,Thailand,APAC,Southeast Asia,OFF-PA-10004260,Office Supplies,Paper,14,2,0.47,-2.73,3.91,Critical,2011
IN-2011-47309,2011-08-31,2011-09-04,Second Class,Pierre Wener,Consumer,India,APAC,Central Asia,OFF-LA-10002992,Office Supplies,Labels,39,4,0,0.36,3.77,High,2011
ES-2011-1539879,2011-08-31,2011-09-05,Standard Class,Carol Darley,Consumer,Germany,EU,Central,OFF-FA-10001551,Office Supplies,Fasteners,50,4,0,15.48,3.44,Medium,2011
IN-2011-70269,2011-08-31,2011-09-04,Standard Class,Bruce Degenhardt,Consumer,Australia,APAC,Oceania,OFF-FA-10001082,Office Supplies,Fasteners,24,3,0.1,-2.19,3.2,High,2011
ID-2011-55849,2011-08-31,2011-09-04,Standard Class,Bruce Geld,Consumer,Pakistan,APAC,Central Asia,FUR-TA-10000207,Furniture,Tables,375,4,0.8,-1218.38,0.25,Medium,2011
IN-2011-25070,2011-09-01,2011-09-06,Standard Class,Michael Nguyen,Consumer,China,APAC,North Asia,OFF-ST-10003295,Office Supplies,Storage,1429,7,0,371.49,194.36,High,2011
ES-2011-4993245,2011-09-01,2011-09-05,Second Class,Eric Murdock,Consumer,United Kingdom,EU,North,TEC-MA-10004669,Technology,Machines,1233,4,0,135.6,150.43,Medium,2011
IN-2011-25070,2011-09-01,2011-09-06,Standard Class,Michael Nguyen,Consumer,China,APAC,North Asia,OFF-ST-10004837,Office Supplies,Storage,768,6,0,45.9,102.29,High,2011
IN-2011-25070,2011-09-01,2011-09-06,Standard Class,Michael Nguyen,Consumer,China,APAC,North Asia,TEC-PH-10002042,Technology,Phones,1100,6,0,175.86,92.07,High,2011
MX-2011-126949,2011-09-01,2011-09-02,First Class,Ted Butterfield,Consumer,Nicaragua,LATAM,Central,OFF-PA-10004294,Office Supplies,Paper,183,9,0,3.6,44.76,High,2011
IN-2011-25070,2011-09-01,2011-09-06,Standard Class,Michael Nguyen,Consumer,China,APAC,North Asia,FUR-CH-10000974,Furniture,Chairs,474,1,0,142.08,42.96,High,2011
IT-2011-4081442,2011-09-01,2011-09-04,First Class,Fred Hopkins,Corporate,Norway,EU,North,OFF-ST-10002263,Office Supplies,Storage,243,4,0,119.04,41.83,Critical,2011
CA-2011-109855,2011-09-01,2011-09-05,Standard Class,Lena Hernandez,Consumer,United States,US,East,TEC-AC-10002842,Technology,Accessories,357,3,0,57.12,31.59,High,2011
CA-2011-3200,2011-09-01,2011-09-04,Second Class,Jill Stevenson,Corporate,Canada,Canada,Canada,TEC-APP-10002321,Technology,Phones,138,1,0,6.87,17.43,Medium,2011
MX-2011-141782,2011-09-01,2011-09-04,Second Class,Laurel Beltran,Home Office,Peru,LATAM,South,FUR-BO-10004082,Furniture,Bookcases,348,2,0.4,5.8,16.6,Medium,2011
MX-2011-141782,2011-09-01,2011-09-04,Second Class,Laurel Beltran,Home Office,Peru,LATAM,South,FUR-CH-10004095,Furniture,Chairs,186,1,0.4,-6.19,15.67,Medium,2011
IN-2011-82337,2011-09-01,2011-09-05,Standard Class,Dan Lawera,Consumer,New Zealand,APAC,Oceania,FUR-FU-10001098,Furniture,Furnishings,88,2,0,21.96,15.25,High,2011
MX-2011-110555,2011-09-01,2011-09-05,Standard Class,Erin Smith,Corporate,Mexico,LATAM,North,OFF-AP-10001049,Office Supplies,Appliances,125,3,0,40.02,11.55,Medium,2011
MX-2011-145380,2011-09-01,2011-09-06,Standard Class,Guy Phonely,Corporate,Nicaragua,LATAM,Central,OFF-ST-10003056,Office Supplies,Storage,78,5,0,3.8,10.55,High,2011
CA-2011-165428,2011-09-01,2011-09-04,First Class,Jack Lebron,Consumer,United States,US,Central,OFF-PA-10004100,Office Supplies,Paper,31,6,0.2,10.89,9.9,High,2011
IT-2011-4626649,2011-09-01,2011-09-05,Standard Class,Parhena N